Employee ID,Employee Name,Gender,Age,Department,Job Role,Job Level,Manager Name,City,State,Education,Employment Type,Work Mode,Joining Date,Joining Year ,Joining Month ,Service Years ,Joining Date Check,Experience (Years),Annual Salary (INR),Annual Salary Numeric ,Salary check ,Bonus (INR),Performance Rating,Promotion Eligible,Last Promotion Date,Attendance %,Attendance check ,Leave Balance (Days),Training Hours,Overtime Hours,Employee Status,Attrition,Exit Reason,Email ID,Phone Number,Record Created Date
EMP0001,Shivam Banerjee,Male,26,HR,Talent Acquisition Specialist,L1,Priya Nair,Ahmedabad,Gujarat,PhD,Permanent,Office,27-Sep-23,2023,9,2,valid,4.5,"₹ 5,15,000",515000,Valid,"₹ 30,900",3,No,28-Oct-24,89.2,valid,15,41,37.5,On Notice,No,,shivambanerjee.emp0001@examplecorp.in,-9636564085,26-Aug-26
EMP0002,Sneha Rao,Female,33,IT,Senior Software Engineer,L3,Arjun Mehta,Delhi,Delhi,Bachelor's,Permanent,Remote,25-Feb-26,2026,2,0,valid,8.5,"₹ 11,80,000",1180000,Valid,"₹ 1,65,200",2,No,,93.8,valid,4,49,67.1,Active,No,,sneharao.emp0002@examplecorp.in,-7952353750,26-Aug-26
EMP0003,Yash Singh,Male,34,Sales,Sales Operations Analyst,L2,Neha Kapoor,Mumbai,Maharashtra,High School,Permanent,Hybrid,20-Dec-21,2021,12,4,valid,9.8,"₹ 9,15,000",915000,Valid,"₹ 64,050",4,Yes,,100,valid,23,73,36.6,Active,No,,yashsingh.emp0003@examplecorp.in,-6283932419,26-Aug-26
EMP0004,Neha Das,Female,34,R&D,Product Researcher,L1,Dr. Meera Krishnan,Bangalore,Karnataka,MBA,Contract,Hybrid,14-Oct-25,2025,10,0,valid,10.4,"₹ 9,40,000",940000,Valid,"₹ 75,200",5,No,,98.6,valid,3,36,7.8,Active,No,,nehadas.emp0004@examplecorp.in,-9350537998,26-Aug-26
EMP0005,Sneha Chatterjee,Female,34,Legal,Legal Manager,L4,Ananya Rao,Hyderabad,Telangana,Diploma,Permanent,Office,15-Feb-22,2022,2,4,valid,11.8,"₹ 19,40,000",1940000,Valid,"₹ 97,000",4,Yes,,92.1,valid,12,64,23.5,Active,No,,snehachatterjee.emp0005@examplecorp.in,-7633067177,26-Aug-26
EMP0006,Rishabh Das,Male,34,Marketing,Content Strategist,L1,Rahul Iyer,Kolkata,West Bengal,PhD,Permanent,Hybrid,07-Dec-22,2022,12,3,valid,6.4,"₹ 7,75,000",775000,Valid,"₹ 69,750",4,Yes,,75.3,valid,8,30,22.4,Active,No,,rishabhdas.emp0006@examplecorp.in,-7650912444,26-Aug-26
EMP0007,Aditi Banerjee,Female,36,Sales,Key Account Manager,L4,Neha Kapoor,Bangalore,Karnataka,High School,Permanent,Hybrid,17-Mar-18,2018,3,8,valid,9.7,"₹ 12,55,000",1255000,Valid,"₹ 2,51,000",5,No,,76.9,valid,30,51,17.1,Active,No,,aditibanerjee.emp0007@examplecorp.in,-9267814870,26-Aug-26
EMP0008,Suresh Varma,Male,24,Sales,Sales Operations Analyst,L2,Neha Kapoor,Kolkata,West Bengal,Master's,Contract,Office,28-Aug-24,2024,8,2,valid,2.8,"₹ 7,20,000",720000,Valid,"₹ 86,400",2,No,,88.1,valid,10,28,42.2,Active,No,,sureshvarma.emp0008@examplecorp.in,-6167214452,26-Aug-26
EMP0009,Aisha Singh,Female,24,Marketing,Marketing Executive,L1,Rahul Iyer,Noida,Uttar Pradesh,PhD,Permanent,Hybrid,17-Feb-26,2026,2,0,valid,2.1,"₹ 5,05,000",505000,Valid,"₹ 50,500",4,No,,93,valid,4,86,11.3,Active,No,,aishasingh.emp0009@examplecorp.in,-7147806559,26-Aug-26
EMP0010,Bhavna Chandra,Female,29,Customer Support,Technical Support Specialist,L1,Rohit Bhatia,Coimbatore,Tamil Nadu,PhD,Permanent,Hybrid,19-Aug-26,2026,8,0,valid,1.3,"₹ 8,00,000",800000,Valid,"₹ 1,20,000",1,No,,87.8,valid,1,26,34.3,Resigned,Yes,Better Career Opportunity,bhavnachandra.emp0010@examplecorp.in,-8600500813,26-Aug-26
EMP0011,Anjali Jain,Female,39,Marketing,Marketing Manager,L5,Rahul Iyer,Coimbatore,Tamil Nadu,Bachelor's,Permanent,Remote,17-Jul-19,2019,7,7,valid,16.7,"₹ 18,30,000",1830000,Valid,"₹ 1,28,100",3,No,,84.2,valid,15,85,20.3,Active,No,,anjalijain.emp0011@examplecorp.in,-9915775012,26-Aug-26
EMP0012,Priyanka Banerjee,Female,35,Operations,Process Excellence Analyst,L1,Sanjay Verma,Kolkata,West Bengal,PhD,Permanent,Office,02-May-24,2024,5,2,valid,7.9,"₹ 10,25,000",1025000,Valid,"₹ 1,12,750",3,No,,90.4,valid,14,75,22,Active,No,,priyankabanerjee.emp0012@examplecorp.in,-9843988438,26-Aug-26
EMP0013,Radhika Shah,Female,33,IT,Systems Administrator,L1,Arjun Mehta,Delhi,Delhi,Diploma,Permanent,Hybrid,26-Sep-21,2021,9,4,valid,11.1,"₹ 7,55,000",755000,Valid,"₹ 37,750",3,No,,84.8,valid,27,84,69.4,Active,No,,radhikashah.emp0013@examplecorp.in,-9577490578,26-Aug-26
EMP0014,Rajesh Singh,Male,31,Customer Support,Support Team Lead,L3,Rohit Bhatia,Noida,Uttar Pradesh,MBA,Permanent,Hybrid,05-Feb-26,2026,2,0,valid,5.5,"₹ 7,20,000",720000,Valid,"₹ 1,15,200",1,No,,88,valid,29,78,41.5,Active,No,,rajeshsingh.emp0014@examplecorp.in,-9655439178,26-Aug-26
EMP0015,Sakshi Khan,Female,36,Finance,Finance Manager,L4,Vikram Shah,Mumbai,Maharashtra,Master's,Permanent,Remote,08-Aug-25,2025,8,1,valid,9.3,"₹ 21,95,000",2195000,Valid,"₹ 1,09,750",2,No,,83.5,valid,11,24,18.5,Active,No,,sakshikhan.emp0015@examplecorp.in,-9552028303,26-Aug-26
EMP0016,Aisha Mishra,Female,40,Admin,Administration Manager,L4,Kavita Joshi,Coimbatore,Tamil Nadu,Bachelor's,Permanent,Office,08-Oct-22,2022,10,3,valid,12.9,"₹ 10,65,000",1065000,Valid,"₹ 1,38,450",5,Yes,06-Sep-24,80.5,valid,3,98,24.3,Active,No,,aishamishra.emp0016@examplecorp.in,-7980484176,26-Aug-26
EMP0017,Varun Srinivasan,Male,32,Legal,Contract Specialist,L2,Ananya Rao,Chennai,Tamil Nadu,MBA,Permanent,Remote,16-Aug-24,2024,8,2,valid,7.2,"₹ 6,90,000",690000,Valid,"₹ 1,17,300",4,Yes,,88.6,valid,17,12,23.9,Active,No,,varunsrinivasan.emp0017@examplecorp.in,-8975437371,26-Aug-26
EMP0018,Yash Kumar,Male,28,HR,Learning & Development Specialist,L1,Priya Nair,Delhi,Delhi,High School,Intern,Hybrid,13-Mar-26,2026,3,0,valid,1.3,"₹ 3,35,000",335000,Valid,"₹ 30,150",5,No,,98.2,valid,3,39,33.8,Active,No,,yashkumar.emp0018@examplecorp.in,-7670316004,26-Aug-26
EMP0019,Kavya Mishra,Female,36,Customer Support,Customer Support Manager,L4,Rohit Bhatia,Kolkata,West Bengal,High School,Permanent,Hybrid,24-Mar-18,2018,3,8,valid,8.6,"₹ 17,65,000",1765000,Valid,"₹ 1,94,150",5,Yes,06-Dec-24,90.5,valid,15,41,6.5,Active,No,,kavyamishra.emp0019@examplecorp.in,-8348545434,26-Aug-26
EMP0020,Aman Varma,Male,35,Finance,Accountant,L2,Vikram Shah,Chennai,Tamil Nadu,Bachelor's,Permanent,Office,23-Jan-22,2022,1,4,valid,10,"₹ 7,05,000",705000,Valid,"₹ 63,450",1,No,,86.6,valid,12,25,27.5,Active,No,,amanvarma.emp0020@examplecorp.in,-6877737297,26-Aug-26
EMP0021,Sneha Chatterjee,Female,37,Operations,Operations Supervisor,L1,Sanjay Verma,Kolkata,West Bengal,High School,Permanent,Office,30-Jul-18,2018,7,8,valid,13.9,"₹ 10,55,000",1055000,Valid,"₹ 1,89,900",5,No,,77.6,valid,13,84,15.4,Active,No,,snehachatterjee.emp0021@examplecorp.in,-6214637646,26-Aug-26
EMP0022,Akash Shah,Male,41,R&D,Research Associate,L2,Dr. Meera Krishnan,Delhi,Delhi,Bachelor's,Contract,Office,24-Dec-20,2020,12,5,valid,15.8,"₹ 6,10,000",610000,Valid,"₹ 30,500",4,No,,84,valid,5,37,9.8,Active,No,,akashshah.emp0022@examplecorp.in,-7882528900,26-Aug-26
EMP0023,Aditi Banerjee,Female,38,Finance,Tax Specialist,L2,Vikram Shah,Chennai,Tamil Nadu,PhD,Permanent,Remote,29-Jan-25,2025,1,1,valid,11.1,"₹ 10,50,000",1050000,Valid,"₹ 1,15,500",5,Yes,,96.5,valid,2,73,18.8,Active,No,,aditibanerjee.emp0023@examplecorp.in,-6782398852,26-Aug-26
EMP0024,Sakshi Chandra,Female,42,IT,Software Engineer,L1,Arjun Mehta,Pune,Maharashtra,MBA,Contract,Office,04-Mar-18,2018,3,8,valid,16.3,"₹ 9,75,000",975000,Valid,"₹ 1,07,250",3,No,,75.3,valid,8,8,12.5,Active,No,,sakshichandra.emp0024@examplecorp.in,-6413812856,26-Aug-26
EMP0025,Rajesh Reddy,Male,33,Admin,Facilities Executive,L2,Kavita Joshi,Coimbatore,Tamil Nadu,Bachelor's,Permanent,Remote,12-Apr-23,2023,4,3,valid,11.4,"₹ 5,50,000",550000,Valid,"₹ 1,10,000",3,No,,85.8,valid,27,31,7.7,Active,No,,rajeshreddy.emp0025@examplecorp.in,-9214672900,26-Aug-26
EMP0026,Deepak Shah,Male,33,HR,Learning & Development Specialist,L2,Priya Nair,Chennai,Tamil Nadu,MBA,Permanent,Remote,13-Dec-21,2021,12,4,valid,8.4,"₹ 9,90,000",990000,Valid,"₹ 59,400",4,Yes,23-Sep-24,91.6,valid,21,72,25.4,Resigned,Yes,Higher Education,deepakshah.emp0026@examplecorp.in,-6204515420,26-Aug-26
EMP0027,Akash Singh,Male,29,Sales,Key Account Manager,L5,Neha Kapoor,Mumbai,Maharashtra,High School,Permanent,Hybrid,02-Dec-21,2021,12,4,valid,7.5,"₹ 9,50,000",950000,Valid,"₹ 66,500",4,Yes,,94.9,valid,30,81,18.1,Active,No,,akashsingh.emp0027@examplecorp.in,-9232213872,26-Aug-26
EMP0028,Sneha Chandra,Female,34,Customer Support,Support Team Lead,L3,Rohit Bhatia,Hyderabad,Telangana,MBA,Permanent,Hybrid,10-Sep-24,2024,9,1,valid,12.4,"₹ 8,60,000",860000,Valid,"₹ 77,400",5,No,,88.1,valid,5,29,52.1,Active,No,,snehachandra.emp0028@examplecorp.in,-9618552440,26-Aug-26
EMP0029,Aditya Reddy,Male,39,IT,Data Analyst,L1,Arjun Mehta,Ahmedabad,Gujarat,MBA,Contract,Office,08-Jul-21,2021,7,5,valid,15.8,"₹ 9,90,000",990000,Valid,"₹ 1,38,600",2,No,,87,valid,10,43,5.5,Active,No,,adityareddy.emp0029@examplecorp.in,-9193457000,26-Aug-26
EMP0030,Priyanka Bose,Female,37,HR,HR Executive,L1,Priya Nair,Delhi,Delhi,Master's,Contract,Office,08-Feb-25,2025,2,1,valid,9.8,"₹ 4,50,000",450000,Valid,"₹ 81,000",4,No,,82.9,valid,3,49,44.5,Active,No,,priyankabose.emp0030@examplecorp.in,-9945912281,26-Aug-26
EMP0031,Sakshi Shah,Female,36,Marketing,Marketing Executive,L1,Rahul Iyer,Coimbatore,Tamil Nadu,Master's,Permanent,Hybrid,29-May-18,2018,5,8,valid,8.5,"₹ 7,00,000",700000,Valid,"₹ 91,000",4,Yes,,86.5,valid,11,94,24.6,Active,No,,sakshishah.emp0031@examplecorp.in,-7518434716,26-Aug-26
EMP0032,Simran Chatterjee,Female,35,R&D,Data Scientist,L1,Dr. Meera Krishnan,Pune,Maharashtra,Bachelor's,Permanent,Hybrid,25-Aug-19,2019,8,7,valid,14.2,"₹ 15,55,000",1555000,Valid,"₹ 3,11,000",2,No,,92.8,valid,8,59,25.7,On Notice,No,,simranchatterjee.emp0032@examplecorp.in,-7445495179,26-Aug-26
EMP0033,Harsh Srinivasan,Male,28,Marketing,Brand Manager,L4,Rahul Iyer,Pune,Maharashtra,Diploma,Permanent,Remote,27-Jul-24,2024,7,2,valid,6,"₹ 14,75,000",1475000,Valid,"₹ 1,03,250",4,Yes,,79,valid,28,12,26.4,Active,No,,harshsrinivasan.emp0033@examplecorp.in,-6556587051,26-Aug-26
EMP0034,Bhavna Iyer,Female,35,Finance,Tax Specialist,L1,Vikram Shah,Bangalore,Karnataka,High School,Permanent,Office,03-Jun-25,2025,6,1,valid,7.2,"₹ 9,15,000",915000,Valid,"₹ 54,900",4,Yes,,76.8,valid,19,97,42.6,Active,No,,bhavnaiyer.emp0034@examplecorp.in,-9670528337,26-Aug-26
EMP0035,Amit Rao,Male,32,Operations,Process Excellence Analyst,L2,Sanjay Verma,Mumbai,Maharashtra,PhD,Permanent,Remote,23-Aug-23,2023,8,3,valid,10.6,"₹ 9,45,000",945000,Valid,"₹ 1,41,750",5,Yes,,91.4,valid,19,43,23.9,Active,No,,amitrao.emp0035@examplecorp.in,-7849776779,26-Aug-26
EMP0036,Mohit Chatterjee,Male,32,Customer Support,Support Team Lead,L3,Rohit Bhatia,Mumbai,Maharashtra,Master's,Permanent,Office,02-Jun-25,2025,6,1,valid,7.2,"₹ 7,45,000",745000,Valid,"₹ 96,850",4,Yes,,75.7,valid,14,86,28.3,Active,No,,mohitchatterjee.emp0036@examplecorp.in,-6812006944,26-Aug-26
EMP0037,Komal Srinivasan,Female,40,Sales,Key Account Manager,L4,Neha Kapoor,Delhi,Delhi,High School,Permanent,Hybrid,10-Sep-21,2021,9,4,valid,15.7,"₹ 11,20,000",1120000,Valid,"₹ 56,000",5,Yes,,77.7,valid,5,69,62.5,Active,No,,komalsrinivasan.emp0037@examplecorp.in,-6298269086,26-Aug-26
EMP0038,Varun Khan,Male,41,Marketing,Marketing Manager,L5,Rahul Iyer,Noida,Uttar Pradesh,PhD,Permanent,Remote,26-May-21,2021,5,5,valid,16.3,"₹ 19,30,000",1930000,Valid,"₹ 1,93,000",4,Yes,24-Apr-26,91.9,valid,3,93,23.4,Active,No,,varunkhan.emp0038@examplecorp.in,-9222718092,26-Aug-26
EMP0039,Gaurav Desai,Male,31,Customer Support,Customer Success Manager,L5,Rohit Bhatia,Hyderabad,Telangana,High School,Permanent,Hybrid,02-Nov-25,2025,11,0,valid,7.1,"₹ 12,95,000",1295000,Valid,"₹ 2,46,050",5,No,,84.6,valid,2,50,11.5,Active,No,,gauravdesai.emp0039@examplecorp.in,-6431591587,26-Aug-26
EMP0040,Shivam Desai,Male,33,Admin,Executive Assistant,L2,Kavita Joshi,Delhi,Delhi,High School,Permanent,Hybrid,04-May-23,2023,5,3,valid,11.6,"₹ 6,65,000",665000,Valid,"₹ 1,06,400",5,No,,91.2,valid,2,61,5.7,Resigned,Yes,Better Career Opportunity,shivamdesai.emp0040@examplecorp.in,-7348869661,26-Aug-26
EMP0041,Vivek Rao,Male,43,HR,HR Business Partner,L3,Priya Nair,Chennai,Tamil Nadu,Bachelor's,Contract,Hybrid,21-Nov-21,2021,11,4,valid,16,"₹ 9,10,000",910000,Valid,"₹ 1,63,800",3,No,,83.1,valid,8,43,44.9,Active,No,,vivekrao.emp0041@examplecorp.in,-9636488637,26-Aug-26
EMP0042,Swati Chatterjee,Female,35,Customer Support,Customer Success Manager,L4,Rohit Bhatia,Delhi,Delhi,MBA,Contract,Hybrid,03-Feb-21,2021,2,5,valid,9.4,"₹ 11,10,000",1110000,Valid,"₹ 1,88,700",4,No,,81.1,valid,11,41,47.6,Active,No,,swatichatterjee.emp0042@examplecorp.in,-7172583238,26-Aug-26
EMP0043,Bhavna Kapoor,Female,22,Operations,Supply Chain Analyst,L2,Sanjay Verma,Chennai,Tamil Nadu,PhD,Permanent,Hybrid,27-Sep-24,2024,9,1,valid,1.1,"₹ 6,15,000",615000,Valid,"₹ 61,500",2,No,08-Jul-26,84.7,valid,2,87,27.1,Active,No,,bhavnakapoor.emp0043@examplecorp.in,-6977094756,26-Aug-26
EMP0044,Neha Sharma,Female,32,Marketing,Brand Manager,L4,Rahul Iyer,Hyderabad,Telangana,Diploma,Permanent,Hybrid,19-Aug-21,2021,8,5,valid,9.8,"₹ 16,20,000",1620000,Valid,"₹ 1,13,400",2,No,,94.9,valid,19,87,17.2,Active,No,,nehasharma.emp0044@examplecorp.in,-6326019081,26-Aug-26
EMP0045,Siddharth Das,Male,35,Legal,Compliance Analyst,L1,Ananya Rao,Coimbatore,Tamil Nadu,PhD,Permanent,Hybrid,01-Apr-25,2025,4,1,valid,8.5,"₹ 10,95,000",1095000,Valid,"₹ 1,20,450",3,No,,83.6,valid,22,91,37.2,Active,No,,siddharthdas.emp0045@examplecorp.in,-8705319485,26-Aug-26
EMP0046,Amit Iyer,Male,39,Admin,Executive Assistant,L1,Kavita Joshi,Kolkata,West Bengal,High School,Permanent,Hybrid,04-Dec-19,2019,12,6,valid,15.6,"₹ 7,55,000",755000,Valid,"₹ 1,05,700",3,No,12-Jun-23,89.4,valid,15,17,26.6,Active,No,,amitiyer.emp0046@examplecorp.in,-7769363510,26-Aug-26
EMP0047,Ashish Singh,Male,33,Customer Support,Support Team Lead,L3,Rohit Bhatia,Pune,Maharashtra,Bachelor's,Contract,Hybrid,07-Jul-24,2024,7,2,valid,10.2,"₹ 6,25,000",625000,Valid,"₹ 37,500",5,No,,78.6,valid,10,7,64.3,Resigned,Yes,Higher Education,ashishsingh.emp0047@examplecorp.in,-8278272866,26-Aug-26
EMP0048,Ashish Shah,Male,29,Finance,Accountant,L1,Vikram Shah,Coimbatore,Tamil Nadu,MBA,Permanent,Hybrid,06-Apr-26,2026,4,0,valid,7.3,"₹ 6,05,000",605000,Valid,"₹ 72,600",1,No,,88.7,valid,22,34,9.5,Active,No,,ashishshah.emp0048@examplecorp.in,-6854020296,26-Aug-26
EMP0049,Rishabh Sharma,Male,27,Finance,Internal Auditor,L2,Vikram Shah,Bangalore,Karnataka,High School,Permanent,Hybrid,01-Aug-23,2023,8,3,valid,4.4,"₹ 8,90,000",890000,Valid,"₹ 71,200",5,Yes,16-Jun-25,97.9,valid,2,78,44.6,Resigned,Yes,Personal Reasons,rishabhsharma.emp0049@examplecorp.in,-9401051865,26-Aug-26
EMP0050,Shivam Kumar,Male,37,Operations,Supply Chain Analyst,L2,Sanjay Verma,Bangalore,Karnataka,MBA,Permanent,Hybrid,19-Jul-22,2022,7,4,valid,9.7,"₹ 9,25,000",925000,Valid,"₹ 83,250",3,No,27-Jan-25,83.1,valid,27,56,62.4,Resigned,Yes,Compensation,shivamkumar.emp0050@examplecorp.in,-7604506138,26-Aug-26
EMP0051,Radhika Jain,Female,30,Marketing,Marketing Manager,L4,Rahul Iyer,Hyderabad,Telangana,Master's,Contract,Remote,15-Nov-21,2021,11,4,valid,7.4,"₹ 16,35,000",1635000,Valid,"₹ 2,28,900",4,No,,82.1,valid,12,31,2.6,Active,No,,radhikajain.emp0051@examplecorp.in,-8130164274,26-Aug-26
EMP0052,Aman Sharma,Male,41,Operations,Process Excellence Analyst,L2,Sanjay Verma,Chennai,Tamil Nadu,Diploma,Permanent,Hybrid,23-May-25,2025,5,1,valid,12.9,"₹ 10,20,000",1020000,Valid,"₹ 1,02,000",2,No,,89.4,valid,19,83,44.8,Active,No,,amansharma.emp0052@examplecorp.in,-8639334505,26-Aug-26
EMP0053,Swati Reddy,Female,41,Admin,Executive Assistant,L1,Kavita Joshi,Pune,Maharashtra,MBA,Permanent,Hybrid,14-Nov-21,2021,11,4,valid,13.4,"₹ 8,20,000",820000,Valid,"₹ 1,55,800",3,No,27-Jan-25,90,valid,21,70,16.9,Active,No,,swatireddy.emp0053@examplecorp.in,-8303287208,26-Aug-26
EMP0054,Swati Singh,Female,31,Admin,Administration Manager,L4,Kavita Joshi,Ahmedabad,Gujarat,Diploma,Permanent,Hybrid,06-Jul-23,2023,7,3,valid,3.2,"₹ 11,40,000",1140000,Valid,"₹ 1,36,800",5,No,13-Aug-26,97.4,valid,8,39,29.6,Resigned,Yes,Performance Separation,swatisingh.emp0054@examplecorp.in,-7415645888,26-Aug-26
EMP0055,Akash Varma,Male,31,Admin,Office Administrator,L2,Kavita Joshi,Noida,Uttar Pradesh,Diploma,Permanent,Hybrid,26-May-25,2025,5,1,valid,3.8,"₹ 4,90,000",490000,Valid,"₹ 93,100",4,Yes,,97.1,valid,15,98,21,Active,No,,akashvarma.emp0055@examplecorp.in,-6441940452,26-Aug-26
EMP0056,Ashish Patel,Male,31,HR,HR Executive,L2,Priya Nair,Kolkata,West Bengal,PhD,Contract,Hybrid,22-Dec-22,2022,12,3,valid,5.1,"₹ 5,85,000",585000,Valid,"₹ 40,950",4,No,,78.2,valid,15,19,23,Active,No,,ashishpatel.emp0056@examplecorp.in,-8714527603,26-Aug-26
EMP0057,Sakshi Tripathi,Female,34,HR,Talent Acquisition Specialist,L1,Priya Nair,Hyderabad,Telangana,High School,Permanent,Hybrid,04-Dec-24,2024,12,1,valid,6.4,"₹ 6,90,000",690000,Valid,"₹ 69,000",4,Yes,,76,valid,15,18,4.7,Active,No,,sakshitripathi.emp0057@examplecorp.in,-6322013789,26-Aug-26
EMP0058,Amit Jain,Male,37,R&D,Research Associate,L1,Dr. Meera Krishnan,Kolkata,West Bengal,Diploma,Permanent,Hybrid,17-Oct-18,2018,10,7,valid,15.6,"₹ 6,35,000",635000,Valid,"₹ 44,450",4,Yes,,75.4,valid,25,81,26.9,Active,No,,amitjain.emp0058@examplecorp.in,-8770595748,26-Aug-26
EMP0059,Saurabh Chatterjee,Male,24,Finance,Accountant,L1,Vikram Shah,Chennai,Tamil Nadu,MBA,Contract,Office,30-Nov-23,2023,11,2,valid,2.8,"₹ 4,20,000",420000,Valid,"₹ 75,600",5,No,,85.6,valid,14,35,31,Active,No,,saurabhchatterjee.emp0059@examplecorp.in,-9962657655,26-Aug-26
EMP0060,Suresh Khan,Male,29,IT,Systems Administrator,L2,Arjun Mehta,Coimbatore,Tamil Nadu,MBA,Permanent,Remote,17-Mar-25,2025,3,1,valid,2,"₹ 7,95,000",795000,Valid,"₹ 1,59,000",3,No,,97.8,valid,5,17,21.2,Active,No,,sureshkhan.emp0060@examplecorp.in,-7413093083,26-Aug-26
EMP0061,Manish Roy,Male,27,Marketing,Brand Manager,L4,Rahul Iyer,Chennai,Tamil Nadu,PhD,Permanent,Hybrid,12-Jul-24,2024,7,2,valid,4.1,"₹ 15,70,000",1570000,Valid,"₹ 1,88,400",4,Yes,08-Oct-25,78.6,valid,16,61,2,Active,No,,manishroy.emp0061@examplecorp.in,-6676035237,26-Aug-26
EMP0062,Arnav Tripathi,Male,33,IT,Software Engineer,L1,Arjun Mehta,Hyderabad,Telangana,Diploma,Permanent,Office,12-Dec-19,2019,12,6,valid,6.6,"₹ 8,95,000",895000,Valid,"₹ 1,70,050",3,No,,91.8,valid,0,56,45.2,Active,No,,arnavtripathi.emp0062@examplecorp.in,-8254030357,26-Aug-26
EMP0063,Akash Shah,Male,29,Marketing,Content Strategist,L2,Rahul Iyer,Bangalore,Karnataka,PhD,Contract,Remote,11-Jul-23,2023,7,3,valid,4.5,"₹ 6,60,000",660000,Valid,"₹ 99,000",4,No,,91.3,valid,9,38,1.4,Active,No,,akashshah.emp0063@examplecorp.in,-8339176367,26-Aug-26
EMP0064,Bhavna Patel,Female,34,Customer Support,Customer Support Manager,L5,Rohit Bhatia,Delhi,Delhi,Master's,Permanent,Remote,10-Mar-25,2025,3,1,valid,12.4,"₹ 15,80,000",1580000,Valid,"₹ 1,42,200",3,No,,92.6,valid,6,55,69.7,Active,No,,bhavnapatel.emp0064@examplecorp.in,-9865743629,26-Aug-26
EMP0065,Suresh Sharma,Male,34,Operations,Supply Chain Analyst,L2,Sanjay Verma,Delhi,Delhi,Diploma,Permanent,Hybrid,08-Nov-20,2020,11,5,valid,12.7,"₹ 9,85,000",985000,Valid,"₹ 1,47,750",5,Yes,12-Oct-23,80.9,valid,6,38,49.9,Active,No,,sureshsharma.emp0065@examplecorp.in,-6864913171,26-Aug-26
EMP0066,Gaurav Roy,Male,32,Customer Support,Technical Support Specialist,L2,Rohit Bhatia,Delhi,Delhi,Diploma,Permanent,Office,05-Jul-19,2019,7,7,valid,9.3,"₹ 5,70,000",570000,Valid,"₹ 91,200",4,No,,82.9,valid,11,36,56.1,Active,No,,gauravroy.emp0066@examplecorp.in,-9550566009,26-Aug-26
EMP0067,Ankit Roy,Male,30,R&D,Research Associate,L2,Dr. Meera Krishnan,Ahmedabad,Gujarat,Master's,Permanent,Office,12-Aug-20,2020,8,6,valid,7.9,"₹ 9,10,000",910000,Valid,"₹ 54,600",2,No,,85,valid,0,70,43.5,Active,No,,ankitroy.emp0067@examplecorp.in,-7941964349,26-Aug-26
EMP0068,Kajal Reddy,Female,31,Finance,Accountant,L1,Vikram Shah,Chennai,Tamil Nadu,High School,Permanent,Hybrid,13-Jun-25,2025,6,1,valid,5.4,"₹ 4,80,000",480000,Valid,"₹ 96,000",4,Yes,,81.4,valid,27,25,32.6,Active,No,,kajalreddy.emp0068@examplecorp.in,-8895743010,26-Aug-26
EMP0069,Pranav Desai,Male,39,HR,HR Executive,L2,Priya Nair,Noida,Uttar Pradesh,Diploma,Permanent,Hybrid,06-Apr-18,2018,4,8,valid,15.2,"₹ 4,35,000",435000,Valid,"₹ 39,150",5,Yes,,80.7,valid,3,14,17.1,Active,No,,pranavdesai.emp0069@examplecorp.in,-8194161395,26-Aug-26
EMP0070,Aadhya Patel,Female,31,Finance,Financial Analyst,L2,Vikram Shah,Pune,Maharashtra,Bachelor's,Contract,Remote,09-Apr-23,2023,4,3,valid,9.3,"₹ 7,80,000",780000,Valid,"₹ 62,400",3,No,,82.4,valid,3,25,38.4,Active,No,,aadhyapatel.emp0070@examplecorp.in,-6516156155,26-Aug-26
EMP0071,Ashish Chatterjee,Male,35,Sales,Sales Executive,L2,Neha Kapoor,Bangalore,Karnataka,Bachelor's,Permanent,Remote,01-Mar-21,2021,3,5,valid,9.6,"₹ 7,30,000",730000,Valid,"₹ 94,900",3,No,,80.5,valid,25,46,20.7,Resigned,Yes,Better Career Opportunity,ashishchatterjee.emp0071@examplecorp.in,-8295037718,26-Aug-26
EMP0072,Akanksha Das,Female,37,Admin,Facilities Executive,L2,Kavita Joshi,Hyderabad,Telangana,Bachelor's,Contract,Hybrid,22-Aug-23,2023,8,3,valid,10.2,"₹ 3,85,000",385000,Valid,"₹ 38,500",3,No,,91.3,valid,14,41,23.1,Active,No,,akankshadas.emp0072@examplecorp.in,-9825792299,26-Aug-26
EMP0073,Siddharth Das,Male,39,Marketing,Brand Manager,L4,Rahul Iyer,Pune,Maharashtra,PhD,Contract,Hybrid,19-Jan-18,2018,1,8,valid,16.2,"₹ 13,80,000",1380000,Valid,"₹ 2,62,200",2,No,,85.5,valid,0,34,29.7,Active,No,,siddharthdas.emp0073@examplecorp.in,-8818408945,26-Aug-26
EMP0074,Komal Banerjee,Female,29,Customer Support,Technical Support Specialist,L2,Rohit Bhatia,Hyderabad,Telangana,Diploma,Permanent,Remote,06-Jan-22,2022,1,4,valid,5.9,"₹ 7,75,000",775000,Valid,"₹ 1,55,000",4,No,,80.7,valid,5,50,19.6,Active,No,,komalbanerjee.emp0074@examplecorp.in,-8387977149,26-Aug-26
EMP0075,Aditya Menon,Male,36,Marketing,Marketing Executive,L1,Rahul Iyer,Mumbai,Maharashtra,Master's,Permanent,Office,29-Apr-19,2019,4,7,valid,14.2,"₹ 7,10,000",710000,Valid,"₹ 1,06,500",1,No,,89.3,valid,10,68,21.4,Active,No,,adityamenon.emp0075@examplecorp.in,-6907333023,26-Aug-26
EMP0076,Aadhya Desai,Female,33,Legal,Contract Specialist,L1,Ananya Rao,Mumbai,Maharashtra,MBA,Permanent,Remote,20-Nov-24,2024,11,1,valid,6.8,"₹ 7,15,000",715000,Valid,"₹ 42,900",4,No,05-Apr-26,76.8,valid,15,26,18.6,Active,No,,aadhyadesai.emp0076@examplecorp.in,-7987266482,26-Aug-26
EMP0077,Vaishnavi Khan,Female,32,Marketing,Marketing Executive,L2,Rahul Iyer,Chennai,Tamil Nadu,MBA,Permanent,Hybrid,20-Nov-22,2022,11,3,valid,9,"₹ 7,95,000",795000,Valid,"₹ 87,450",4,Yes,,98.8,valid,25,42,11.8,Active,No,,vaishnavikhan.emp0077@examplecorp.in,-7781586189,26-Aug-26
EMP0078,Swati Jain,Female,34,IT,IT Manager,L4,Arjun Mehta,Noida,Uttar Pradesh,Bachelor's,Contract,Office,06-Dec-18,2018,12,7,valid,13,"₹ 12,80,000",1280000,Valid,"₹ 1,15,200",3,No,,98.8,valid,10,28,18.3,Active,No,,swatijain.emp0078@examplecorp.in,-7341666319,26-Aug-26
EMP0079,Akash Rao,Male,35,Customer Support,Customer Success Manager,L5,Rohit Bhatia,Hyderabad,Telangana,Bachelor's,Permanent,Hybrid,22-Nov-20,2020,11,5,valid,13.5,"₹ 7,20,000",720000,Valid,"₹ 1,00,800",3,No,,76.5,valid,7,87,67.1,Active,No,,akashrao.emp0079@examplecorp.in,-9256084995,26-Aug-26
EMP0080,Harsh Roy,Male,28,Operations,Supply Chain Analyst,L1,Sanjay Verma,Kolkata,West Bengal,PhD,Intern,Hybrid,25-Jan-26,2026,1,0,valid,1.2,"₹ 4,15,000",415000,Valid,"₹ 41,500",3,No,,78.8,valid,17,47,27.7,Active,No,,harshroy.emp0080@examplecorp.in,-9452959174,26-Aug-26
EMP0081,Yash Agarwal,Male,35,Legal,Legal Manager,L5,Ananya Rao,Noida,Uttar Pradesh,MBA,Permanent,Hybrid,01-Feb-22,2022,2,4,valid,7.9,"₹ 24,00,000",2400000,Valid,"₹ 2,64,000",4,Yes,,95.5,valid,19,61,42.6,Active,No,,yashagarwal.emp0081@examplecorp.in,-6683225928,26-Aug-26
EMP0082,Deepak Tripathi,Male,28,Operations,Operations Supervisor,L2,Sanjay Verma,Mumbai,Maharashtra,Master's,Contract,Office,10-Jul-22,2022,7,4,valid,6.8,"₹ 5,90,000",590000,Valid,"₹ 1,18,000",3,No,,94.5,valid,17,8,41.5,On Notice,No,,deepaktripathi.emp0082@examplecorp.in,-9146835371,26-Aug-26
EMP0083,Akanksha Chatterjee,Female,38,HR,Talent Acquisition Specialist,L2,Priya Nair,Bangalore,Karnataka,High School,Permanent,Remote,20-May-24,2024,5,2,valid,12.5,"₹ 8,10,000",810000,Valid,"₹ 72,900",3,No,,95.4,valid,23,94,13,Active,No,,akankshachatterjee.emp0083@examplecorp.in,-7395637980,26-Aug-26
EMP0084,Aman Mishra,Male,39,IT,Software Engineer,L1,Arjun Mehta,Bangalore,Karnataka,Diploma,Contract,Hybrid,30-Jun-22,2022,6,4,valid,13,"₹ 9,70,000",970000,Valid,"₹ 1,74,600",5,No,,85.9,valid,8,15,21.3,Active,No,,amanmishra.emp0084@examplecorp.in,-6487301661,26-Aug-26
EMP0085,Sneha Kumar,Female,31,Admin,Administration Manager,L4,Kavita Joshi,Coimbatore,Tamil Nadu,High School,Permanent,Remote,17-Jan-25,2025,1,1,valid,4.8,"₹ 15,20,000",1520000,Valid,"₹ 91,200",3,No,18-Aug-26,96.7,valid,26,31,2.3,Active,No,,snehakumar.emp0085@examplecorp.in,-7461222968,26-Aug-26
EMP0086,Deepak Bose,Male,30,Operations,Operations Executive,L1,Sanjay Verma,Chennai,Tamil Nadu,Bachelor's,Permanent,Office,18-Oct-22,2022,10,3,valid,5.6,"₹ 6,45,000",645000,Valid,"₹ 83,850",4,Yes,,86,valid,30,12,15.4,Active,No,,deepakbose.emp0086@examplecorp.in,-7321394045,26-Aug-26
EMP0087,Aadhya Rao,Female,38,Customer Support,Customer Support Executive,L2,Rohit Bhatia,Ahmedabad,Gujarat,Bachelor's,Permanent,Office,03-Feb-20,2020,2,6,valid,11.4,"₹ 3,45,000",345000,Valid,"₹ 41,400",4,No,26-Feb-25,76.4,valid,30,68,13.7,Active,No,,aadhyarao.emp0087@examplecorp.in,-7262618710,26-Aug-26
EMP0088,Arnav Patel,Male,35,Marketing,Digital Marketing Specialist,L2,Rahul Iyer,Chennai,Tamil Nadu,Master's,Contract,Hybrid,04-Jun-25,2025,6,1,valid,12.5,"₹ 8,80,000",880000,Valid,"₹ 1,32,000",4,No,,83.5,valid,9,7,20.7,Active,No,,arnavpatel.emp0088@examplecorp.in,-7831948344,26-Aug-26
EMP0089,Tanvi Chatterjee,Female,35,Finance,Financial Analyst,L1,Vikram Shah,Noida,Uttar Pradesh,Bachelor's,Permanent,Hybrid,21-Apr-23,2023,4,3,valid,9.6,"₹ 10,15,000",1015000,Valid,"₹ 1,01,500",4,No,25-Jul-26,78.4,valid,21,30,0.9,Active,No,,tanvichatterjee.emp0089@examplecorp.in,-8268000420,26-Aug-26
EMP0090,Sneha Varma,Female,30,IT,Software Engineer,L1,Arjun Mehta,Noida,Uttar Pradesh,High School,Permanent,Office,12-Mar-24,2024,3,2,valid,6.5,"₹ 9,90,000",990000,Valid,"₹ 1,68,300",4,Yes,18-Dec-25,96.8,valid,23,93,43,Resigned,Yes,Higher Education,snehavarma.emp0090@examplecorp.in,-9425175519,26-Aug-26
EMP0091,Akash Kapoor,Male,33,R&D,Research Associate,L1,Dr. Meera Krishnan,Kolkata,West Bengal,High School,Permanent,Hybrid,23-Dec-18,2018,12,7,valid,10.9,"₹ 9,75,000",975000,Valid,"₹ 1,26,750",3,No,,86.8,valid,17,40,38,Resigned,Yes,Compensation,akashkapoor.emp0091@examplecorp.in,-8241670551,26-Aug-26
EMP0092,Sakshi Kapoor,Female,29,IT,Data Analyst,L1,Arjun Mehta,Noida,Uttar Pradesh,PhD,Contract,Office,17-Apr-25,2025,4,1,valid,2.6,"₹ 5,45,000",545000,Valid,"₹ 43,600",1,No,,80.3,valid,0,27,4.2,Active,No,,sakshikapoor.emp0092@examplecorp.in,-8574443232,26-Aug-26
EMP0093,Gaurav Srinivasan,Male,35,Legal,Legal Manager,L5,Ananya Rao,Mumbai,Maharashtra,MBA,Permanent,Office,01-Jun-22,2022,6,4,valid,8.4,"₹ 15,45,000",1545000,Valid,"₹ 3,09,000",3,No,,94.8,valid,20,53,36.3,On Notice,No,,gauravsrinivasan.emp0093@examplecorp.in,-9262671680,26-Aug-26
EMP0094,Swati Varma,Female,29,Marketing,Digital Marketing Specialist,L1,Rahul Iyer,Bangalore,Karnataka,Diploma,Permanent,Hybrid,24-Sep-25,2025,9,0,valid,6.2,"₹ 8,35,000",835000,Valid,"₹ 1,58,650",5,No,,80.7,valid,20,17,25,Active,No,,swativarma.emp0094@examplecorp.in,-9432667173,26-Aug-26
EMP0095,Komal Nair,Female,27,IT,Systems Administrator,L2,Arjun Mehta,Mumbai,Maharashtra,Diploma,Permanent,Hybrid,16-May-25,2025,5,1,valid,4.3,"₹ 6,20,000",620000,Valid,"₹ 62,000",3,No,,75,valid,6,95,19.3,Active,No,,komalnair.emp0095@examplecorp.in,-8351030741,26-Aug-26
EMP0096,Megha Kumar,Female,40,IT,Data Analyst,L1,Arjun Mehta,Kolkata,West Bengal,High School,Permanent,Office,25-Mar-25,2025,3,1,valid,11.8,"₹ 10,05,000",1005000,Valid,"₹ 1,00,500",3,No,,93.2,valid,23,12,58.6,Active,No,,meghakumar.emp0096@examplecorp.in,-6739524577,26-Aug-26
EMP0097,Vaishnavi Shah,Female,46,Marketing,Marketing Manager,L5,Rahul Iyer,Noida,Uttar Pradesh,PhD,Permanent,Office,06-Aug-18,2018,8,8,valid,18.6,"₹ 13,95,000",1395000,Valid,"₹ 1,25,550",3,No,,88.1,valid,11,35,33.9,Active,No,,vaishnavishah.emp0097@examplecorp.in,-7104905348,26-Aug-26
EMP0098,Ananya Nair,Female,39,Operations,Operations Supervisor,L1,Sanjay Verma,Kolkata,West Bengal,Master's,Permanent,Hybrid,16-Apr-21,2021,4,5,valid,13,"₹ 11,25,000",1125000,Valid,"₹ 56,250",3,No,,85,valid,30,16,11.3,Active,No,,ananyanair.emp0098@examplecorp.in,-9120734591,26-Aug-26
EMP0099,Pallavi Varma,Female,32,Operations,Operations Executive,L2,Sanjay Verma,Hyderabad,Telangana,High School,Permanent,Remote,07-Jul-22,2022,7,4,valid,10.2,"₹ 6,65,000",665000,Valid,"₹ 73,150",3,No,,94.4,valid,2,55,46.5,Active,No,,pallavivarma.emp0099@examplecorp.in,-7835581861,26-Aug-26
EMP0100,Megha Gupta,Female,33,R&D,Research Engineer,L1,Dr. Meera Krishnan,Delhi,Delhi,MBA,Permanent,Hybrid,09-Nov-19,2019,11,6,valid,7.1,"₹ 11,85,000",1185000,Valid,"₹ 2,13,300",5,Yes,08-Sep-21,87.8,valid,3,94,31.9,On Notice,No,,meghagupta.emp0100@examplecorp.in,-8348674334,26-Aug-26
EMP0101,Simran Sharma,Female,32,Customer Support,Customer Success Manager,L4,Rohit Bhatia,Hyderabad,Telangana,Master's,Permanent,Hybrid,05-Oct-21,2021,10,4,valid,6.5,"₹ 10,35,000",1035000,Valid,"₹ 1,44,900",5,Yes,,99.3,valid,1,72,4.8,Active,No,,simransharma.emp0101@examplecorp.in,-7679725021,26-Aug-26
EMP0102,Ashish Srinivasan,Male,28,Legal,Legal Executive,L1,Ananya Rao,Bangalore,Karnataka,PhD,Permanent,Hybrid,06-Aug-26,2026,8,0,valid,4.2,"₹ 7,10,000",710000,Valid,"₹ 63,900",5,No,,97.5,valid,20,12,13.2,Active,No,,ashishsrinivasan.emp0102@examplecorp.in,-7498902854,26-Aug-26
EMP0103,Aditi Srinivasan,Female,37,Marketing,Digital Marketing Specialist,L2,Rahul Iyer,Pune,Maharashtra,Bachelor's,Permanent,Office,12-Mar-19,2019,3,7,valid,10.4,"₹ 5,55,000",555000,Valid,"₹ 99,900",3,No,,81.1,valid,24,87,35.2,Active,No,,aditisrinivasan.emp0103@examplecorp.in,-8388847223,26-Aug-26
EMP0104,Isha Das,Female,29,HR,Learning & Development Specialist,L1,Priya Nair,Hyderabad,Telangana,High School,Permanent,Hybrid,21-Sep-22,2022,9,3,valid,6.6,"₹ 9,15,000",915000,Valid,"₹ 1,00,650",2,No,,85.4,valid,18,71,3.7,On Notice,No,,ishadas.emp0104@examplecorp.in,-6798247943,26-Aug-26
EMP0105,Sakshi Roy,Female,40,Customer Support,Support Team Lead,L3,Rohit Bhatia,Bangalore,Karnataka,Diploma,Permanent,Remote,17-May-21,2021,5,5,valid,13.7,"₹ 8,20,000",820000,Valid,"₹ 82,000",3,No,,96,valid,21,29,13.5,Active,No,,sakshiroy.emp0105@examplecorp.in,-9553687150,26-Aug-26
EMP0106,Aman Jain,Male,27,Customer Support,Customer Support Manager,L5,Rohit Bhatia,Noida,Uttar Pradesh,High School,Permanent,Hybrid,15-Sep-22,2022,9,3,valid,4.2,"₹ 17,35,000",1735000,Valid,"₹ 2,60,250",2,No,,99.9,valid,7,90,1.9,Active,No,,amanjain.emp0106@examplecorp.in,-6918217522,26-Aug-26
EMP0107,Rajesh Roy,Male,40,Admin,Office Administrator,L1,Kavita Joshi,Mumbai,Maharashtra,PhD,Permanent,Hybrid,25-Sep-22,2022,9,3,valid,14.7,"₹ 4,65,000",465000,Valid,"₹ 65,100",4,Yes,28-May-25,77.9,valid,11,60,10.5,Active,No,,rajeshroy.emp0107@examplecorp.in,-6359200931,26-Aug-26
EMP0108,Ankit Khan,Male,32,Sales,Sales Operations Analyst,L1,Neha Kapoor,Noida,Uttar Pradesh,High School,Permanent,Office,03-Nov-19,2019,11,6,valid,7,"₹ 8,35,000",835000,Valid,"₹ 1,50,300",4,Yes,13-Feb-22,84.8,valid,21,39,15.5,Active,No,,ankitkhan.emp0108@examplecorp.in,-9576269937,26-Aug-26
EMP0109,Mohit Nair,Male,42,R&D,Research Associate,L2,Dr. Meera Krishnan,Noida,Uttar Pradesh,Bachelor's,Permanent,Office,05-Dec-18,2018,12,7,valid,18.9,"₹ 10,85,000",1085000,Valid,"₹ 1,08,500",3,No,,84.3,valid,30,96,34.5,Active,No,,mohitnair.emp0109@examplecorp.in,-7446353414,26-Aug-26
EMP0110,Nandini Agarwal,Female,39,Operations,Operations Manager,L4,Sanjay Verma,Kolkata,West Bengal,High School,Permanent,Office,14-Mar-22,2022,3,4,valid,13.3,"₹ 16,55,000",1655000,Valid,"₹ 1,32,400",4,Yes,08-Feb-25,80.8,valid,15,12,52,Active,No,,nandiniagarwal.emp0110@examplecorp.in,-9435169138,26-Aug-26
EMP0111,Isha Srinivasan,Female,39,Admin,Administrative Assistant,L2,Kavita Joshi,Ahmedabad,Gujarat,MBA,Permanent,Hybrid,22-Apr-18,2018,4,8,valid,11.8,"₹ 4,85,000",485000,Valid,"₹ 33,950",3,No,,86.9,valid,22,58,19.4,Active,No,,ishasrinivasan.emp0111@examplecorp.in,-8776274812,26-Aug-26
EMP0112,Deepa Rao,Female,32,IT,Systems Administrator,L2,Arjun Mehta,Bangalore,Karnataka,Diploma,Permanent,Office,18-Nov-21,2021,11,4,valid,10.1,"₹ 7,95,000",795000,Valid,"₹ 1,19,250",2,No,,91.2,valid,16,55,65.3,Active,No,,deeparao.emp0112@examplecorp.in,-6384187406,26-Aug-26
EMP0113,Priyanka Kapoor,Female,35,HR,HR Business Partner,L3,Priya Nair,Coimbatore,Tamil Nadu,Diploma,Permanent,Hybrid,28-Dec-24,2024,12,1,valid,8.1,"₹ 9,65,000",965000,Valid,"₹ 1,73,700",1,No,,80.1,valid,22,67,41.6,Resigned,Yes,Work-Life Balance,priyankakapoor.emp0113@examplecorp.in,-8354374247,26-Aug-26
EMP0114,Anjali Nair,Female,30,Finance,Financial Analyst,L1,Vikram Shah,Bangalore,Karnataka,PhD,Permanent,Hybrid,03-Jun-24,2024,6,2,valid,7.6,"₹ 7,00,000",700000,Valid,"₹ 84,000",3,No,,98.7,valid,17,61,9.2,Active,No,,anjalinair.emp0114@examplecorp.in,-9762624767,26-Aug-26
EMP0115,Komal Roy,Female,38,HR,HR Executive,L1,Priya Nair,Hyderabad,Telangana,Master's,Permanent,Hybrid,23-Oct-20,2020,10,5,valid,11,"₹ 4,00,000",400000,Valid,"₹ 60,000",3,No,,88.4,valid,20,88,12,Active,No,,komalroy.emp0115@examplecorp.in,-9239831768,26-Aug-26
EMP0116,Nikhil Bose,Male,34,Operations,Process Excellence Analyst,L2,Sanjay Verma,Ahmedabad,Gujarat,Bachelor's,Permanent,Hybrid,13-Apr-23,2023,4,3,valid,10.5,"₹ 10,10,000",1010000,Valid,"₹ 1,61,600",1,No,,87.9,valid,2,73,35.2,Active,No,,nikhilbose.emp0116@examplecorp.in,-6272184406,26-Aug-26
EMP0117,Simran Menon,Female,41,IT,Senior Software Engineer,L3,Arjun Mehta,Kolkata,West Bengal,Bachelor's,Permanent,Hybrid,13-May-21,2021,5,5,valid,12.6,"₹ 17,10,000",1710000,Valid,"₹ 3,07,800",4,Yes,18-Aug-23,81.1,valid,10,33,61.4,Active,No,,simranmenon.emp0117@examplecorp.in,-7544314453,26-Aug-26
EMP0118,Deepak Kapoor,Male,28,Admin,Facilities Executive,L1,Kavita Joshi,Kolkata,West Bengal,PhD,Intern,Hybrid,10-Apr-26,2026,4,0,valid,0.9,"₹ 2,50,000",250000,Valid,"₹ 22,500",4,No,,99.7,valid,5,7,39.6,Resigned,Yes,Better Career Opportunity,deepakkapoor.emp0118@examplecorp.in,-6297290143,26-Aug-26
EMP0119,Rishabh Tripathi,Male,31,R&D,R&D Manager,L4,Dr. Meera Krishnan,Chennai,Tamil Nadu,Bachelor's,Permanent,Office,31-May-22,2022,5,4,valid,9.5,"₹ 18,10,000",1810000,Valid,"₹ 3,25,800",5,Yes,16-Mar-25,82.9,valid,5,68,15.6,Active,No,,rishabhtripathi.emp0119@examplecorp.in,-8383168875,26-Aug-26
EMP0120,Ankit Kumar,Male,33,Admin,Facilities Executive,L1,Kavita Joshi,Chennai,Tamil Nadu,PhD,Permanent,Hybrid,14-Oct-22,2022,10,3,valid,10.1,"₹ 4,15,000",415000,Valid,"₹ 45,650",2,No,,96,valid,21,53,27.8,Active,No,,ankitkumar.emp0120@examplecorp.in,-7335752245,26-Aug-26
EMP0121,Deepak Patel,Male,38,Customer Support,Support Team Lead,L3,Rohit Bhatia,Delhi,Delhi,Diploma,Permanent,Office,25-Jun-19,2019,6,7,valid,16.1,"₹ 6,75,000",675000,Valid,"₹ 40,500",1,No,,97.4,valid,25,91,55.8,Active,No,,deepakpatel.emp0121@examplecorp.in,-6756500909,26-Aug-26
EMP0122,Ashish Khan,Male,35,Finance,Accountant,L2,Vikram Shah,Hyderabad,Telangana,Diploma,Permanent,Remote,08-Apr-18,2018,4,8,valid,8.3,"₹ 4,65,000",465000,Valid,"₹ 88,350",3,No,,93.3,valid,11,96,0,Active,No,,ashishkhan.emp0122@examplecorp.in,-9728652884,26-Aug-26
EMP0123,Aditya Bose,Male,28,Operations,Supply Chain Analyst,L1,Sanjay Verma,Hyderabad,Telangana,MBA,Intern,Remote,13-Apr-26,2026,4,0,valid,1.4,"₹ 2,40,000",240000,Valid,"₹ 45,600",4,No,,79.3,valid,17,34,60,Active,No,,adityabose.emp0123@examplecorp.in,-7912141960,26-Aug-26
EMP0124,Aditi Patel,Female,34,HR,Talent Acquisition Specialist,L1,Priya Nair,Kolkata,West Bengal,Diploma,Permanent,Hybrid,12-Aug-22,2022,8,4,valid,9.7,"₹ 6,65,000",665000,Valid,"₹ 1,19,700",3,No,,79.1,valid,3,19,30.7,Active,No,,aditipatel.emp0124@examplecorp.in,-6483421770,26-Aug-26
EMP0125,Arnav Banerjee,Male,39,Marketing,Content Strategist,L1,Rahul Iyer,Kolkata,West Bengal,High School,Permanent,Office,29-Dec-20,2020,12,5,valid,12.8,"₹ 8,80,000",880000,Valid,"₹ 1,32,000",2,No,12-May-22,99.4,valid,13,95,14.3,Active,No,,arnavbanerjee.emp0125@examplecorp.in,-9974830112,26-Aug-26
EMP0126,Aditya Menon,Male,26,Sales,Sales Executive,L2,Neha Kapoor,Kolkata,West Bengal,MBA,Permanent,Hybrid,10-Apr-26,2026,4,0,valid,0.9,"₹ 4,65,000",465000,Valid,"₹ 51,150",3,No,,78.8,valid,29,69,47.6,Active,No,,adityamenon.emp0126@examplecorp.in,-6306353765,26-Aug-26
EMP0127,Arnav Chandra,Male,30,IT,Senior Software Engineer,L3,Arjun Mehta,Hyderabad,Telangana,Diploma,Contract,Office,19-Jun-25,2025,6,1,valid,8.8,"₹ 11,70,000",1170000,Valid,"₹ 1,05,300",5,No,,78.2,valid,7,29,12.4,Active,No,,arnavchandra.emp0127@examplecorp.in,-8142899725,26-Aug-26
EMP0128,Vivek Chandra,Male,34,HR,HR Business Partner,L3,Priya Nair,Pune,Maharashtra,PhD,Permanent,Office,23-Jul-23,2023,7,3,valid,11.1,"₹ 12,80,000",1280000,Valid,"₹ 76,800",5,Yes,09-Apr-25,91.7,valid,25,36,33.2,Resigned,Yes,Higher Education,vivekchandra.emp0128@examplecorp.in,-7248566431,26-Aug-26
EMP0129,Pranav Tripathi,Male,29,Sales,Sales Operations Analyst,L1,Neha Kapoor,Pune,Maharashtra,High School,Permanent,Hybrid,18-Nov-20,2020,11,5,valid,6.9,"₹ 7,85,000",785000,Valid,"₹ 1,33,450",3,No,,96.2,valid,11,91,16.4,Resigned,Yes,Work-Life Balance,pranavtripathi.emp0129@examplecorp.in,-8477312664,26-Aug-26
EMP0130,Suresh Kapoor,Male,41,Marketing,Content Strategist,L1,Rahul Iyer,Kolkata,West Bengal,High School,Permanent,Hybrid,09-Jan-18,2018,1,8,valid,13.1,"₹ 5,45,000",545000,Valid,"₹ 1,09,000",4,Yes,26-Jun-24,81.7,valid,30,95,22.1,Active,No,,sureshkapoor.emp0130@examplecorp.in,-9335889431,26-Aug-26
EMP0131,Karan Roy,Male,35,IT,Data Analyst,L2,Arjun Mehta,Coimbatore,Tamil Nadu,Master's,Permanent,Remote,18-Feb-23,2023,2,3,valid,13.6,"₹ 9,10,000",910000,Valid,"₹ 1,72,900",3,No,,99.6,valid,16,41,19.1,Active,No,,karanroy.emp0131@examplecorp.in,-6198015374,26-Aug-26
EMP0132,Arnav Sharma,Male,42,Sales,Sales Executive,L2,Neha Kapoor,Chennai,Tamil Nadu,PhD,Permanent,Hybrid,02-Aug-21,2021,8,5,valid,14,"₹ 7,25,000",725000,Valid,"₹ 1,16,000",4,Yes,,75.7,valid,3,36,69.5,Active,No,,arnavsharma.emp0132@examplecorp.in,-8946539789,26-Aug-26
EMP0133,Neha Varma,Female,31,Marketing,Content Strategist,L1,Rahul Iyer,Chennai,Tamil Nadu,Diploma,Contract,Hybrid,26-Oct-23,2023,10,2,valid,4.2,"₹ 4,60,000",460000,Valid,"₹ 59,800",5,No,,95.2,valid,11,37,34.8,Active,No,,nehavarma.emp0133@examplecorp.in,-6336477526,26-Aug-26
EMP0134,Swati Chandra,Female,32,Customer Support,Customer Success Manager,L5,Rohit Bhatia,Ahmedabad,Gujarat,PhD,Permanent,Hybrid,02-Dec-21,2021,12,4,valid,6.5,"₹ 10,05,000",1005000,Valid,"₹ 1,80,900",4,No,,98.2,valid,23,27,43,On Notice,No,,swatichandra.emp0134@examplecorp.in,-6328448819,26-Aug-26
EMP0135,Neha Srinivasan,Female,37,Marketing,Marketing Executive,L1,Rahul Iyer,Ahmedabad,Gujarat,MBA,Permanent,Remote,12-Jun-18,2018,6,8,valid,14.4,"₹ 5,60,000",560000,Valid,"₹ 72,800",4,Yes,,86.6,valid,22,45,17.3,Active,No,,nehasrinivasan.emp0135@examplecorp.in,-8746438399,26-Aug-26
EMP0136,Pooja Nair,Female,30,Operations,Operations Manager,L5,Sanjay Verma,Pune,Maharashtra,High School,Permanent,Hybrid,31-Aug-23,2023,8,3,valid,6.5,"₹ 16,25,000",1625000,Valid,"₹ 1,13,750",5,Yes,,91.3,valid,16,25,24.3,Active,No,,poojanair.emp0136@examplecorp.in,-8629838208,26-Aug-26
EMP0137,Akash Kumar,Male,22,Admin,Office Administrator,L1,Kavita Joshi,Ahmedabad,Gujarat,Bachelor's,Permanent,Hybrid,02-May-26,2026,5,0,valid,0.9,"₹ 6,30,000",630000,Valid,"₹ 44,100",4,No,,88.4,valid,14,29,30.1,Active,No,,akashkumar.emp0137@examplecorp.in,-7541985160,26-Aug-26
EMP0138,Saurabh Tripathi,Male,27,Marketing,Content Strategist,L2,Rahul Iyer,Bangalore,Karnataka,High School,Permanent,Office,30-May-22,2022,5,4,valid,4.7,"₹ 9,45,000",945000,Valid,"₹ 85,050",4,No,02-Dec-24,81,valid,2,31,33.9,Active,No,,saurabhtripathi.emp0138@examplecorp.in,-7175503581,26-Aug-26
EMP0139,Sakshi Nair,Female,35,Sales,Key Account Manager,L5,Neha Kapoor,Noida,Uttar Pradesh,PhD,Contract,Hybrid,21-Apr-20,2020,4,6,valid,13.8,"₹ 7,90,000",790000,Valid,"₹ 63,200",4,No,,87.6,valid,9,28,23.1,Active,No,,sakshinair.emp0139@examplecorp.in,-8974862674,26-Aug-26
EMP0140,Aditi Reddy,Female,36,R&D,Product Researcher,L2,Dr. Meera Krishnan,Noida,Uttar Pradesh,Master's,Permanent,Office,11-May-26,2026,5,0,valid,9.4,"₹ 10,60,000",1060000,Valid,"₹ 84,800",3,No,,93.3,valid,5,46,21.7,Active,No,,aditireddy.emp0140@examplecorp.in,-7831540034,26-Aug-26
EMP0141,Aisha Jain,Female,29,Admin,Executive Assistant,L2,Kavita Joshi,Ahmedabad,Gujarat,Diploma,Permanent,Office,06-Oct-20,2020,10,5,valid,7.5,"₹ 8,90,000",890000,Valid,"₹ 1,06,800",3,No,,85.7,valid,10,46,33.9,Active,No,,aishajain.emp0141@examplecorp.in,-6388758922,26-Aug-26
EMP0142,Pallavi Kumar,Female,34,Customer Support,Customer Support Manager,L4,Rohit Bhatia,Coimbatore,Tamil Nadu,Diploma,Contract,Office,04-Feb-26,2026,2,0,valid,6.9,"₹ 12,15,000",1215000,Valid,"₹ 1,21,500",5,No,,96.7,valid,16,34,47.2,Active,No,,pallavikumar.emp0142@examplecorp.in,-9409843343,26-Aug-26
EMP0143,Pallavi Roy,Female,35,HR,Learning & Development Specialist,L2,Priya Nair,Pune,Maharashtra,PhD,Contract,Hybrid,10-Jan-24,2024,1,2,valid,7.8,"₹ 5,80,000",580000,Valid,"₹ 34,800",5,No,,75.6,valid,0,30,16.6,Active,No,,pallaviroy.emp0143@examplecorp.in,-7642079144,26-Aug-26
EMP0144,Sakshi Jain,Female,27,Customer Support,Support Team Lead,L3,Rohit Bhatia,Pune,Maharashtra,MBA,Permanent,Hybrid,10-Jun-25,2025,6,1,valid,5.8,"₹ 7,70,000",770000,Valid,"₹ 1,30,900",4,Yes,,80.4,valid,20,90,18.9,Active,No,,sakshijain.emp0144@examplecorp.in,-7509790706,26-Aug-26
EMP0145,Harsh Jain,Male,35,Admin,Administration Manager,L5,Kavita Joshi,Coimbatore,Tamil Nadu,PhD,Permanent,Remote,28-Apr-23,2023,4,3,valid,13.9,"₹ 12,35,000",1235000,Valid,"₹ 1,72,900",1,No,,75.7,valid,17,18,34.5,Active,No,,harshjain.emp0145@examplecorp.in,-6217325835,26-Aug-26
EMP0146,Swati Chandra,Female,37,Operations,Operations Supervisor,L1,Sanjay Verma,Hyderabad,Telangana,MBA,Permanent,Remote,05-Apr-18,2018,4,8,valid,14.3,"₹ 8,70,000",870000,Valid,"₹ 60,900",4,Yes,14-Mar-20,80.2,valid,22,17,62,Active,No,,swatichandra.emp0146@examplecorp.in,-6232464786,26-Aug-26
EMP0147,Neha Chatterjee,Female,38,Admin,Office Administrator,L1,Kavita Joshi,Bangalore,Karnataka,High School,Permanent,Office,26-Jan-18,2018,1,8,valid,15.1,"₹ 5,60,000",560000,Valid,"₹ 78,400",3,No,24-Jun-24,97.9,valid,1,30,24.6,Active,No,,nehachatterjee.emp0147@examplecorp.in,-9947453657,26-Aug-26
EMP0148,Saurabh Reddy,Male,36,R&D,Product Researcher,L1,Dr. Meera Krishnan,Coimbatore,Tamil Nadu,MBA,Permanent,Remote,06-Mar-25,2025,3,1,valid,11.7,"₹ 13,40,000",1340000,Valid,"₹ 2,41,200",3,No,,86.2,valid,14,30,43.6,Active,No,,saurabhreddy.emp0148@examplecorp.in,-6289091713,26-Aug-26
EMP0149,Kavya Gupta,Female,27,Customer Support,Customer Success Manager,L4,Rohit Bhatia,Kolkata,West Bengal,Master's,Permanent,Remote,20-May-25,2025,5,1,valid,2.4,"₹ 8,60,000",860000,Valid,"₹ 1,03,200",4,Yes,,98.6,valid,30,48,48.2,Active,No,,kavyagupta.emp0149@examplecorp.in,-9768516564,26-Aug-26
EMP0150,Sakshi Kumar,Female,35,Legal,Corporate Counsel,L5,Ananya Rao,Chennai,Tamil Nadu,High School,Permanent,Office,28-Apr-19,2019,4,7,valid,8.2,"₹ 15,70,000",1570000,Valid,"₹ 2,66,900",4,Yes,28-Nov-22,81.6,valid,17,63,21.2,Active,No,,sakshikumar.emp0150@examplecorp.in,-9211535367,26-Aug-26
EMP0151,Simran Kumar,Female,27,R&D,Product Researcher,L2,Dr. Meera Krishnan,Noida,Uttar Pradesh,Bachelor's,Permanent,Hybrid,26-Mar-25,2025,3,1,valid,4.2,"₹ 10,25,000",1025000,Valid,"₹ 1,12,750",2,No,,88.9,valid,22,89,18.6,Active,No,,simrankumar.emp0151@examplecorp.in,-7847441287,26-Aug-26
EMP0152,Aditya Kumar,Male,42,Marketing,Content Strategist,L1,Rahul Iyer,Kolkata,West Bengal,Master's,Permanent,Remote,15-Aug-19,2019,8,7,valid,16.3,"₹ 7,55,000",755000,Valid,"₹ 1,43,450",3,No,,76.5,valid,14,22,30.1,Active,No,,adityakumar.emp0152@examplecorp.in,-9932792327,26-Aug-26
EMP0153,Pranav Kapoor,Male,42,Customer Support,Customer Support Executive,L1,Rohit Bhatia,Kolkata,West Bengal,MBA,Permanent,Office,29-Jul-19,2019,7,7,valid,18,"₹ 4,90,000",490000,Valid,"₹ 98,000",5,Yes,,96.2,valid,14,35,15.1,Active,No,,pranavkapoor.emp0153@examplecorp.in,-7596421339,26-Aug-26
EMP0154,Bhavna Tripathi,Female,29,Marketing,Digital Marketing Specialist,L1,Rahul Iyer,Kolkata,West Bengal,Diploma,Permanent,Hybrid,19-Jul-25,2025,7,1,valid,5.6,"₹ 6,60,000",660000,Valid,"₹ 92,400",4,Yes,,99.1,valid,22,87,35.5,Active,No,,bhavnatripathi.emp0154@examplecorp.in,-9579090157,26-Aug-26
EMP0155,Yash Gupta,Male,29,Marketing,Marketing Manager,L5,Rahul Iyer,Hyderabad,Telangana,High School,Permanent,Hybrid,29-Oct-22,2022,10,3,valid,4.3,"₹ 19,85,000",1985000,Valid,"₹ 2,58,050",1,No,,93.9,valid,8,14,35.1,Active,No,,yashgupta.emp0155@examplecorp.in,-8580370841,26-Aug-26
EMP0156,Radhika Varma,Female,28,Customer Support,Customer Success Manager,L5,Rohit Bhatia,Hyderabad,Telangana,High School,Permanent,Hybrid,09-Sep-24,2024,9,1,valid,2.2,"₹ 7,75,000",775000,Valid,"₹ 1,31,750",3,No,,78.2,valid,28,25,63.6,Active,No,,radhikavarma.emp0156@examplecorp.in,-9799661251,26-Aug-26
EMP0157,Kavya Varma,Female,33,HR,HR Manager,L5,Priya Nair,Mumbai,Maharashtra,PhD,Permanent,Hybrid,25-Feb-23,2023,2,3,valid,8.5,"₹ 18,95,000",1895000,Valid,"₹ 1,51,600",3,No,,91.1,valid,24,69,34.3,Active,No,,kavyavarma.emp0157@examplecorp.in,-7707910557,26-Aug-26
EMP0158,Gaurav Nair,Male,37,Admin,Facilities Executive,L1,Kavita Joshi,Bangalore,Karnataka,PhD,Contract,Hybrid,06-Feb-26,2026,2,0,valid,11.3,"₹ 3,90,000",390000,Valid,"₹ 27,300",2,No,,97.4,valid,16,11,36.8,Active,No,,gauravnair.emp0158@examplecorp.in,-6386367796,26-Aug-26
EMP0159,Radhika Kumar,Female,37,IT,IT Manager,L4,Arjun Mehta,Hyderabad,Telangana,PhD,Contract,Hybrid,19-Sep-21,2021,9,4,valid,9.5,"₹ 19,20,000",1920000,Valid,"₹ 1,92,000",5,No,,85,valid,16,52,29.1,Active,No,,radhikakumar.emp0159@examplecorp.in,-7241190429,26-Aug-26
EMP0160,Simran Shah,Female,42,Admin,Office Administrator,L1,Kavita Joshi,Ahmedabad,Gujarat,PhD,Permanent,Hybrid,08-Mar-19,2019,3,7,valid,18.2,"₹ 6,85,000",685000,Valid,"₹ 54,800",5,Yes,15-Oct-24,94.8,valid,8,68,16.5,Active,No,,simranshah.emp0160@examplecorp.in,-7472499356,26-Aug-26
EMP0161,Kajal Iyer,Female,33,IT,Senior Software Engineer,L3,Arjun Mehta,Pune,Maharashtra,Bachelor's,Permanent,Hybrid,20-Jun-26,2026,6,0,valid,6.6,"₹ 18,45,000",1845000,Valid,"₹ 2,02,950",4,No,,76.5,valid,28,14,61.5,Active,No,,kajaliyer.emp0161@examplecorp.in,-9275886468,26-Aug-26
EMP0162,Aadhya Jain,Female,36,R&D,Research Associate,L1,Dr. Meera Krishnan,Noida,Uttar Pradesh,High School,Permanent,Hybrid,04-Dec-24,2024,12,1,valid,11.9,"₹ 8,45,000",845000,Valid,"₹ 1,69,000",3,No,,86,valid,2,15,33.5,Active,No,,aadhyajain.emp0162@examplecorp.in,-7618373174,26-Aug-26
EMP0163,Manish Kumar,Male,45,HR,HR Manager,L5,Priya Nair,Hyderabad,Telangana,Master's,Permanent,Remote,21-Jun-20,2020,6,6,valid,17.9,"₹ 16,05,000",1605000,Valid,"₹ 2,88,900",3,No,,97.4,valid,27,61,37.6,Active,No,,manishkumar.emp0163@examplecorp.in,-9254657506,26-Aug-26
EMP0164,Riya Desai,Female,33,IT,IT Manager,L5,Arjun Mehta,Mumbai,Maharashtra,Diploma,Contract,Hybrid,15-Nov-18,2018,11,7,valid,10.7,"₹ 13,85,000",1385000,Valid,"₹ 69,250",5,No,,94.3,valid,3,12,64.1,Active,No,,riyadesai.emp0164@examplecorp.in,-9376438292,26-Aug-26
EMP0165,Manish Agarwal,Male,33,Admin,Facilities Executive,L2,Kavita Joshi,Mumbai,Maharashtra,High School,Permanent,Office,25-Dec-21,2021,12,4,valid,7.1,"₹ 4,80,000",480000,Valid,"₹ 72,000",4,Yes,01-May-26,99.9,valid,19,73,36.6,On Notice,No,,manishagarwal.emp0165@examplecorp.in,-9423087351,26-Aug-26
EMP0166,Ananya Menon,Female,25,R&D,Product Researcher,L1,Dr. Meera Krishnan,Bangalore,Karnataka,Bachelor's,Permanent,Remote,19-May-23,2023,5,3,valid,3.3,"₹ 9,20,000",920000,Valid,"₹ 1,28,800",3,No,,80.5,valid,17,14,30.3,Active,No,,ananyamenon.emp0166@examplecorp.in,-6114406949,26-Aug-26
EMP0167,Ananya Roy,Female,39,IT,Data Analyst,L2,Arjun Mehta,Delhi,Delhi,PhD,Permanent,Hybrid,30-Nov-22,2022,11,3,valid,12.7,"₹ 8,25,000",825000,Valid,"₹ 1,65,000",4,Yes,,77.4,valid,26,41,15.5,Active,No,,ananyaroy.emp0167@examplecorp.in,-7335206585,26-Aug-26
EMP0168,Vaishnavi Desai,Female,28,Marketing,Content Strategist,L2,Rahul Iyer,Ahmedabad,Gujarat,Diploma,Permanent,Hybrid,12-Jun-22,2022,6,4,valid,6.3,"₹ 7,00,000",700000,Valid,"₹ 1,40,000",4,Yes,,85.9,valid,28,33,12.8,Active,No,,vaishnavidesai.emp0168@examplecorp.in,-9169953002,26-Aug-26
EMP0169,Kavya Agarwal,Female,33,R&D,Data Scientist,L1,Dr. Meera Krishnan,Chennai,Tamil Nadu,PhD,Permanent,Remote,07-Mar-22,2022,3,4,valid,7.1,"₹ 15,15,000",1515000,Valid,"₹ 1,96,950",4,Yes,,94.9,valid,24,15,28.8,Active,No,,kavyaagarwal.emp0169@examplecorp.in,-8478921328,26-Aug-26
EMP0170,Shreya Nair,Female,28,Operations,Operations Manager,L1,Sanjay Verma,Chennai,Tamil Nadu,High School,Intern,Remote,16-Jul-26,2026,7,0,valid,0.7,"₹ 3,85,000",385000,Valid,"₹ 53,900",5,No,,75.2,valid,6,48,55,Active,No,,shreyanair.emp0170@examplecorp.in,-8909151763,26-Aug-26
EMP0171,Megha Bose,Female,38,HR,Talent Acquisition Specialist,L2,Priya Nair,Coimbatore,Tamil Nadu,Diploma,Permanent,Office,28-Nov-22,2022,11,3,valid,10.6,"₹ 7,15,000",715000,Valid,"₹ 71,500",5,Yes,22-Apr-24,95.2,valid,21,86,3.6,Active,No,,meghabose.emp0171@examplecorp.in,-9522220819,26-Aug-26
EMP0172,Ashish Mishra,Male,31,Customer Support,Customer Success Manager,L5,Rohit Bhatia,Mumbai,Maharashtra,Bachelor's,Permanent,Hybrid,02-Jun-25,2025,6,1,valid,3.7,"₹ 9,40,000",940000,Valid,"₹ 56,400",4,Yes,,78.2,valid,5,49,6.5,Resigned,Yes,Personal Reasons,ashishmishra.emp0172@examplecorp.in,-7368997192,26-Aug-26
EMP0173,Anjali Patel,Female,33,Finance,Internal Auditor,L2,Vikram Shah,Noida,Uttar Pradesh,High School,Permanent,Remote,17-Jan-24,2024,1,2,valid,9.6,"₹ 8,45,000",845000,Valid,"₹ 1,60,550",3,No,,81.2,valid,24,88,19.7,Active,No,,anjalipatel.emp0173@examplecorp.in,-6290539842,26-Aug-26
EMP0174,Shivam Patel,Male,38,R&D,Product Researcher,L1,Dr. Meera Krishnan,Coimbatore,Tamil Nadu,Bachelor's,Permanent,Remote,08-Apr-22,2022,4,4,valid,11.5,"₹ 9,35,000",935000,Valid,"₹ 84,150",3,No,,79.5,valid,6,76,34.6,Active,No,,shivampatel.emp0174@examplecorp.in,-9532676401,26-Aug-26
EMP0175,Bhavna Tripathi,Female,28,IT,Data Analyst,L1,Arjun Mehta,Hyderabad,Telangana,High School,Permanent,Remote,31-Jan-24,2024,1,2,valid,4.1,"₹ 11,40,000",1140000,Valid,"₹ 1,59,600",3,No,04-Feb-26,91.6,valid,5,100,36.5,Active,No,,bhavnatripathi.emp0175@examplecorp.in,-9661415688,26-Aug-26
EMP0176,Akash Varma,Male,33,Finance,Internal Auditor,L2,Vikram Shah,Bangalore,Karnataka,Diploma,Permanent,Remote,25-Jun-18,2018,6,8,valid,9.6,"₹ 8,90,000",890000,Valid,"₹ 89,000",3,No,,87.7,valid,12,91,23.7,Active,No,,akashvarma.emp0176@examplecorp.in,-7413235765,26-Aug-26
EMP0177,Tanvi Srinivasan,Female,27,HR,Talent Acquisition Specialist,L2,Priya Nair,Noida,Uttar Pradesh,MBA,Contract,Hybrid,13-Oct-25,2025,10,0,valid,2.7,"₹ 7,80,000",780000,Valid,"₹ 62,400",3,No,,92.3,valid,0,21,43.1,Active,No,,tanvisrinivasan.emp0177@examplecorp.in,-9880663831,26-Aug-26
EMP0178,Ankit Mishra,Male,37,R&D,Research Engineer,L2,Dr. Meera Krishnan,Bangalore,Karnataka,Bachelor's,Contract,Hybrid,29-Apr-19,2019,4,7,valid,13.8,"₹ 13,70,000",1370000,Valid,"₹ 2,05,500",1,No,,88.7,valid,2,16,35.7,Active,No,,ankitmishra.emp0178@examplecorp.in,-6409814354,26-Aug-26
EMP0179,Vivek Iyer,Male,36,Finance,Accountant,L2,Vikram Shah,Hyderabad,Telangana,PhD,Permanent,Hybrid,04-Aug-19,2019,8,7,valid,9,"₹ 6,00,000",600000,Valid,"₹ 48,000",4,No,07-Apr-22,76.1,valid,20,46,42.4,Active,No,,vivekiyer.emp0179@examplecorp.in,-7656269888,26-Aug-26
EMP0180,Deepak Banerjee,Male,36,Admin,Facilities Executive,L2,Kavita Joshi,Noida,Uttar Pradesh,High School,Permanent,Office,04-May-24,2024,5,2,valid,11.9,"₹ 4,35,000",435000,Valid,"₹ 30,450",2,No,,83.6,valid,4,100,4.1,Active,No,,deepakbanerjee.emp0180@examplecorp.in,-9165234584,26-Aug-26
EMP0181,Rajesh Mishra,Male,29,Sales,Sales Executive,L1,Neha Kapoor,Noida,Uttar Pradesh,PhD,Permanent,Hybrid,07-Jun-22,2022,6,4,valid,5.4,"₹ 4,45,000",445000,Valid,"₹ 35,600",5,No,,94.6,valid,15,39,9.9,Active,No,,rajeshmishra.emp0181@examplecorp.in,-9655672141,26-Aug-26
EMP0182,Aadhya Patel,Female,40,Legal,Corporate Counsel,L4,Ananya Rao,Mumbai,Maharashtra,PhD,Contract,Remote,27-Feb-24,2024,2,2,valid,13.2,"₹ 15,70,000",1570000,Valid,"₹ 1,09,900",4,No,,95.8,valid,8,52,40.3,Active,No,,aadhyapatel.emp0182@examplecorp.in,-8868639552,26-Aug-26
EMP0183,Deepak Jain,Male,37,HR,HR Executive,L1,Priya Nair,Pune,Maharashtra,PhD,Permanent,Office,13-Oct-18,2018,10,7,valid,10,"₹ 4,70,000",470000,Valid,"₹ 47,000",3,No,29-Apr-25,93.1,valid,20,84,18.6,Active,No,,deepakjain.emp0183@examplecorp.in,-8522308150,26-Aug-26
EMP0184,Pranav Chatterjee,Male,30,Legal,Compliance Analyst,L1,Ananya Rao,Pune,Maharashtra,Master's,Permanent,Hybrid,05-Nov-23,2023,11,2,valid,8.8,"₹ 8,55,000",855000,Valid,"₹ 1,19,700",4,No,28-Jun-25,91.5,valid,2,33,27.4,Active,No,,pranavchatterjee.emp0184@examplecorp.in,-9708131212,26-Aug-26
EMP0185,Deepa Reddy,Female,28,Admin,Executive Assistant,L1,Kavita Joshi,Ahmedabad,Gujarat,Diploma,Intern,Office,05-Dec-25,2025,12,0,valid,1.3,"₹ 3,55,000",355000,Valid,"₹ 31,950",3,No,,79.7,valid,11,13,19.7,Resigned,Yes,Better Career Opportunity,deepareddy.emp0185@examplecorp.in,-9637830682,26-Aug-26
EMP0186,Karan Srinivasan,Male,33,HR,Learning & Development Specialist,L2,Priya Nair,Pune,Maharashtra,Bachelor's,Permanent,Hybrid,12-Jul-22,2022,7,4,valid,8.8,"₹ 9,40,000",940000,Valid,"₹ 1,59,800",4,Yes,18-Mar-26,86.4,valid,25,29,16.9,Resigned,Yes,Relocation,karansrinivasan.emp0186@examplecorp.in,-7238284489,26-Aug-26
EMP0187,Mohit Rao,Male,44,Legal,Corporate Counsel,L4,Ananya Rao,Kolkata,West Bengal,Bachelor's,Permanent,Hybrid,21-Apr-20,2020,4,6,valid,17.1,"₹ 20,00,000",2000000,Valid,"₹ 3,80,000",4,Yes,14-Feb-22,77.6,valid,0,14,42.1,Active,No,,mohitrao.emp0187@examplecorp.in,-6162995140,26-Aug-26
EMP0188,Akash Menon,Male,33,Sales,Sales Manager,L5,Neha Kapoor,Kolkata,West Bengal,PhD,Permanent,Office,24-Oct-25,2025,10,0,valid,11.7,"₹ 17,05,000",1705000,Valid,"₹ 3,23,950",5,No,,79.8,valid,26,63,9.8,Active,No,,akashmenon.emp0188@examplecorp.in,-8638585998,26-Aug-26
EMP0189,Pooja Varma,Female,28,Finance,Finance Manager,L1,Vikram Shah,Delhi,Delhi,Bachelor's,Intern,Remote,22-Oct-25,2025,10,0,valid,1.1,"₹ 2,70,000",270000,Valid,"₹ 37,800",5,No,,78.2,valid,0,23,20,Active,No,,poojavarma.emp0189@examplecorp.in,-7218644962,26-Aug-26
EMP0190,Arnav Srinivasan,Male,38,Sales,Sales Manager,L4,Neha Kapoor,Hyderabad,Telangana,High School,Permanent,Hybrid,10-Jul-19,2019,7,7,valid,12.6,"₹ 13,95,000",1395000,Valid,"₹ 2,51,100",3,No,,92.7,valid,25,35,54.9,Active,No,,arnavsrinivasan.emp0190@examplecorp.in,-9301904013,26-Aug-26
EMP0191,Saurabh Gupta,Male,33,Operations,Supply Chain Analyst,L2,Sanjay Verma,Mumbai,Maharashtra,PhD,Permanent,Hybrid,11-Apr-24,2024,4,2,valid,9,"₹ 9,50,000",950000,Valid,"₹ 1,23,500",3,No,,92.6,valid,17,40,32.5,Active,No,,saurabhgupta.emp0191@examplecorp.in,-7649442576,26-Aug-26
EMP0192,Pooja Chatterjee,Female,43,Marketing,Brand Manager,L4,Rahul Iyer,Noida,Uttar Pradesh,MBA,Permanent,Hybrid,25-Apr-18,2018,4,8,valid,15.7,"₹ 15,70,000",1570000,Valid,"₹ 2,82,600",3,No,18-Aug-23,87.5,valid,15,80,12.2,Active,No,,poojachatterjee.emp0192@examplecorp.in,-9424246741,26-Aug-26
EMP0193,Gaurav Sharma,Male,28,Customer Support,Customer Support Manager,L5,Rohit Bhatia,Bangalore,Karnataka,Master's,Permanent,Office,07-Feb-26,2026,2,0,valid,2.1,"₹ 16,75,000",1675000,Valid,"₹ 2,68,000",5,No,,92.8,valid,9,18,25.3,Active,No,,gauravsharma.emp0193@examplecorp.in,-6756371683,26-Aug-26
EMP0194,Aisha Bose,Female,37,Legal,Contract Specialist,L2,Ananya Rao,Noida,Uttar Pradesh,Bachelor's,Permanent,Office,28-Apr-18,2018,4,8,valid,15.7,"₹ 7,60,000",760000,Valid,"₹ 1,06,400",4,Yes,,96.5,valid,22,50,4.6,On Notice,No,,aishabose.emp0194@examplecorp.in,-6998054578,26-Aug-26
EMP0195,Akash Banerjee,Male,32,Sales,Sales Manager,L5,Neha Kapoor,Delhi,Delhi,Diploma,Permanent,Hybrid,20-Mar-21,2021,3,5,valid,7.9,"₹ 16,60,000",1660000,Valid,"₹ 1,32,800",2,No,28-Oct-22,82.8,valid,12,66,63.1,Resigned,Yes,Work-Life Balance,akashbanerjee.emp0195@examplecorp.in,-9244008607,26-Aug-26
EMP0196,Saurabh Kapoor,Male,34,Finance,Finance Manager,L5,Vikram Shah,Hyderabad,Telangana,Bachelor's,Permanent,Remote,19-Dec-20,2020,12,5,valid,12.9,"₹ 17,45,000",1745000,Valid,"₹ 3,14,100",5,No,24-Aug-25,90.5,valid,20,49,43.4,Active,No,,saurabhkapoor.emp0196@examplecorp.in,-9958678811,26-Aug-26
EMP0197,Shivam Bose,Male,32,R&D,Research Engineer,L1,Dr. Meera Krishnan,Kolkata,West Bengal,PhD,Permanent,Remote,22-Apr-21,2021,4,5,valid,6.7,"₹ 14,25,000",1425000,Valid,"₹ 2,13,750",3,No,,90.6,valid,29,18,25.9,On Notice,No,,shivambose.emp0197@examplecorp.in,-9788535111,26-Aug-26
EMP0198,Amit Bose,Male,35,Finance,Financial Analyst,L2,Vikram Shah,Bangalore,Karnataka,Diploma,Permanent,Hybrid,06-Apr-23,2023,4,3,valid,11.8,"₹ 10,45,000",1045000,Valid,"₹ 1,56,750",3,No,16-Sep-24,80.4,valid,10,46,2,Resigned,Yes,Personal Reasons,amitbose.emp0198@examplecorp.in,-7570631161,26-Aug-26
EMP0199,Akash Chandra,Male,36,IT,Data Analyst,L2,Arjun Mehta,Noida,Uttar Pradesh,Diploma,Permanent,Remote,20-Jun-20,2020,6,6,valid,11.2,"₹ 7,05,000",705000,Valid,"₹ 49,350",4,Yes,,82.5,valid,29,66,20.1,Active,No,,akashchandra.emp0199@examplecorp.in,-6450252402,26-Aug-26
EMP0200,Vivek Reddy,Male,37,Finance,Financial Analyst,L1,Vikram Shah,Chennai,Tamil Nadu,PhD,Contract,Hybrid,06-Dec-22,2022,12,3,valid,13.7,"₹ 7,80,000",780000,Valid,"₹ 70,200",4,No,,99.5,valid,11,33,1.7,On Notice,No,,vivekreddy.emp0200@examplecorp.in,-8524830162,26-Aug-26
EMP0201,Anjali Varma,Female,33,Customer Support,Customer Support Manager,L4,Rohit Bhatia,Ahmedabad,Gujarat,High School,Permanent,Remote,07-Jun-25,2025,6,1,valid,8.7,"₹ 14,15,000",1415000,Valid,"₹ 1,27,350",5,Yes,,76.8,valid,0,56,12.1,On Notice,No,,anjalivarma.emp0201@examplecorp.in,-9881372793,26-Aug-26
EMP0202,Aisha Tripathi,Female,30,Customer Support,Customer Support Manager,L4,Rohit Bhatia,Noida,Uttar Pradesh,High School,Permanent,Office,14-Aug-24,2024,8,2,valid,7.8,"₹ 17,00,000",1700000,Valid,"₹ 2,21,000",4,Yes,,97.1,valid,11,83,48.6,Active,No,,aishatripathi.emp0202@examplecorp.in,-7628551458,26-Aug-26
EMP0203,Varun Das,Male,36,Marketing,Marketing Manager,L4,Rahul Iyer,Bangalore,Karnataka,High School,Permanent,Office,13-Jul-21,2021,7,5,valid,8.4,"₹ 20,20,000",2020000,Valid,"₹ 1,61,600",4,No,10-Dec-23,81.2,valid,19,95,20.8,Active,No,,varundas.emp0203@examplecorp.in,-8306875740,26-Aug-26
EMP0204,Akanksha Banerjee,Female,38,R&D,Research Associate,L2,Dr. Meera Krishnan,Mumbai,Maharashtra,Master's,Contract,Hybrid,21-Aug-18,2018,8,8,valid,13,"₹ 7,20,000",720000,Valid,"₹ 43,200",4,No,,90.6,valid,2,7,28.4,Active,No,,akankshabanerjee.emp0204@examplecorp.in,-6709699766,26-Aug-26
EMP0205,Aisha Mishra,Female,39,Marketing,Marketing Manager,L5,Rahul Iyer,Bangalore,Karnataka,MBA,Permanent,Hybrid,05-May-22,2022,5,4,valid,11.6,"₹ 12,80,000",1280000,Valid,"₹ 64,000",5,Yes,,77,valid,3,35,0.1,Active,No,,aishamishra.emp0205@examplecorp.in,-8215396442,26-Aug-26
EMP0206,Ankit Khan,Male,29,HR,HR Executive,L1,Priya Nair,Hyderabad,Telangana,MBA,Permanent,Hybrid,11-Jun-23,2023,6,3,valid,8,"₹ 5,40,000",540000,Valid,"₹ 1,02,600",4,Yes,,83,valid,0,26,38,Resigned,Yes,Better Career Opportunity,ankitkhan.emp0206@examplecorp.in,-9485060151,26-Aug-26
EMP0207,Varun Menon,Male,35,Admin,Office Administrator,L2,Kavita Joshi,Ahmedabad,Gujarat,Bachelor's,Contract,Remote,12-Jan-19,2019,1,7,valid,13,"₹ 5,90,000",590000,Valid,"₹ 35,400",4,No,,97.6,valid,4,11,39.9,Active,No,,varunmenon.emp0207@examplecorp.in,-8322441518,26-Aug-26
EMP0208,Komal Iyer,Female,36,R&D,Research Associate,L1,Dr. Meera Krishnan,Hyderabad,Telangana,High School,Permanent,Office,10-Jul-19,2019,7,7,valid,10.2,"₹ 8,40,000",840000,Valid,"₹ 1,00,800",3,No,27-Nov-23,98.2,valid,17,69,2.9,Active,No,,komaliyer.emp0208@examplecorp.in,-7535885402,26-Aug-26
EMP0209,Ankit Gupta,Male,33,R&D,Data Scientist,L1,Dr. Meera Krishnan,Chennai,Tamil Nadu,PhD,Permanent,Hybrid,12-Oct-20,2020,10,5,valid,5.5,"₹ 17,75,000",1775000,Valid,"₹ 3,01,750",3,No,28-Jul-24,89.5,valid,12,38,23.8,Active,No,,ankitgupta.emp0209@examplecorp.in,-7693226965,26-Aug-26
EMP0210,Sakshi Iyer,Female,33,Operations,Operations Executive,L2,Sanjay Verma,Chennai,Tamil Nadu,Master's,Permanent,Hybrid,19-Feb-26,2026,2,0,valid,8.2,"₹ 5,85,000",585000,Valid,"₹ 81,900",4,No,,97.1,valid,23,45,15.6,Active,No,,sakshiiyer.emp0210@examplecorp.in,-9659596079,26-Aug-26
EMP0211,Kajal Kapoor,Female,32,HR,Learning & Development Specialist,L2,Priya Nair,Chennai,Tamil Nadu,High School,Contract,Hybrid,13-Jun-26,2026,6,0,valid,10.7,"₹ 7,90,000",790000,Valid,"₹ 1,58,000",5,No,,95.6,valid,13,19,15.9,Active,No,,kajalkapoor.emp0211@examplecorp.in,-9971924340,26-Aug-26
EMP0212,Aditya Chatterjee,Male,32,Admin,Administrative Assistant,L2,Kavita Joshi,Delhi,Delhi,MBA,Contract,Hybrid,18-Oct-21,2021,10,4,valid,8.8,"₹ 2,65,000",265000,Valid,"₹ 50,350",5,No,,75.5,valid,0,50,40.5,Active,No,,adityachatterjee.emp0212@examplecorp.in,-9714545632,26-Aug-26
EMP0213,Amit Srinivasan,Male,40,HR,Learning & Development Specialist,L2,Priya Nair,Pune,Maharashtra,Diploma,Permanent,Hybrid,25-Jul-23,2023,7,3,valid,12.4,"₹ 8,75,000",875000,Valid,"₹ 1,40,000",3,No,,83.9,valid,5,33,44.5,Active,No,,amitsrinivasan.emp0213@examplecorp.in,-9993727251,26-Aug-26
EMP0214,Nikhil Srinivasan,Male,34,Legal,Contract Specialist,L2,Ananya Rao,Kolkata,West Bengal,Bachelor's,Permanent,Remote,27-Feb-18,2018,2,8,valid,11.7,"₹ 9,50,000",950000,Valid,"₹ 1,71,000",3,No,,87.6,valid,20,64,19.6,Active,No,,nikhilsrinivasan.emp0214@examplecorp.in,-7298402744,26-Aug-26
EMP0215,Saurabh Tripathi,Male,35,Legal,Legal Manager,L4,Ananya Rao,Coimbatore,Tamil Nadu,PhD,Permanent,Remote,12-Jul-21,2021,7,5,valid,9.8,"₹ 21,40,000",2140000,Valid,"₹ 3,21,000",2,No,,90.9,valid,21,13,33.1,Active,No,,saurabhtripathi.emp0215@examplecorp.in,-6160266450,26-Aug-26
EMP0216,Manish Khan,Male,25,Admin,Facilities Executive,L1,Kavita Joshi,Chennai,Tamil Nadu,Master's,Permanent,Hybrid,12-Apr-25,2025,4,1,valid,1,"₹ 4,90,000",490000,Valid,"₹ 73,500",5,Yes,,82,valid,18,67,41.9,Active,No,,manishkhan.emp0216@examplecorp.in,-7461877408,26-Aug-26
EMP0217,Akash Agarwal,Male,35,IT,Senior Software Engineer,L3,Arjun Mehta,Ahmedabad,Gujarat,Diploma,Permanent,Hybrid,18-Jun-23,2023,6,3,valid,10.6,"₹ 16,55,000",1655000,Valid,"₹ 2,64,800",4,No,24-Feb-26,85.3,valid,8,37,10.1,Active,No,,akashagarwal.emp0217@examplecorp.in,-8232546686,26-Aug-26
EMP0218,Divya Kumar,Female,41,Sales,Sales Operations Analyst,L2,Neha Kapoor,Noida,Uttar Pradesh,Diploma,Permanent,Hybrid,26-May-23,2023,5,3,valid,13.8,"₹ 9,60,000",960000,Valid,"₹ 1,34,400",3,No,,98.6,valid,8,14,26.9,Active,No,,divyakumar.emp0218@examplecorp.in,-8231295211,26-Aug-26
EMP0219,Shivam Bose,Male,35,Marketing,Brand Manager,L4,Rahul Iyer,Coimbatore,Tamil Nadu,Bachelor's,Permanent,Hybrid,17-Feb-18,2018,2,8,valid,11,"₹ 10,30,000",1030000,Valid,"₹ 1,85,400",3,No,,81.6,valid,2,64,38.6,Active,No,,shivambose.emp0219@examplecorp.in,-9562658478,26-Aug-26
EMP0220,Rajesh Chatterjee,Male,35,HR,Talent Acquisition Specialist,L2,Priya Nair,Pune,Maharashtra,Diploma,Permanent,Hybrid,17-Sep-25,2025,9,0,valid,8.8,"₹ 7,65,000",765000,Valid,"₹ 84,150",3,No,,90.7,valid,20,61,42.8,Active,No,,rajeshchatterjee.emp0220@examplecorp.in,-7634306152,26-Aug-26
EMP0221,Pooja Chandra,Female,45,Customer Support,Customer Support Executive,L1,Rohit Bhatia,Coimbatore,Tamil Nadu,High School,Permanent,Hybrid,14-Jan-18,2018,1,8,valid,19,"₹ 3,20,000",320000,Valid,"₹ 57,600",4,Yes,,86.4,valid,16,94,67.4,Active,No,,poojachandra.emp0221@examplecorp.in,-8738544385,26-Aug-26
EMP0222,Mohit Patel,Male,26,R&D,Research Associate,L1,Dr. Meera Krishnan,Mumbai,Maharashtra,Diploma,Permanent,Hybrid,09-Jun-26,2026,6,0,valid,3,"₹ 9,95,000",995000,Valid,"₹ 99,500",3,No,,87.2,valid,4,17,26.2,Active,No,,mohitpatel.emp0222@examplecorp.in,-9925730798,26-Aug-26
EMP0223,Tanvi Tripathi,Female,30,R&D,Data Scientist,L2,Dr. Meera Krishnan,Pune,Maharashtra,Diploma,Permanent,Hybrid,11-Jan-25,2025,1,1,valid,8.9,"₹ 17,60,000",1760000,Valid,"₹ 1,23,200",3,No,,97.8,valid,12,99,15.3,Active,No,,tanvitripathi.emp0223@examplecorp.in,-7801594911,26-Aug-26
EMP0224,Akash Varma,Male,35,Finance,Tax Specialist,L2,Vikram Shah,Ahmedabad,Gujarat,Master's,Contract,Remote,01-Jan-21,2021,1,5,valid,11.4,"₹ 6,80,000",680000,Valid,"₹ 1,15,600",3,No,,99.1,valid,6,53,34.9,Active,No,,akashvarma.emp0224@examplecorp.in,-7942571393,26-Aug-26
EMP0225,Varun Iyer,Male,40,Admin,Administration Manager,L5,Kavita Joshi,Mumbai,Maharashtra,Bachelor's,Permanent,Remote,31-Jul-24,2024,7,2,valid,12.2,"₹ 10,70,000",1070000,Valid,"₹ 74,900",4,Yes,25-Feb-26,80.9,valid,5,16,1.4,Active,No,,varuniyer.emp0225@examplecorp.in,-6201388120,26-Aug-26
EMP0226,Rajesh Kapoor,Male,30,Finance,Finance Manager,L4,Vikram Shah,Chennai,Tamil Nadu,Master's,Permanent,Hybrid,24-May-21,2021,5,5,valid,8,"₹ 14,65,000",1465000,Valid,"₹ 1,90,450",4,Yes,,81.4,valid,18,96,21.8,Active,No,,rajeshkapoor.emp0226@examplecorp.in,-7505049863,26-Aug-26
EMP0227,Riya Patel,Female,38,HR,HR Executive,L2,Priya Nair,Hyderabad,Telangana,Master's,Permanent,Hybrid,03-Aug-21,2021,8,5,valid,11.5,"₹ 5,40,000",540000,Valid,"₹ 70,200",4,Yes,27-Dec-25,91.8,valid,25,95,29.1,Active,No,,riyapatel.emp0227@examplecorp.in,-6570538995,26-Aug-26
EMP0228,Pranav Reddy,Male,39,Sales,Key Account Manager,L4,Neha Kapoor,Hyderabad,Telangana,High School,Permanent,Office,13-Sep-20,2020,9,5,valid,13.3,"₹ 10,70,000",1070000,Valid,"₹ 1,71,200",4,Yes,,92,valid,7,87,7.6,Resigned,Yes,Relocation,pranavreddy.emp0228@examplecorp.in,-8898001341,26-Aug-26
EMP0229,Aisha Mishra,Female,42,IT,Systems Administrator,L1,Arjun Mehta,Coimbatore,Tamil Nadu,Master's,Permanent,Office,06-May-18,2018,5,8,valid,18.1,"₹ 8,10,000",810000,Valid,"₹ 72,900",4,Yes,,95,valid,9,93,49.3,Active,No,,aishamishra.emp0229@examplecorp.in,-7215549919,26-Aug-26
EMP0230,Vaishnavi Kumar,Female,34,IT,Senior Software Engineer,L3,Arjun Mehta,Kolkata,West Bengal,High School,Permanent,Remote,04-Nov-20,2020,11,5,valid,8,"₹ 12,90,000",1290000,Valid,"₹ 77,400",1,No,,89.7,valid,5,18,24.7,Active,No,,vaishnavikumar.emp0230@examplecorp.in,-8465192905,26-Aug-26
EMP0231,Vivek Mishra,Male,31,Sales,Sales Manager,L4,Neha Kapoor,Bangalore,Karnataka,Bachelor's,Permanent,Hybrid,28-Dec-19,2019,12,6,valid,7.3,"₹ 20,35,000",2035000,Valid,"₹ 3,66,300",4,Yes,,81.5,valid,12,73,4.3,Active,No,,vivekmishra.emp0231@examplecorp.in,-7823418576,26-Aug-26
EMP0232,Ashish Desai,Male,37,Operations,Operations Supervisor,L1,Sanjay Verma,Kolkata,West Bengal,MBA,Contract,Office,07-Oct-20,2020,10,5,valid,11.2,"₹ 9,60,000",960000,Valid,"₹ 1,05,600",4,No,,78.1,valid,18,15,26.6,Active,No,,ashishdesai.emp0232@examplecorp.in,-9432354292,26-Aug-26
EMP0233,Divya Roy,Female,39,Admin,Administrative Assistant,L2,Kavita Joshi,Pune,Maharashtra,MBA,Permanent,Hybrid,22-Oct-18,2018,10,7,valid,12.7,"₹ 3,60,000",360000,Valid,"₹ 18,000",5,Yes,,97.8,valid,12,74,36,Active,No,,divyaroy.emp0233@examplecorp.in,-6453123545,26-Aug-26
EMP0234,Aman Varma,Male,38,Operations,Process Excellence Analyst,L1,Sanjay Verma,Delhi,Delhi,Bachelor's,Permanent,Office,10-Jan-23,2023,1,3,valid,12.9,"₹ 6,30,000",630000,Valid,"₹ 94,500",4,Yes,29-Mar-25,88.1,valid,28,92,37.9,Active,No,,amanvarma.emp0234@examplecorp.in,-8638165108,26-Aug-26
EMP0235,Rishabh Shah,Male,38,Sales,Key Account Manager,L5,Neha Kapoor,Mumbai,Maharashtra,MBA,Permanent,Hybrid,22-Nov-20,2020,11,5,valid,16,"₹ 11,70,000",1170000,Valid,"₹ 1,87,200",3,No,,91,valid,21,89,29.3,Active,No,,rishabhshah.emp0235@examplecorp.in,-7510001812,26-Aug-26
EMP0236,Pranav Gupta,Male,33,Customer Support,Customer Support Executive,L2,Rohit Bhatia,Kolkata,West Bengal,PhD,Contract,Hybrid,20-Sep-18,2018,9,7,valid,11.3,"₹ 3,65,000",365000,Valid,"₹ 43,800",2,No,,96.1,valid,8,30,2.7,Resigned,Yes,Performance Separation,pranavgupta.emp0236@examplecorp.in,-8707012853,26-Aug-26
EMP0237,Arnav Jain,Male,28,HR,HR Executive,L1,Priya Nair,Coimbatore,Tamil Nadu,Diploma,Intern,Hybrid,15-Mar-26,2026,3,0,valid,1.2,"₹ 3,00,000",300000,Valid,"₹ 30,000",4,No,,84.4,valid,5,34,31.5,Active,No,,arnavjain.emp0237@examplecorp.in,-9442285598,26-Aug-26
EMP0238,Aditya Menon,Male,31,Admin,Executive Assistant,L1,Kavita Joshi,Hyderabad,Telangana,High School,Permanent,Office,19-Jan-26,2026,1,0,valid,5.3,"₹ 6,00,000",600000,Valid,"₹ 54,000",3,No,,98.7,valid,10,86,8.5,Active,No,,adityamenon.emp0238@examplecorp.in,-9448902283,26-Aug-26
EMP0239,Divya Patel,Female,38,Legal,Corporate Counsel,L4,Ananya Rao,Bangalore,Karnataka,Master's,Permanent,Hybrid,26-Jan-20,2020,1,6,valid,15.6,"₹ 19,45,000",1945000,Valid,"₹ 3,11,200",4,No,19-Apr-25,95.4,valid,17,95,25.9,Active,No,,divyapatel.emp0239@examplecorp.in,-8608077949,26-Aug-26
EMP0240,Vaishnavi Roy,Female,31,Sales,Sales Operations Analyst,L2,Neha Kapoor,Pune,Maharashtra,Diploma,Permanent,Office,01-Aug-21,2021,8,5,valid,8.4,"₹ 7,75,000",775000,Valid,"₹ 85,250",5,Yes,01-Apr-26,87.1,valid,8,29,12.1,Active,No,,vaishnaviroy.emp0240@examplecorp.in,-6777786647,26-Aug-26
EMP0241,Ankit Banerjee,Male,28,Finance,Financial Analyst,L2,Vikram Shah,Coimbatore,Tamil Nadu,Master's,Permanent,Hybrid,19-Apr-21,2021,4,5,valid,5.8,"₹ 7,00,000",700000,Valid,"₹ 63,000",3,No,,96.3,valid,7,27,30.8,Active,No,,ankitbanerjee.emp0241@examplecorp.in,-8887287417,26-Aug-26
EMP0242,Shreya Roy,Female,29,Finance,Financial Analyst,L1,Vikram Shah,Coimbatore,Tamil Nadu,Bachelor's,Permanent,Hybrid,20-Dec-21,2021,12,4,valid,7.4,"₹ 11,45,000",1145000,Valid,"₹ 91,600",5,Yes,10-May-26,83.1,valid,7,29,33.1,Resigned,Yes,Relocation,shreyaroy.emp0242@examplecorp.in,-9707636046,26-Aug-26
EMP0243,Arnav Chandra,Male,31,Marketing,Marketing Manager,L5,Rahul Iyer,Chennai,Tamil Nadu,PhD,Permanent,Hybrid,07-Feb-23,2023,2,3,valid,4.4,"₹ 19,20,000",1920000,Valid,"₹ 3,45,600",5,Yes,,93.3,valid,11,80,7.9,Active,No,,arnavchandra.emp0243@examplecorp.in,-6129340613,26-Aug-26
EMP0244,Gaurav Chandra,Male,28,IT,Systems Administrator,L1,Arjun Mehta,Hyderabad,Telangana,High School,Intern,Office,03-Jul-26,2026,7,0,valid,1.4,"₹ 2,80,000",280000,Valid,"₹ 14,000",4,No,,93.4,valid,18,40,19.8,Active,No,,gauravchandra.emp0244@examplecorp.in,-7893788699,26-Aug-26
EMP0245,Deepa Varma,Female,43,Sales,Sales Executive,L2,Neha Kapoor,Kolkata,West Bengal,PhD,Permanent,Remote,28-Aug-21,2021,8,5,valid,16.2,"₹ 5,75,000",575000,Valid,"₹ 92,000",2,No,31-Jan-24,77.2,valid,23,12,16.5,Active,No,,deepavarma.emp0245@examplecorp.in,-7286819527,26-Aug-26
EMP0246,Suresh Srinivasan,Male,35,Operations,Operations Manager,L5,Sanjay Verma,Delhi,Delhi,Bachelor's,Permanent,Office,27-Apr-23,2023,4,3,valid,12.2,"₹ 13,95,000",1395000,Valid,"₹ 2,23,200",3,No,21-Jan-26,82.1,valid,19,88,60.7,Active,No,,sureshsrinivasan.emp0246@examplecorp.in,-8826243209,26-Aug-26
EMP0247,Rishabh Chandra,Male,32,Sales,Sales Manager,L5,Neha Kapoor,Bangalore,Karnataka,Bachelor's,Contract,Office,05-Aug-23,2023,8,3,valid,4.3,"₹ 18,35,000",1835000,Valid,"₹ 3,67,000",2,No,,92.2,valid,9,35,26.5,Active,No,,rishabhchandra.emp0247@examplecorp.in,-8109559647,26-Aug-26
EMP0248,Karan Menon,Male,36,Finance,Internal Auditor,L1,Vikram Shah,Hyderabad,Telangana,Master's,Contract,Hybrid,29-Sep-18,2018,9,7,valid,10.6,"₹ 6,45,000",645000,Valid,"₹ 51,600",2,No,,96,valid,12,35,9.2,Active,No,,karanmenon.emp0248@examplecorp.in,-6737041719,26-Aug-26
EMP0249,Ananya Shah,Female,42,Operations,Operations Executive,L2,Sanjay Verma,Hyderabad,Telangana,MBA,Permanent,Office,13-Aug-19,2019,8,7,valid,18.7,"₹ 4,15,000",415000,Valid,"₹ 58,100",4,Yes,,91,valid,16,67,35.6,Active,No,,ananyashah.emp0249@examplecorp.in,-6321456439,26-Aug-26
EMP0250,Arnav Bose,Male,32,Marketing,Marketing Manager,L4,Rahul Iyer,Ahmedabad,Gujarat,Bachelor's,Permanent,Office,30-Aug-22,2022,8,4,valid,6.7,"₹ 14,55,000",1455000,Valid,"₹ 2,61,900",3,No,,84.4,valid,29,52,10.7,Active,No,,arnavbose.emp0250@examplecorp.in,-6823295370,26-Aug-26
EMP0251,Swati Desai,Female,26,Customer Support,Customer Support Manager,L4,Rohit Bhatia,Ahmedabad,Gujarat,High School,Permanent,Hybrid,20-Nov-22,2022,11,3,valid,4.6,"₹ 16,35,000",1635000,Valid,"₹ 2,28,900",5,Yes,19-Nov-25,80.6,valid,23,46,68,Resigned,Yes,Higher Education,swatidesai.emp0251@examplecorp.in,-8888017697,26-Aug-26
EMP0252,Sakshi Nair,Female,37,Customer Support,Support Team Lead,L3,Rohit Bhatia,Chennai,Tamil Nadu,PhD,Permanent,Hybrid,27-May-21,2021,5,5,valid,14,"₹ 8,15,000",815000,Valid,"₹ 1,46,700",4,Yes,27-Jul-24,86.5,valid,2,56,15.8,Active,No,,sakshinair.emp0252@examplecorp.in,-7908817400,26-Aug-26
EMP0253,Vaishnavi Mishra,Female,38,R&D,Research Associate,L2,Dr. Meera Krishnan,Chennai,Tamil Nadu,MBA,Contract,Office,08-Aug-23,2023,8,3,valid,11.6,"₹ 6,90,000",690000,Valid,"₹ 34,500",5,No,,96.8,valid,15,35,34.9,Active,No,,vaishnavimishra.emp0253@examplecorp.in,-9274580047,26-Aug-26
EMP0254,Rishabh Menon,Male,28,R&D,Research Associate,L1,Dr. Meera Krishnan,Coimbatore,Tamil Nadu,High School,Intern,Remote,30-Jul-26,2026,7,0,valid,0.5,"₹ 4,15,000",415000,Valid,"₹ 41,500",4,No,,86.3,valid,14,45,15.2,Active,No,,rishabhmenon.emp0254@examplecorp.in,-7102306259,26-Aug-26
EMP0255,Komal Jain,Female,40,IT,Senior Software Engineer,L3,Arjun Mehta,Pune,Maharashtra,High School,Permanent,Hybrid,18-Sep-20,2020,9,5,valid,15.9,"₹ 12,95,000",1295000,Valid,"₹ 1,55,400",5,Yes,03-Mar-26,75.9,valid,30,17,26,Active,No,,komaljain.emp0255@examplecorp.in,-9693059110,26-Aug-26
EMP0256,Karan Jain,Male,36,IT,Software Engineer,L2,Arjun Mehta,Noida,Uttar Pradesh,Master's,Permanent,Hybrid,16-Aug-18,2018,8,8,valid,13,"₹ 9,50,000",950000,Valid,"₹ 1,14,000",2,No,,82.7,valid,30,77,37.9,Active,No,,karanjain.emp0256@examplecorp.in,-8653249349,26-Aug-26
EMP0257,Kajal Das,Female,28,Sales,Key Account Manager,L1,Neha Kapoor,Coimbatore,Tamil Nadu,Bachelor's,Intern,Remote,29-Jul-25,2025,7,1,valid,1.2,"₹ 3,40,000",340000,Valid,"₹ 23,800",3,No,,81.4,valid,5,37,54.1,Active,No,,kajaldas.emp0257@examplecorp.in,-9536042479,26-Aug-26
EMP0258,Radhika Kapoor,Female,43,Finance,Accountant,L2,Vikram Shah,Delhi,Delhi,High School,Permanent,Remote,01-Sep-19,2019,9,7,valid,18.9,"₹ 5,25,000",525000,Valid,"₹ 31,500",4,Yes,06-Nov-20,96,valid,9,30,29.3,Active,No,,radhikakapoor.emp0258@examplecorp.in,-8404839246,26-Aug-26
EMP0259,Aadhya Das,Female,32,Customer Support,Customer Success Manager,L4,Rohit Bhatia,Ahmedabad,Gujarat,Diploma,Permanent,Office,09-Oct-21,2021,10,4,valid,4.2,"₹ 9,70,000",970000,Valid,"₹ 97,000",3,No,18-Mar-25,88,valid,24,13,23.4,Resigned,Yes,Relocation,aadhyadas.emp0259@examplecorp.in,-6107200531,26-Aug-26
EMP0260,Swati Iyer,Female,35,Admin,Administrative Assistant,L1,Kavita Joshi,Noida,Uttar Pradesh,High School,Permanent,Office,18-Jun-26,2026,6,0,valid,7.1,"₹ 4,50,000",450000,Valid,"₹ 85,500",3,No,,99.8,valid,1,15,31.1,Active,No,,swatiiyer.emp0260@examplecorp.in,-9784746137,26-Aug-26
EMP0261,Deepa Bose,Female,29,Legal,Legal Executive,L1,Ananya Rao,Coimbatore,Tamil Nadu,Diploma,Permanent,Hybrid,07-Nov-19,2019,11,6,valid,6.4,"₹ 5,80,000",580000,Valid,"₹ 29,000",3,No,24-Feb-26,86,valid,12,85,12.1,Active,No,,deepabose.emp0261@examplecorp.in,-6849236253,26-Aug-26
EMP0262,Sneha Roy,Female,36,IT,Systems Administrator,L1,Arjun Mehta,Mumbai,Maharashtra,MBA,Permanent,Hybrid,25-Apr-24,2024,4,2,valid,9.6,"₹ 6,60,000",660000,Valid,"₹ 1,18,800",4,Yes,18-Feb-26,98.7,valid,25,49,22.4,Active,No,,sneharoy.emp0262@examplecorp.in,-9300232452,26-Aug-26
EMP0263,Megha Gupta,Female,28,IT,Software Engineer,L2,Arjun Mehta,Hyderabad,Telangana,MBA,Permanent,Hybrid,11-Jun-26,2026,6,0,valid,5.6,"₹ 7,90,000",790000,Valid,"₹ 47,400",2,No,,81.5,valid,29,20,28,Active,No,,meghagupta.emp0263@examplecorp.in,-8201813327,26-Aug-26
EMP0264,Vivek Kapoor,Male,35,Customer Support,Customer Success Manager,L4,Rohit Bhatia,Pune,Maharashtra,MBA,Permanent,Remote,19-Jan-19,2019,1,7,valid,10.7,"₹ 8,05,000",805000,Valid,"₹ 1,20,750",2,No,,99.1,valid,8,77,32.6,Active,No,,vivekkapoor.emp0264@examplecorp.in,-7694981035,26-Aug-26
EMP0265,Suresh Banerjee,Male,28,Marketing,Marketing Executive,L2,Rahul Iyer,Kolkata,West Bengal,MBA,Permanent,Hybrid,26-Feb-24,2024,2,2,valid,2.9,"₹ 5,45,000",545000,Valid,"₹ 54,500",4,No,29-Apr-25,88.8,valid,1,18,21.4,Active,No,,sureshbanerjee.emp0265@examplecorp.in,-8685165383,26-Aug-26
EMP0266,Neha Kumar,Female,39,Marketing,Content Strategist,L1,Rahul Iyer,Ahmedabad,Gujarat,Diploma,Permanent,Office,03-Apr-19,2019,4,7,valid,12.5,"₹ 6,45,000",645000,Valid,"₹ 38,700",4,Yes,12-Oct-24,90.9,valid,16,93,11.9,On Notice,No,,nehakumar.emp0266@examplecorp.in,-7839697430,26-Aug-26
EMP0267,Akash Khan,Male,33,Admin,Office Administrator,L2,Kavita Joshi,Pune,Maharashtra,Diploma,Permanent,Office,28-Jun-26,2026,6,0,valid,9,"₹ 6,65,000",665000,Valid,"₹ 39,900",4,No,,84.4,valid,15,45,17.4,Resigned,Yes,Compensation,akashkhan.emp0267@examplecorp.in,-6942502914,26-Aug-26
EMP0268,Swati Gupta,Female,35,R&D,Research Associate,L1,Dr. Meera Krishnan,Mumbai,Maharashtra,Master's,Permanent,Office,06-May-18,2018,5,8,valid,10.1,"₹ 9,60,000",960000,Valid,"₹ 57,600",4,Yes,,85.3,valid,6,58,17.4,Active,No,,swatigupta.emp0268@examplecorp.in,-6900708539,26-Aug-26
EMP0269,Gaurav Banerjee,Male,31,R&D,R&D Manager,L4,Dr. Meera Krishnan,Ahmedabad,Gujarat,Bachelor's,Permanent,Hybrid,13-Jun-25,2025,6,1,valid,3,"₹ 18,35,000",1835000,Valid,"₹ 1,10,100",5,Yes,,97.5,valid,10,37,16.6,Active,No,,gauravbanerjee.emp0269@examplecorp.in,-8144169497,26-Aug-26
EMP0270,Pranav Singh,Male,35,HR,Talent Acquisition Specialist,L2,Priya Nair,Coimbatore,Tamil Nadu,Bachelor's,Permanent,Office,25-Apr-22,2022,4,4,valid,13.1,"₹ 8,30,000",830000,Valid,"₹ 99,600",4,Yes,21-Mar-26,80.1,valid,18,27,9.5,Active,No,,pranavsingh.emp0270@examplecorp.in,-9958762662,26-Aug-26
EMP0271,Akash Reddy,Male,25,Legal,Legal Executive,L1,Ananya Rao,Kolkata,West Bengal,PhD,Permanent,Office,17-Jan-26,2026,1,0,valid,4,"₹ 8,35,000",835000,Valid,"₹ 1,25,250",4,No,,86.5,valid,12,16,8.8,On Notice,No,,akashreddy.emp0271@examplecorp.in,-9377954903,26-Aug-26
EMP0272,Saurabh Tripathi,Male,28,Customer Support,Technical Support Specialist,L2,Rohit Bhatia,Bangalore,Karnataka,Diploma,Contract,Hybrid,19-Jan-22,2022,1,4,valid,4.7,"₹ 5,05,000",505000,Valid,"₹ 90,900",3,No,,93.3,valid,13,24,64.2,Active,No,,saurabhtripathi.emp0272@examplecorp.in,-8711227647,26-Aug-26
EMP0273,Yash Tripathi,Male,31,Operations,Operations Manager,L5,Sanjay Verma,Kolkata,West Bengal,PhD,Permanent,Hybrid,06-Jan-23,2023,1,3,valid,7.2,"₹ 18,75,000",1875000,Valid,"₹ 2,62,500",3,No,,87.9,valid,14,89,9.6,Active,No,,yashtripathi.emp0273@examplecorp.in,-8646483299,26-Aug-26
EMP0274,Suresh Gupta,Male,33,Legal,Contract Specialist,L2,Ananya Rao,Mumbai,Maharashtra,Bachelor's,Permanent,Remote,09-Aug-22,2022,8,4,valid,5.6,"₹ 9,35,000",935000,Valid,"₹ 1,30,900",3,No,12-Sep-23,81.5,valid,6,21,36.6,Active,No,,sureshgupta.emp0274@examplecorp.in,-6272258506,26-Aug-26
EMP0275,Shivam Roy,Male,38,Customer Support,Customer Support Executive,L1,Rohit Bhatia,Mumbai,Maharashtra,MBA,Permanent,Remote,05-Feb-18,2018,2,8,valid,9.9,"₹ 5,70,000",570000,Valid,"₹ 1,08,300",5,Yes,15-Sep-24,86,valid,11,23,58.5,Active,No,,shivamroy.emp0275@examplecorp.in,-7843083815,26-Aug-26
EMP0276,Siddharth Jain,Male,34,IT,Senior Software Engineer,L3,Arjun Mehta,Bangalore,Karnataka,MBA,Permanent,Office,02-Nov-23,2023,11,2,valid,12,"₹ 15,60,000",1560000,Valid,"₹ 78,000",5,No,15-Apr-25,82.8,valid,1,89,18.4,Active,No,,siddharthjain.emp0276@examplecorp.in,-8225253881,26-Aug-26
EMP0277,Kavya Kapoor,Female,28,Marketing,Content Strategist,L2,Rahul Iyer,Delhi,Delhi,Master's,Contract,Office,24-Jan-23,2023,1,3,valid,4.9,"₹ 4,75,000",475000,Valid,"₹ 85,500",4,No,,95.2,valid,14,31,25.1,Resigned,Yes,Relocation,kavyakapoor.emp0277@examplecorp.in,-7119699719,26-Aug-26
EMP0278,Rajesh Banerjee,Male,36,Legal,Corporate Counsel,L5,Ananya Rao,Noida,Uttar Pradesh,Master's,Permanent,Office,10-Mar-22,2022,3,4,valid,8.8,"₹ 20,50,000",2050000,Valid,"₹ 4,10,000",3,No,,85.2,valid,3,73,16.2,Active,No,,rajeshbanerjee.emp0278@examplecorp.in,-7567514855,26-Aug-26
EMP0279,Ravi Das,Male,41,R&D,R&D Manager,L5,Dr. Meera Krishnan,Coimbatore,Tamil Nadu,Bachelor's,Permanent,Hybrid,15-May-21,2021,5,5,valid,15.4,"₹ 23,15,000",2315000,Valid,"₹ 4,39,850",2,No,,75.8,valid,8,92,8.6,Active,No,,ravidas.emp0279@examplecorp.in,-6965306340,26-Aug-26
EMP0280,Ananya Gupta,Female,32,Operations,Operations Manager,L5,Sanjay Verma,Hyderabad,Telangana,Master's,Contract,Hybrid,06-Oct-25,2025,10,0,valid,5.6,"₹ 14,95,000",1495000,Valid,"₹ 1,04,650",4,No,,93.5,valid,9,16,7.1,Active,No,,ananyagupta.emp0280@examplecorp.in,-9528113515,26-Aug-26
EMP0281,Gaurav Chatterjee,Male,36,Admin,Office Administrator,L2,Kavita Joshi,Chennai,Tamil Nadu,Diploma,Permanent,Remote,28-May-21,2021,5,5,valid,14,"₹ 8,00,000",800000,Valid,"₹ 1,04,000",5,Yes,,79.5,valid,8,20,8.1,Active,No,,gauravchatterjee.emp0281@examplecorp.in,-9472949883,26-Aug-26
EMP0282,Isha Rao,Female,31,Marketing,Content Strategist,L2,Rahul Iyer,Ahmedabad,Gujarat,PhD,Permanent,Hybrid,15-Aug-26,2026,8,0,valid,4.5,"₹ 6,85,000",685000,Valid,"₹ 89,050",3,No,,76.9,valid,16,78,8,Active,No,,isharao.emp0282@examplecorp.in,-6836423491,26-Aug-26
EMP0283,Aditya Das,Male,39,Customer Support,Customer Success Manager,L5,Rohit Bhatia,Kolkata,West Bengal,Master's,Permanent,Office,08-Mar-21,2021,3,5,valid,12,"₹ 12,30,000",1230000,Valid,"₹ 1,35,300",4,Yes,11-Aug-22,80.1,valid,25,42,21,Resigned,Yes,Personal Reasons,adityadas.emp0283@examplecorp.in,-7501296173,26-Aug-26
EMP0284,Radhika Shah,Female,37,Admin,Administrative Assistant,L2,Kavita Joshi,Bangalore,Karnataka,MBA,Contract,Hybrid,08-Feb-24,2024,2,2,valid,10.6,"₹ 3,90,000",390000,Valid,"₹ 19,500",5,No,,81.6,valid,2,32,13.3,Active,No,,radhikashah.emp0284@examplecorp.in,-6252534850,26-Aug-26
EMP0285,Ashish Menon,Male,36,Legal,Corporate Counsel,L5,Ananya Rao,Ahmedabad,Gujarat,Diploma,Permanent,Hybrid,11-May-20,2020,5,6,valid,11.6,"₹ 18,20,000",1820000,Valid,"₹ 2,73,000",5,Yes,15-Aug-21,93.3,valid,19,39,13.2,Active,No,,ashishmenon.emp0285@examplecorp.in,-8627470471,26-Aug-26
EMP0286,Aman Singh,Male,43,HR,HR Manager,L5,Priya Nair,Hyderabad,Telangana,MBA,Permanent,Remote,20-Apr-18,2018,4,8,valid,17.2,"₹ 16,05,000",1605000,Valid,"₹ 2,72,850",3,No,,91.7,valid,3,99,25.3,Active,No,,amansingh.emp0286@examplecorp.in,-6570667832,26-Aug-26
EMP0287,Deepa Kumar,Female,33,Operations,Supply Chain Analyst,L1,Sanjay Verma,Hyderabad,Telangana,Diploma,Permanent,Office,25-Nov-20,2020,11,5,valid,11,"₹ 8,95,000",895000,Valid,"₹ 44,750",4,Yes,01-Dec-22,98,valid,22,74,47.9,Active,No,,deepakumar.emp0287@examplecorp.in,-7569244131,26-Aug-26
EMP0288,Varun Srinivasan,Male,35,Operations,Process Excellence Analyst,L1,Sanjay Verma,Chennai,Tamil Nadu,Master's,Permanent,Office,18-Jan-24,2024,1,2,valid,8,"₹ 11,00,000",1100000,Valid,"₹ 1,54,000",3,No,15-May-25,95.5,valid,7,74,30.2,On Notice,No,,varunsrinivasan.emp0288@examplecorp.in,-6957118061,26-Aug-26
EMP0289,Suresh Chandra,Male,32,R&D,R&D Manager,L5,Dr. Meera Krishnan,Chennai,Tamil Nadu,PhD,Permanent,Office,30-Jun-25,2025,6,1,valid,6.2,"₹ 24,95,000",2495000,Valid,"₹ 1,99,600",4,Yes,,78.8,valid,0,82,1.8,Active,No,,sureshchandra.emp0289@examplecorp.in,-9130633496,26-Aug-26
EMP0290,Akanksha Nair,Female,33,Operations,Process Excellence Analyst,L1,Sanjay Verma,Ahmedabad,Gujarat,PhD,Permanent,Office,09-Aug-26,2026,8,0,valid,8.9,"₹ 9,40,000",940000,Valid,"₹ 1,78,600",4,No,,92,valid,25,88,40.7,Active,No,,akankshanair.emp0290@examplecorp.in,-7848251194,26-Aug-26
EMP0291,Manish Das,Male,36,Customer Support,Support Team Lead,L3,Rohit Bhatia,Pune,Maharashtra,Bachelor's,Permanent,Remote,28-Nov-22,2022,11,3,valid,10.5,"₹ 10,80,000",1080000,Valid,"₹ 1,08,000",4,Yes,,81.4,valid,8,39,50.1,Active,No,,manishdas.emp0291@examplecorp.in,-8376461917,26-Aug-26
EMP0292,Vaishnavi Varma,Female,35,Legal,Contract Specialist,L1,Ananya Rao,Mumbai,Maharashtra,Diploma,Permanent,Hybrid,26-Dec-20,2020,12,5,valid,11.2,"₹ 8,60,000",860000,Valid,"₹ 86,000",2,No,06-Jun-25,99,valid,18,24,3.1,On Notice,No,,vaishnavivarma.emp0292@examplecorp.in,-7984293062,26-Aug-26
EMP0293,Komal Chatterjee,Female,37,R&D,Product Researcher,L1,Dr. Meera Krishnan,Chennai,Tamil Nadu,MBA,Permanent,Hybrid,12-Oct-25,2025,10,0,valid,9.3,"₹ 11,65,000",1165000,Valid,"₹ 1,63,100",3,No,,92.5,valid,26,68,38.6,Active,No,,komalchatterjee.emp0293@examplecorp.in,-6377499195,26-Aug-26
EMP0294,Akanksha Mishra,Female,33,Customer Support,Customer Support Manager,L5,Rohit Bhatia,Bangalore,Karnataka,High School,Permanent,Office,09-Apr-20,2020,4,6,valid,7,"₹ 15,95,000",1595000,Valid,"₹ 1,75,450",4,Yes,,94,valid,28,61,3.2,Active,No,,akankshamishra.emp0294@examplecorp.in,-6370033638,26-Aug-26
EMP0295,Rishabh Sharma,Male,39,R&D,Data Scientist,L2,Dr. Meera Krishnan,Mumbai,Maharashtra,Bachelor's,Permanent,Office,21-Feb-18,2018,2,8,valid,17.8,"₹ 12,30,000",1230000,Valid,"₹ 1,59,900",5,Yes,,88.4,valid,21,84,44.9,Active,No,,rishabhsharma.emp0295@examplecorp.in,-6982980691,26-Aug-26
EMP0296,Rishabh Nair,Male,33,Sales,Sales Operations Analyst,L1,Neha Kapoor,Ahmedabad,Gujarat,Bachelor's,Permanent,Remote,05-Jan-26,2026,1,0,valid,5.9,"₹ 8,75,000",875000,Valid,"₹ 1,05,000",4,No,,78.1,valid,25,65,31.2,Active,No,,rishabhnair.emp0296@examplecorp.in,-9244214350,26-Aug-26
EMP0297,Vivek Khan,Male,33,Customer Support,Support Team Lead,L3,Rohit Bhatia,Pune,Maharashtra,Diploma,Permanent,Office,11-Apr-18,2018,4,8,valid,9.6,"₹ 7,70,000",770000,Valid,"₹ 38,500",3,No,,89.1,valid,27,40,45.1,Active,No,,vivekkhan.emp0297@examplecorp.in,-9155663114,26-Aug-26
EMP0298,Radhika Chandra,Female,26,Admin,Administrative Assistant,L2,Kavita Joshi,Ahmedabad,Gujarat,Master's,Permanent,Office,14-Apr-26,2026,4,0,valid,1.6,"₹ 5,30,000",530000,Valid,"₹ 26,500",3,No,,95.3,valid,19,92,22.5,Active,No,,radhikachandra.emp0298@examplecorp.in,-8512259114,26-Aug-26
EMP0299,Yash Tripathi,Male,31,HR,HR Manager,L4,Priya Nair,Chennai,Tamil Nadu,PhD,Contract,Hybrid,08-Feb-26,2026,2,0,valid,8.6,"₹ 15,60,000",1560000,Valid,"₹ 1,71,600",3,No,,87.7,valid,9,55,42.8,Active,No,,yashtripathi.emp0299@examplecorp.in,-7883892328,26-Aug-26
EMP0300,Radhika Khan,Female,42,Customer Support,Support Team Lead,L3,Rohit Bhatia,Pune,Maharashtra,Master's,Permanent,Office,27-Sep-20,2020,9,5,valid,14.7,"₹ 8,40,000",840000,Valid,"₹ 1,59,600",4,Yes,10-Dec-23,85.4,valid,16,74,10.3,Active,No,,radhikakhan.emp0300@examplecorp.in,-8493406693,26-Aug-26
EMP0301,Aadhya Chatterjee,Female,37,Legal,Compliance Analyst,L2,Ananya Rao,Coimbatore,Tamil Nadu,Diploma,Permanent,Hybrid,15-Feb-21,2021,2,5,valid,9.9,"₹ 8,40,000",840000,Valid,"₹ 1,42,800",2,No,,78.3,valid,28,84,36.9,Active,No,,aadhyachatterjee.emp0301@examplecorp.in,-9688058942,26-Aug-26
EMP0302,Amit Banerjee,Male,36,Marketing,Content Strategist,L1,Rahul Iyer,Ahmedabad,Gujarat,High School,Contract,Hybrid,29-May-21,2021,5,5,valid,8.5,"₹ 6,05,000",605000,Valid,"₹ 84,700",3,No,,82,valid,12,4,4.8,Active,No,,amitbanerjee.emp0302@examplecorp.in,-7958430970,26-Aug-26
EMP0303,Aditya Nair,Male,39,R&D,Data Scientist,L1,Dr. Meera Krishnan,Delhi,Delhi,Diploma,Contract,Office,09-Sep-19,2019,9,6,valid,17.8,"₹ 12,85,000",1285000,Valid,"₹ 1,67,050",4,No,,75.6,valid,8,14,25.8,Active,No,,adityanair.emp0303@examplecorp.in,-8308660156,26-Aug-26
EMP0304,Harsh Singh,Male,33,Marketing,Marketing Manager,L5,Rahul Iyer,Ahmedabad,Gujarat,Master's,Permanent,Office,28-Apr-24,2024,4,2,valid,11,"₹ 20,50,000",2050000,Valid,"₹ 1,64,000",2,No,,93.2,valid,5,64,35.4,Active,No,,harshsingh.emp0304@examplecorp.in,-7606943832,26-Aug-26
EMP0305,Aditya Roy,Male,39,Sales,Business Development Executive,L2,Neha Kapoor,Delhi,Delhi,High School,Permanent,Office,20-Oct-20,2020,10,5,valid,13.5,"₹ 6,20,000",620000,Valid,"₹ 1,24,000",4,No,23-Jan-24,79.6,valid,30,30,42.3,Resigned,Yes,Higher Education,adityaroy.emp0305@examplecorp.in,-8204382875,26-Aug-26
EMP0306,Aadhya Chatterjee,Female,34,Admin,Executive Assistant,L1,Kavita Joshi,Pune,Maharashtra,High School,Permanent,Hybrid,13-Jan-20,2020,1,6,valid,9.5,"₹ 7,65,000",765000,Valid,"₹ 76,500",2,No,,78.5,valid,16,30,5.8,Active,No,,aadhyachatterjee.emp0306@examplecorp.in,-7492267272,26-Aug-26
EMP0307,Simran Bose,Female,32,Marketing,Marketing Executive,L2,Rahul Iyer,Chennai,Tamil Nadu,PhD,Permanent,Remote,15-Mar-21,2021,3,5,valid,5.2,"₹ 4,40,000",440000,Valid,"₹ 48,400",4,Yes,,83.6,valid,13,66,25.5,Active,No,,simranbose.emp0307@examplecorp.in,-9915438797,26-Aug-26
EMP0308,Harsh Kumar,Male,39,Sales,Business Development Executive,L1,Neha Kapoor,Noida,Uttar Pradesh,Master's,Contract,Hybrid,05-Oct-19,2019,10,6,valid,13.2,"₹ 7,70,000",770000,Valid,"₹ 1,00,100",3,No,,98.7,valid,0,36,18.6,Active,No,,harshkumar.emp0308@examplecorp.in,-8467510645,26-Aug-26
EMP0309,Nikhil Nair,Male,28,Operations,Operations Manager,L5,Sanjay Verma,Noida,Uttar Pradesh,Master's,Permanent,Office,14-Dec-25,2025,12,0,valid,3,"₹ 16,20,000",1620000,Valid,"₹ 2,75,400",4,No,,83.8,valid,12,62,68.4,On Notice,No,,nikhilnair.emp0309@examplecorp.in,-6395918775,26-Aug-26
EMP0310,Rishabh Kumar,Male,30,Legal,Contract Specialist,L1,Ananya Rao,Hyderabad,Telangana,PhD,Contract,Remote,04-Feb-24,2024,2,2,valid,8,"₹ 6,00,000",600000,Valid,"₹ 96,000",3,No,,99.4,valid,9,7,24.9,Active,No,,rishabhkumar.emp0310@examplecorp.in,-6471553888,26-Aug-26
EMP0311,Sneha Chandra,Female,36,HR,Talent Acquisition Specialist,L2,Priya Nair,Pune,Maharashtra,Diploma,Permanent,Office,31-Mar-22,2022,3,4,valid,8.8,"₹ 7,85,000",785000,Valid,"₹ 1,02,050",4,Yes,,96.8,valid,23,54,38.8,Active,No,,snehachandra.emp0311@examplecorp.in,-9453224076,26-Aug-26
EMP0312,Saurabh Chandra,Male,33,Sales,Business Development Executive,L2,Neha Kapoor,Pune,Maharashtra,High School,Permanent,Hybrid,21-Jun-21,2021,6,5,valid,11.9,"₹ 6,65,000",665000,Valid,"₹ 33,250",4,Yes,24-Feb-23,79.9,valid,24,16,61.9,Active,No,,saurabhchandra.emp0312@examplecorp.in,-6207918558,26-Aug-26
EMP0313,Pallavi Agarwal,Female,35,Operations,Operations Supervisor,L1,Sanjay Verma,Hyderabad,Telangana,Bachelor's,Permanent,Remote,03-Apr-26,2026,4,0,valid,7.7,"₹ 10,00,000",1000000,Valid,"₹ 1,40,000",4,No,,95.2,valid,1,99,38.3,Active,No,,pallaviagarwal.emp0313@examplecorp.in,-9761584171,26-Aug-26
EMP0314,Bhavna Chandra,Female,33,Legal,Compliance Analyst,L1,Ananya Rao,Kolkata,West Bengal,High School,Contract,Hybrid,19-Aug-19,2019,8,7,valid,8.5,"₹ 8,75,000",875000,Valid,"₹ 87,500",2,No,,94.7,valid,11,41,36.1,Active,No,,bhavnachandra.emp0314@examplecorp.in,-6273829425,26-Aug-26
EMP0315,Akanksha Mishra,Female,36,HR,HR Executive,L1,Priya Nair,Pune,Maharashtra,PhD,Permanent,Hybrid,20-Jul-21,2021,7,5,valid,13.2,"₹ 6,25,000",625000,Valid,"₹ 68,750",2,No,,89.4,valid,8,29,4.3,Active,No,,akankshamishra.emp0315@examplecorp.in,-7875955510,26-Aug-26
EMP0316,Suresh Chandra,Male,41,Sales,Sales Manager,L4,Neha Kapoor,Chennai,Tamil Nadu,Bachelor's,Permanent,Hybrid,04-Sep-24,2024,9,2,valid,13,"₹ 14,45,000",1445000,Valid,"₹ 2,60,100",3,No,,88.6,valid,29,70,56.9,Active,No,,sureshchandra.emp0316@examplecorp.in,-9933336023,26-Aug-26
EMP0317,Shreya Desai,Female,33,Operations,Supply Chain Analyst,L2,Sanjay Verma,Noida,Uttar Pradesh,Master's,Permanent,Remote,09-Oct-20,2020,10,5,valid,8.4,"₹ 8,10,000",810000,Valid,"₹ 48,600",5,Yes,,79.8,valid,26,45,56.8,Active,No,,shreyadesai.emp0317@examplecorp.in,-7846575295,26-Aug-26
EMP0318,Bhavna Srinivasan,Female,24,Operations,Operations Supervisor,L1,Sanjay Verma,Delhi,Delhi,PhD,Permanent,Office,28-Jun-24,2024,6,2,valid,3.2,"₹ 6,80,000",680000,Valid,"₹ 34,000",3,No,,88.3,valid,15,28,39.6,Active,No,,bhavnasrinivasan.emp0318@examplecorp.in,-9972801411,26-Aug-26
EMP0319,Suresh Kumar,Male,37,R&D,R&D Manager,L4,Dr. Meera Krishnan,Hyderabad,Telangana,Diploma,Contract,Hybrid,28-Nov-21,2021,11,4,valid,12.5,"₹ 18,55,000",1855000,Valid,"₹ 2,04,050",5,No,,92.8,valid,6,43,1.8,Active,No,,sureshkumar.emp0319@examplecorp.in,-7227795016,26-Aug-26
EMP0320,Aman Khan,Male,33,Marketing,Brand Manager,L4,Rahul Iyer,Delhi,Delhi,High School,Permanent,Hybrid,07-May-22,2022,5,4,valid,10.1,"₹ 12,70,000",1270000,Valid,"₹ 63,500",2,No,,96.4,valid,17,77,27.1,Active,No,,amankhan.emp0320@examplecorp.in,-8223055667,26-Aug-26
EMP0321,Ananya Reddy,Female,34,Sales,Sales Operations Analyst,L2,Neha Kapoor,Delhi,Delhi,High School,Permanent,Office,15-Sep-21,2021,9,4,valid,8.6,"₹ 6,90,000",690000,Valid,"₹ 62,100",4,Yes,19-May-25,91.8,valid,2,23,9.5,Active,No,,ananyareddy.emp0321@examplecorp.in,-8496869363,26-Aug-26
EMP0322,Isha Sharma,Female,28,Finance,Tax Specialist,L1,Vikram Shah,Delhi,Delhi,MBA,Permanent,Hybrid,26-Jan-25,2025,1,1,valid,1.1,"₹ 7,60,000",760000,Valid,"₹ 68,400",1,No,19-Jun-26,85.8,valid,27,25,4,Active,No,,ishasharma.emp0322@examplecorp.in,-7106380523,26-Aug-26
EMP0323,Nikhil Desai,Male,40,Customer Support,Customer Success Manager,L4,Rohit Bhatia,Kolkata,West Bengal,Diploma,Permanent,Hybrid,18-Mar-19,2019,3,7,valid,15.2,"₹ 9,70,000",970000,Valid,"₹ 58,200",3,No,26-Apr-23,80.3,valid,5,26,56,Active,No,,nikhildesai.emp0323@examplecorp.in,-6125086658,26-Aug-26
EMP0324,Pallavi Bose,Female,36,Admin,Administration Manager,L4,Kavita Joshi,Bangalore,Karnataka,Bachelor's,Permanent,Hybrid,26-Mar-24,2024,3,2,valid,9.9,"₹ 11,60,000",1160000,Valid,"₹ 1,85,600",4,Yes,07-Jan-26,86.8,valid,22,45,30.7,Active,No,,pallavibose.emp0324@examplecorp.in,-8653269492,26-Aug-26
EMP0325,Deepa Khan,Female,42,Finance,Financial Analyst,L2,Vikram Shah,Kolkata,West Bengal,Diploma,Permanent,Hybrid,31-Jul-20,2020,7,6,valid,17.3,"₹ 9,40,000",940000,Valid,"₹ 1,31,600",3,No,16-Jan-25,97.1,valid,1,20,43.3,Resigned,Yes,Higher Education,deepakhan.emp0325@examplecorp.in,-6381191938,26-Aug-26
EMP0326,Rajesh Rao,Male,36,IT,Software Engineer,L2,Arjun Mehta,Hyderabad,Telangana,Bachelor's,Permanent,Hybrid,05-May-21,2021,5,5,valid,12.7,"₹ 9,05,000",905000,Valid,"₹ 99,550",4,Yes,12-Feb-26,97.1,valid,14,79,36.2,Resigned,Yes,Performance Separation,rajeshrao.emp0326@examplecorp.in,-6475645441,26-Aug-26
EMP0327,Karan Chandra,Male,40,Marketing,Brand Manager,L5,Rahul Iyer,Chennai,Tamil Nadu,Bachelor's,Permanent,Remote,18-Jul-18,2018,7,8,valid,18.5,"₹ 11,95,000",1195000,Valid,"₹ 59,750",3,No,,76.8,valid,14,68,37.9,Resigned,Yes,Better Career Opportunity,karanchandra.emp0327@examplecorp.in,-8122857107,26-Aug-26
EMP0328,Vivek Kapoor,Male,41,Finance,Accountant,L1,Vikram Shah,Bangalore,Karnataka,Bachelor's,Contract,Hybrid,17-Mar-20,2020,3,6,valid,17.5,"₹ 5,50,000",550000,Valid,"₹ 33,000",4,No,,85.2,valid,8,20,44.1,On Notice,No,,vivekkapoor.emp0328@examplecorp.in,-6910401955,26-Aug-26
EMP0329,Karan Reddy,Male,33,IT,IT Manager,L5,Arjun Mehta,Coimbatore,Tamil Nadu,MBA,Permanent,Hybrid,22-Jun-24,2024,6,2,valid,10.5,"₹ 14,00,000",1400000,Valid,"₹ 2,24,000",5,No,07-Jun-26,78.9,valid,11,30,59.4,Active,No,,karanreddy.emp0329@examplecorp.in,-6100854864,26-Aug-26
EMP0330,Ananya Khan,Female,30,Admin,Office Administrator,L2,Kavita Joshi,Chennai,Tamil Nadu,PhD,Permanent,Hybrid,23-Oct-22,2022,10,3,valid,8.8,"₹ 6,30,000",630000,Valid,"₹ 88,200",1,No,15-Apr-26,81.9,valid,25,96,2,Resigned,Yes,Higher Education,ananyakhan.emp0330@examplecorp.in,-7210978515,26-Aug-26
EMP0331,Saurabh Varma,Male,33,Sales,Sales Manager,L4,Neha Kapoor,Ahmedabad,Gujarat,High School,Contract,Hybrid,10-Jul-23,2023,7,3,valid,5.4,"₹ 19,05,000",1905000,Valid,"₹ 2,09,550",2,No,,77.6,valid,15,51,19.6,Active,No,,saurabhvarma.emp0331@examplecorp.in,-6879918756,26-Aug-26
EMP0332,Aman Rao,Male,39,Legal,Legal Executive,L2,Ananya Rao,Pune,Maharashtra,MBA,Permanent,Hybrid,07-Mar-25,2025,3,1,valid,12.2,"₹ 8,35,000",835000,Valid,"₹ 1,25,250",2,No,,83.3,valid,0,20,7.5,Active,No,,amanrao.emp0332@examplecorp.in,-8791235344,26-Aug-26
EMP0333,Bhavna Agarwal,Female,39,Marketing,Brand Manager,L5,Rahul Iyer,Chennai,Tamil Nadu,Master's,Permanent,Hybrid,24-Oct-25,2025,10,0,valid,11.9,"₹ 14,40,000",1440000,Valid,"₹ 2,16,000",4,No,,83.8,valid,26,41,44.9,Active,No,,bhavnaagarwal.emp0333@examplecorp.in,-6658819187,26-Aug-26
EMP0334,Sneha Tripathi,Female,37,Finance,Financial Analyst,L1,Vikram Shah,Bangalore,Karnataka,High School,Contract,Hybrid,06-Nov-22,2022,11,3,valid,9.5,"₹ 10,00,000",1000000,Valid,"₹ 1,00,000",3,No,,90.1,valid,1,13,30.8,Active,No,,snehatripathi.emp0334@examplecorp.in,-7470123162,26-Aug-26
EMP0335,Suresh Jain,Male,34,R&D,Data Scientist,L2,Dr. Meera Krishnan,Ahmedabad,Gujarat,MBA,Permanent,Remote,31-Jan-25,2025,1,1,valid,9.3,"₹ 17,50,000",1750000,Valid,"₹ 1,75,000",3,No,,91.7,valid,21,39,4.6,Active,No,,sureshjain.emp0335@examplecorp.in,-8955762764,26-Aug-26
EMP0336,Vaishnavi Rao,Female,33,R&D,Research Engineer,L1,Dr. Meera Krishnan,Delhi,Delhi,Master's,Contract,Hybrid,25-Apr-20,2020,4,6,valid,9.1,"₹ 13,70,000",1370000,Valid,"₹ 2,60,300",3,No,,77.5,valid,5,46,32.5,Active,No,,vaishnavirao.emp0336@examplecorp.in,-8497368049,26-Aug-26
EMP0337,Isha Bose,Female,36,Sales,Sales Executive,L1,Neha Kapoor,Ahmedabad,Gujarat,Master's,Permanent,Hybrid,13-May-20,2020,5,6,valid,11.1,"₹ 6,20,000",620000,Valid,"₹ 93,000",2,No,,94.1,valid,6,77,41.4,Active,No,,ishabose.emp0337@examplecorp.in,-8743905485,26-Aug-26
EMP0338,Nikhil Chandra,Male,32,Admin,Office Administrator,L1,Kavita Joshi,Hyderabad,Telangana,PhD,Permanent,Hybrid,13-Aug-20,2020,8,6,valid,9.9,"₹ 5,30,000",530000,Valid,"₹ 37,100",3,No,30-May-25,86.6,valid,0,43,5.9,Active,No,,nikhilchandra.emp0338@examplecorp.in,-7361843160,26-Aug-26
EMP0339,Radhika Nair,Female,29,Finance,Financial Analyst,L2,Vikram Shah,Ahmedabad,Gujarat,High School,Contract,Hybrid,05-Oct-25,2025,10,0,valid,6.5,"₹ 9,80,000",980000,Valid,"₹ 1,96,000",1,No,,96.7,valid,8,29,25.3,Active,No,,radhikanair.emp0339@examplecorp.in,-7535297202,26-Aug-26
EMP0340,Isha Chatterjee,Female,27,Admin,Executive Assistant,L1,Kavita Joshi,Hyderabad,Telangana,Bachelor's,Contract,Hybrid,14-Aug-22,2022,8,4,valid,4.7,"₹ 5,80,000",580000,Valid,"₹ 87,000",4,No,,98.2,valid,18,29,36.6,Active,No,,ishachatterjee.emp0340@examplecorp.in,-7764198474,26-Aug-26
EMP0341,Simran Varma,Female,40,R&D,Product Researcher,L2,Dr. Meera Krishnan,Pune,Maharashtra,High School,Permanent,Office,19-May-18,2018,5,8,valid,16.1,"₹ 8,85,000",885000,Valid,"₹ 44,250",3,No,12-Jun-20,76.1,valid,10,14,13.6,Active,No,,simranvarma.emp0341@examplecorp.in,-9173259618,26-Aug-26
EMP0342,Mohit Das,Male,36,IT,Systems Administrator,L2,Arjun Mehta,Delhi,Delhi,Master's,Permanent,Hybrid,30-Oct-22,2022,10,3,valid,9.2,"₹ 6,10,000",610000,Valid,"₹ 30,500",5,Yes,14-Jul-24,84.8,valid,19,99,3.2,On Notice,No,,mohitdas.emp0342@examplecorp.in,-9354428846,26-Aug-26
EMP0343,Aman Mishra,Male,28,HR,Learning & Development Specialist,L1,Priya Nair,Delhi,Delhi,Diploma,Intern,Remote,24-Apr-26,2026,4,0,valid,1.3,"₹ 3,20,000",320000,Valid,"₹ 48,000",3,No,,77.9,valid,18,35,27.8,Active,No,,amanmishra.emp0343@examplecorp.in,-7152665524,26-Aug-26
EMP0344,Megha Singh,Female,32,Finance,Tax Specialist,L2,Vikram Shah,Noida,Uttar Pradesh,PhD,Contract,Hybrid,29-Mar-20,2020,3,6,valid,8.4,"₹ 6,85,000",685000,Valid,"₹ 34,250",4,No,,82.9,valid,8,24,17.1,Active,No,,meghasingh.emp0344@examplecorp.in,-6187949348,26-Aug-26
EMP0345,Yash Srinivasan,Male,30,Legal,Compliance Analyst,L1,Ananya Rao,Delhi,Delhi,Diploma,Permanent,Hybrid,16-Nov-23,2023,11,2,valid,3.3,"₹ 10,55,000",1055000,Valid,"₹ 1,16,050",3,No,25-Apr-26,78.1,valid,13,55,28.2,Active,No,,yashsrinivasan.emp0345@examplecorp.in,-9443905773,26-Aug-26
EMP0346,Sakshi Desai,Female,38,Sales,Sales Operations Analyst,L2,Neha Kapoor,Mumbai,Maharashtra,MBA,Permanent,Hybrid,01-Apr-19,2019,4,7,valid,9.8,"₹ 9,95,000",995000,Valid,"₹ 79,600",4,Yes,,94.8,valid,7,92,56.3,Active,No,,sakshidesai.emp0346@examplecorp.in,-9221228992,26-Aug-26
EMP0347,Komal Kumar,Female,40,HR,HR Executive,L2,Priya Nair,Pune,Maharashtra,Master's,Permanent,Remote,13-Jun-23,2023,6,3,valid,14.2,"₹ 4,70,000",470000,Valid,"₹ 65,800",5,Yes,,79.5,valid,4,63,44.5,Active,No,,komalkumar.emp0347@examplecorp.in,-6442118714,26-Aug-26
EMP0348,Tanvi Menon,Female,35,Operations,Operations Supervisor,L2,Sanjay Verma,Mumbai,Maharashtra,Diploma,Permanent,Hybrid,06-Sep-22,2022,9,4,valid,7.5,"₹ 10,00,000",1000000,Valid,"₹ 1,70,000",3,No,,75.2,valid,18,76,7.2,Active,No,,tanvimenon.emp0348@examplecorp.in,-7961843313,26-Aug-26
EMP0349,Aadhya Tripathi,Female,42,Admin,Administrative Assistant,L2,Kavita Joshi,Mumbai,Maharashtra,MBA,Permanent,Remote,25-Apr-21,2021,4,5,valid,15.5,"₹ 3,35,000",335000,Valid,"₹ 16,750",3,No,22-Jun-22,88.1,valid,8,71,11.9,On Notice,No,,aadhyatripathi.emp0349@examplecorp.in,-6931324927,26-Aug-26
EMP0350,Neha Kumar,Female,35,Customer Support,Customer Support Manager,L4,Rohit Bhatia,Ahmedabad,Gujarat,High School,Permanent,Hybrid,12-Dec-20,2020,12,5,valid,12.1,"₹ 15,75,000",1575000,Valid,"₹ 1,89,000",3,No,20-Apr-23,84.8,valid,17,26,41.5,Active,No,,nehakumar.emp0350@examplecorp.in,-8856940464,26-Aug-26
EMP0351,Varun Sharma,Male,28,Marketing,Marketing Manager,L5,Rahul Iyer,Mumbai,Maharashtra,High School,Permanent,Office,05-Dec-24,2024,12,1,valid,3.3,"₹ 16,25,000",1625000,Valid,"₹ 1,46,250",4,Yes,28-Dec-25,91.8,valid,17,51,2.1,Active,No,,varunsharma.emp0351@examplecorp.in,-8710216139,26-Aug-26
EMP0352,Sneha Chatterjee,Female,28,IT,Data Analyst,L2,Arjun Mehta,Ahmedabad,Gujarat,High School,Permanent,Remote,22-Aug-23,2023,8,3,valid,4.5,"₹ 8,05,000",805000,Valid,"₹ 1,52,950",4,Yes,,84.4,valid,21,24,25.8,Resigned,Yes,Personal Reasons,snehachatterjee.emp0352@examplecorp.in,-6554613973,26-Aug-26
EMP0353,Kavya Desai,Female,33,R&D,Research Engineer,L2,Dr. Meera Krishnan,Bangalore,Karnataka,High School,Permanent,Office,15-Feb-23,2023,2,3,valid,7.2,"₹ 10,20,000",1020000,Valid,"₹ 1,93,800",3,No,,91.5,valid,28,42,41,Active,No,,kavyadesai.emp0353@examplecorp.in,-9343938093,26-Aug-26
EMP0354,Rishabh Sharma,Male,38,R&D,R&D Manager,L4,Dr. Meera Krishnan,Noida,Uttar Pradesh,Bachelor's,Permanent,Office,06-Sep-24,2024,9,2,valid,11.9,"₹ 23,10,000",2310000,Valid,"₹ 4,38,900",3,No,,94.2,valid,11,13,27.1,Active,No,,rishabhsharma.emp0354@examplecorp.in,-6127119444,26-Aug-26
EMP0355,Ashish Kumar,Male,42,HR,Talent Acquisition Specialist,L1,Priya Nair,Kolkata,West Bengal,High School,Permanent,Hybrid,27-Apr-18,2018,4,8,valid,19.7,"₹ 6,95,000",695000,Valid,"₹ 1,39,000",2,No,,83.2,valid,13,28,2.1,On Notice,No,,ashishkumar.emp0355@examplecorp.in,-6496619615,26-Aug-26
EMP0356,Saurabh Agarwal,Male,33,Operations,Operations Supervisor,L2,Sanjay Verma,Coimbatore,Tamil Nadu,High School,Permanent,Hybrid,26-Feb-21,2021,2,5,valid,9.6,"₹ 10,05,000",1005000,Valid,"₹ 70,350",3,No,,93.6,valid,1,56,67.7,Active,No,,saurabhagarwal.emp0356@examplecorp.in,-6126359560,26-Aug-26
EMP0357,Vaishnavi Gupta,Female,37,Marketing,Brand Manager,L4,Rahul Iyer,Mumbai,Maharashtra,High School,Permanent,Remote,23-Mar-19,2019,3,7,valid,15.7,"₹ 16,45,000",1645000,Valid,"₹ 98,700",3,No,,76.1,valid,6,67,9.3,Resigned,Yes,Personal Reasons,vaishnavigupta.emp0357@examplecorp.in,-9609823676,26-Aug-26
EMP0358,Divya Chatterjee,Female,27,Admin,Administrative Assistant,L1,Kavita Joshi,Hyderabad,Telangana,MBA,Permanent,Office,10-Feb-23,2023,2,3,valid,4,"₹ 5,25,000",525000,Valid,"₹ 36,750",4,Yes,30-Mar-24,95.6,valid,11,65,34.7,Active,No,,divyachatterjee.emp0358@examplecorp.in,-8713006870,26-Aug-26
EMP0359,Shreya Agarwal,Female,41,R&D,Product Researcher,L2,Dr. Meera Krishnan,Noida,Uttar Pradesh,PhD,Permanent,Office,15-Jan-18,2018,1,8,valid,17.5,"₹ 9,40,000",940000,Valid,"₹ 1,50,400",3,No,,95.4,valid,15,45,11.4,Active,No,,shreyaagarwal.emp0359@examplecorp.in,-7919819811,26-Aug-26
EMP0360,Anjali Reddy,Female,36,R&D,Research Engineer,L1,Dr. Meera Krishnan,Chennai,Tamil Nadu,Master's,Permanent,Hybrid,01-Feb-22,2022,2,4,valid,12,"₹ 12,00,000",1200000,Valid,"₹ 1,68,000",3,No,,98.8,valid,1,72,41.8,Active,No,,anjalireddy.emp0360@examplecorp.in,-8576640242,26-Aug-26
EMP0361,Bhavna Roy,Female,37,Sales,Business Development Executive,L2,Neha Kapoor,Kolkata,West Bengal,High School,Contract,Office,23-Feb-18,2018,2,8,valid,9.8,"₹ 6,70,000",670000,Valid,"₹ 1,13,900",5,No,,82.8,valid,17,46,4.9,Active,No,,bhavnaroy.emp0361@examplecorp.in,-8463936649,26-Aug-26
EMP0362,Karan Patel,Male,29,HR,HR Business Partner,L3,Priya Nair,Coimbatore,Tamil Nadu,Master's,Permanent,Hybrid,19-Mar-25,2025,3,1,valid,3.9,"₹ 9,30,000",930000,Valid,"₹ 93,000",2,No,,75.2,valid,22,58,6.1,Active,No,,karanpatel.emp0362@examplecorp.in,-9620094919,26-Aug-26
EMP0363,Ananya Desai,Female,29,Sales,Sales Executive,L2,Neha Kapoor,Mumbai,Maharashtra,PhD,Permanent,Hybrid,16-Apr-20,2020,4,6,valid,8.3,"₹ 4,60,000",460000,Valid,"₹ 69,000",2,No,,99.9,valid,8,83,43.8,Resigned,Yes,Relocation,ananyadesai.emp0363@examplecorp.in,-6447229862,26-Aug-26
EMP0364,Swati Singh,Female,32,Finance,Tax Specialist,L1,Vikram Shah,Kolkata,West Bengal,Bachelor's,Permanent,Office,12-Aug-26,2026,8,0,valid,7.4,"₹ 7,30,000",730000,Valid,"₹ 36,500",2,No,,96.1,valid,26,95,31.5,Active,No,,swatisingh.emp0364@examplecorp.in,-9489319943,26-Aug-26
EMP0365,Manish Nair,Male,29,Finance,Tax Specialist,L1,Vikram Shah,Chennai,Tamil Nadu,High School,Permanent,Hybrid,26-Apr-23,2023,4,3,valid,5.4,"₹ 8,15,000",815000,Valid,"₹ 1,14,100",4,Yes,05-Jan-25,80.7,valid,26,85,6.8,Active,No,,manishnair.emp0365@examplecorp.in,-9956239774,26-Aug-26
EMP0366,Neha Sharma,Female,37,Admin,Facilities Executive,L2,Kavita Joshi,Delhi,Delhi,Master's,Permanent,Office,07-Jan-19,2019,1,7,valid,12,"₹ 5,40,000",540000,Valid,"₹ 37,800",3,No,,98.4,valid,19,37,42.9,Active,No,,nehasharma.emp0366@examplecorp.in,-6898236398,26-Aug-26
EMP0367,Aadhya Menon,Female,28,Finance,Internal Auditor,L1,Vikram Shah,Mumbai,Maharashtra,PhD,Intern,Hybrid,22-Mar-26,2026,3,0,valid,0.7,"₹ 3,85,000",385000,Valid,"₹ 34,650",3,No,,77.8,valid,9,41,18,Active,No,,aadhyamenon.emp0367@examplecorp.in,-8873125638,26-Aug-26
EMP0368,Shreya Nair,Female,32,Legal,Legal Manager,L4,Ananya Rao,Chennai,Tamil Nadu,High School,Contract,Remote,12-Oct-20,2020,10,5,valid,10.5,"₹ 21,50,000",2150000,Valid,"₹ 2,79,500",3,No,,97.9,valid,7,42,29.8,Active,No,,shreyanair.emp0368@examplecorp.in,-8390746240,26-Aug-26
EMP0369,Rishabh Mishra,Male,26,HR,HR Executive,L1,Priya Nair,Kolkata,West Bengal,Diploma,Contract,Office,15-Jan-22,2022,1,4,valid,4.3,"₹ 4,40,000",440000,Valid,"₹ 74,800",3,No,,83.6,valid,12,20,22.4,Resigned,Yes,Higher Education,rishabhmishra.emp0369@examplecorp.in,-7367218972,26-Aug-26
EMP0370,Priyanka Shah,Female,42,R&D,Research Associate,L1,Dr. Meera Krishnan,Mumbai,Maharashtra,Master's,Permanent,Remote,06-Nov-21,2021,11,4,valid,15.7,"₹ 8,30,000",830000,Valid,"₹ 1,57,700",3,No,,96,valid,2,82,17.6,Active,No,,priyankashah.emp0370@examplecorp.in,-6169186693,26-Aug-26
EMP0371,Akash Khan,Male,37,Legal,Corporate Counsel,L5,Ananya Rao,Noida,Uttar Pradesh,Bachelor's,Permanent,Office,17-Jul-25,2025,7,1,valid,12.3,"₹ 19,70,000",1970000,Valid,"₹ 1,57,600",4,Yes,,78.1,valid,23,30,20.4,Active,No,,akashkhan.emp0371@examplecorp.in,-9806397212,26-Aug-26
EMP0372,Shreya Kapoor,Female,31,Legal,Legal Manager,L5,Ananya Rao,Ahmedabad,Gujarat,High School,Permanent,Office,19-Apr-26,2026,4,0,valid,8.5,"₹ 17,65,000",1765000,Valid,"₹ 2,47,100",2,No,,96.2,valid,30,48,3.5,Resigned,Yes,Relocation,shreyakapoor.emp0372@examplecorp.in,-8770880859,26-Aug-26
EMP0373,Radhika Agarwal,Female,32,Sales,Sales Operations Analyst,L2,Neha Kapoor,Hyderabad,Telangana,PhD,Contract,Remote,04-May-26,2026,5,0,valid,7.8,"₹ 5,70,000",570000,Valid,"₹ 57,000",3,No,,92.3,valid,6,25,19.2,Active,No,,radhikaagarwal.emp0373@examplecorp.in,-7445814940,26-Aug-26
EMP0374,Gaurav Banerjee,Male,43,Customer Support,Customer Support Executive,L1,Rohit Bhatia,Noida,Uttar Pradesh,Master's,Permanent,Office,25-Nov-18,2018,11,7,valid,17.2,"₹ 4,85,000",485000,Valid,"₹ 97,000",4,Yes,03-Feb-26,79.9,valid,19,12,54.5,Active,No,,gauravbanerjee.emp0374@examplecorp.in,-7566674527,26-Aug-26
EMP0375,Rishabh Banerjee,Male,38,Admin,Facilities Executive,L1,Kavita Joshi,Kolkata,West Bengal,Diploma,Permanent,Hybrid,19-Dec-23,2023,12,2,valid,13.1,"₹ 5,25,000",525000,Valid,"₹ 57,750",2,No,,98.9,valid,12,44,1.3,Active,No,,rishabhbanerjee.emp0375@examplecorp.in,-7672075139,26-Aug-26
EMP0376,Priyanka Chandra,Female,33,Admin,Executive Assistant,L2,Kavita Joshi,Kolkata,West Bengal,Diploma,Permanent,Hybrid,01-Dec-24,2024,12,1,valid,12,"₹ 8,05,000",805000,Valid,"₹ 1,04,650",2,No,,92.4,valid,17,29,7.7,Active,No,,priyankachandra.emp0376@examplecorp.in,-6874454722,26-Aug-26
EMP0377,Karan Mishra,Male,30,Sales,Sales Operations Analyst,L1,Neha Kapoor,Delhi,Delhi,Diploma,Permanent,Office,19-Nov-20,2020,11,5,valid,7.2,"₹ 7,15,000",715000,Valid,"₹ 71,500",3,No,,81.5,valid,13,39,48.3,Active,No,,karanmishra.emp0377@examplecorp.in,-7803678266,26-Aug-26
EMP0378,Arnav Varma,Male,36,Operations,Operations Manager,L4,Sanjay Verma,Chennai,Tamil Nadu,Master's,Permanent,Hybrid,26-Dec-19,2019,12,6,valid,8.4,"₹ 16,70,000",1670000,Valid,"₹ 2,17,100",4,Yes,,80.8,valid,15,46,55.8,Active,No,,arnavvarma.emp0378@examplecorp.in,-6692663590,26-Aug-26
EMP0379,Aisha Srinivasan,Female,42,HR,Talent Acquisition Specialist,L1,Priya Nair,Noida,Uttar Pradesh,High School,Permanent,Hybrid,11-Sep-20,2020,9,5,valid,17.5,"₹ 8,05,000",805000,Valid,"₹ 40,250",3,No,,95.8,valid,15,18,8.4,Active,No,,aishasrinivasan.emp0379@examplecorp.in,-8532102517,26-Aug-26
EMP0380,Gaurav Reddy,Male,36,Admin,Office Administrator,L2,Kavita Joshi,Chennai,Tamil Nadu,MBA,Contract,Office,06-Jun-23,2023,6,3,valid,10.3,"₹ 4,25,000",425000,Valid,"₹ 80,750",3,No,,98.8,valid,1,15,8.1,Active,No,,gauravreddy.emp0380@examplecorp.in,-7325934057,26-Aug-26
EMP0381,Vivek Rao,Male,39,Marketing,Digital Marketing Specialist,L2,Rahul Iyer,Kolkata,West Bengal,Diploma,Permanent,Hybrid,18-Dec-18,2018,12,7,valid,12.9,"₹ 6,20,000",620000,Valid,"₹ 1,17,800",4,No,,89.9,valid,17,14,32,Resigned,Yes,Compensation,vivekrao.emp0381@examplecorp.in,-8231087201,26-Aug-26
EMP0382,Deepak Das,Male,36,Finance,Internal Auditor,L2,Vikram Shah,Hyderabad,Telangana,Diploma,Permanent,Remote,18-Jan-18,2018,1,8,valid,13.3,"₹ 8,15,000",815000,Valid,"₹ 81,500",4,Yes,17-Oct-20,84,valid,15,99,30.1,Active,No,,deepakdas.emp0382@examplecorp.in,-9114761587,26-Aug-26
EMP0383,Sneha Bose,Female,33,Operations,Supply Chain Analyst,L1,Sanjay Verma,Kolkata,West Bengal,MBA,Contract,Hybrid,05-Apr-22,2022,4,4,valid,7.4,"₹ 6,85,000",685000,Valid,"₹ 1,16,450",3,No,,80,valid,1,6,61.2,Active,No,,snehabose.emp0383@examplecorp.in,-9692442857,26-Aug-26
EMP0384,Shivam Reddy,Male,41,Customer Support,Customer Success Manager,L4,Rohit Bhatia,Ahmedabad,Gujarat,Master's,Permanent,Hybrid,14-Aug-19,2019,8,7,valid,13.9,"₹ 7,10,000",710000,Valid,"₹ 1,06,500",2,No,,84,valid,15,86,41.1,Active,No,,shivamreddy.emp0384@examplecorp.in,-6866254898,26-Aug-26
EMP0385,Pranav Rao,Male,36,R&D,Research Engineer,L1,Dr. Meera Krishnan,Coimbatore,Tamil Nadu,High School,Permanent,Hybrid,20-Sep-21,2021,9,4,valid,11.3,"₹ 11,25,000",1125000,Valid,"₹ 2,25,000",4,Yes,26-Feb-23,78.3,valid,16,21,42.8,Active,No,,pranavrao.emp0385@examplecorp.in,-8483853707,26-Aug-26
EMP0386,Megha Kapoor,Female,42,HR,HR Executive,L2,Priya Nair,Hyderabad,Telangana,PhD,Permanent,Hybrid,23-Feb-19,2019,2,7,valid,14.7,"₹ 5,95,000",595000,Valid,"₹ 53,550",5,No,14-Jul-21,98.3,valid,14,52,23.8,Active,No,,meghakapoor.emp0386@examplecorp.in,-9933883934,26-Aug-26
EMP0387,Swati Khan,Female,36,Marketing,Marketing Manager,L4,Rahul Iyer,Coimbatore,Tamil Nadu,Master's,Contract,Hybrid,12-Apr-21,2021,4,5,valid,9.8,"₹ 13,55,000",1355000,Valid,"₹ 2,30,350",4,No,,96.1,valid,6,19,8.9,Resigned,Yes,Relocation,swatikhan.emp0387@examplecorp.in,-9870831920,26-Aug-26
EMP0388,Priyanka Sharma,Female,35,IT,Data Analyst,L2,Arjun Mehta,Kolkata,West Bengal,High School,Permanent,Remote,10-Aug-18,2018,8,8,valid,13.7,"₹ 9,35,000",935000,Valid,"₹ 74,800",3,No,,92.5,valid,3,45,38.4,Active,No,,priyankasharma.emp0388@examplecorp.in,-9181038724,26-Aug-26
EMP0389,Riya Jain,Female,29,R&D,Research Engineer,L1,Dr. Meera Krishnan,Bangalore,Karnataka,PhD,Permanent,Remote,20-Sep-23,2023,9,2,valid,4.7,"₹ 15,80,000",1580000,Valid,"₹ 2,21,200",4,Yes,05-Feb-25,80.3,valid,28,92,25.6,Active,No,,riyajain.emp0389@examplecorp.in,-7970449379,26-Aug-26
EMP0390,Anjali Kumar,Female,33,Customer Support,Support Team Lead,L3,Rohit Bhatia,Mumbai,Maharashtra,High School,Permanent,Remote,05-May-22,2022,5,4,valid,9.7,"₹ 8,25,000",825000,Valid,"₹ 1,40,250",4,Yes,,85.7,valid,5,82,48,Active,No,,anjalikumar.emp0390@examplecorp.in,-7834218668,26-Aug-26
EMP0391,Amit Roy,Male,30,Customer Support,Customer Support Executive,L1,Rohit Bhatia,Pune,Maharashtra,Bachelor's,Permanent,Hybrid,03-Aug-20,2020,8,6,valid,7.8,"₹ 3,95,000",395000,Valid,"₹ 51,350",1,No,,91.9,valid,27,58,26.9,Active,No,,amitroy.emp0391@examplecorp.in,-9576225470,26-Aug-26
EMP0392,Nikhil Kumar,Male,27,R&D,Data Scientist,L1,Dr. Meera Krishnan,Mumbai,Maharashtra,Bachelor's,Permanent,Hybrid,29-Dec-24,2024,12,1,valid,6,"₹ 16,25,000",1625000,Valid,"₹ 1,78,750",2,No,,85,valid,27,76,8.4,Active,No,,nikhilkumar.emp0392@examplecorp.in,-6564708801,26-Aug-26
EMP0393,Arnav Patel,Male,38,HR,Learning & Development Specialist,L2,Priya Nair,Kolkata,West Bengal,Diploma,Permanent,Office,15-Feb-25,2025,2,1,valid,11,"₹ 6,55,000",655000,Valid,"₹ 65,500",1,No,,83.6,valid,8,17,31.1,Active,No,,arnavpatel.emp0393@examplecorp.in,-7179500839,26-Aug-26
EMP0394,Akash Jain,Male,40,Sales,Business Development Executive,L1,Neha Kapoor,Hyderabad,Telangana,Master's,Permanent,Hybrid,24-Feb-23,2023,2,3,valid,12.6,"₹ 7,55,000",755000,Valid,"₹ 90,600",4,Yes,,90.1,valid,23,70,9,Active,No,,akashjain.emp0394@examplecorp.in,-9566226870,26-Aug-26
EMP0395,Ankit Patel,Male,40,Sales,Business Development Executive,L1,Neha Kapoor,Coimbatore,Tamil Nadu,Bachelor's,Permanent,Remote,22-Mar-20,2020,3,6,valid,12.8,"₹ 7,75,000",775000,Valid,"₹ 1,08,500",3,No,,85.9,valid,21,88,16.3,Active,No,,ankitpatel.emp0395@examplecorp.in,-8484078915,26-Aug-26
EMP0396,Kavya Agarwal,Female,35,Operations,Operations Executive,L2,Sanjay Verma,Noida,Uttar Pradesh,Diploma,Permanent,Office,20-Sep-22,2022,9,3,valid,7.5,"₹ 6,25,000",625000,Valid,"₹ 43,750",3,No,17-Jun-26,98.2,valid,18,65,58.7,Active,No,,kavyaagarwal.emp0396@examplecorp.in,-9587710381,26-Aug-26
EMP0397,Siddharth Singh,Male,37,Legal,Legal Manager,L4,Ananya Rao,Coimbatore,Tamil Nadu,High School,Permanent,Hybrid,05-Dec-21,2021,12,4,valid,12.8,"₹ 20,50,000",2050000,Valid,"₹ 2,87,000",3,No,,97.9,valid,23,98,23,Active,No,,siddharthsingh.emp0397@examplecorp.in,-8974148229,26-Aug-26
EMP0398,Vaishnavi Mishra,Female,34,Customer Support,Technical Support Specialist,L2,Rohit Bhatia,Pune,Maharashtra,MBA,Permanent,Office,04-Jul-21,2021,7,5,valid,11.5,"₹ 4,70,000",470000,Valid,"₹ 70,500",3,No,,98.9,valid,8,53,23.9,Active,No,,vaishnavimishra.emp0398@examplecorp.in,-6624486915,26-Aug-26
EMP0399,Rishabh Agarwal,Male,38,IT,IT Manager,L4,Arjun Mehta,Hyderabad,Telangana,Bachelor's,Permanent,Remote,27-Feb-24,2024,2,2,valid,11.3,"₹ 14,85,000",1485000,Valid,"₹ 1,63,350",3,No,16-May-25,76,valid,22,14,60.8,Active,No,,rishabhagarwal.emp0399@examplecorp.in,-9312939778,26-Aug-26
EMP0400,Ravi Agarwal,Male,39,R&D,Research Engineer,L2,Dr. Meera Krishnan,Noida,Uttar Pradesh,Master's,Permanent,Remote,13-Apr-18,2018,4,8,valid,16,"₹ 9,05,000",905000,Valid,"₹ 1,26,700",2,No,,96.1,valid,18,69,0.8,Active,No,,raviagarwal.emp0400@examplecorp.in,-8397709721,26-Aug-26
EMP0401,Saurabh Srinivasan,Male,36,Legal,Legal Executive,L2,Ananya Rao,Pune,Maharashtra,Diploma,Permanent,Hybrid,10-Sep-21,2021,9,4,valid,8,"₹ 6,80,000",680000,Valid,"₹ 1,29,200",1,No,,77.3,valid,21,30,44.5,Active,No,,saurabhsrinivasan.emp0401@examplecorp.in,-8168647066,26-Aug-26
EMP0402,Harsh Rao,Male,37,R&D,Research Associate,L1,Dr. Meera Krishnan,Kolkata,West Bengal,High School,Permanent,Hybrid,02-Aug-18,2018,8,8,valid,15,"₹ 10,80,000",1080000,Valid,"₹ 1,94,400",3,No,,90.1,valid,10,57,7.7,Active,No,,harshrao.emp0402@examplecorp.in,-8455597674,26-Aug-26
EMP0403,Simran Khan,Female,34,Finance,Financial Analyst,L1,Vikram Shah,Hyderabad,Telangana,Bachelor's,Permanent,Hybrid,18-May-23,2023,5,3,valid,11.6,"₹ 8,70,000",870000,Valid,"₹ 1,56,600",2,No,,83.2,valid,7,49,30.8,Resigned,Yes,Relocation,simrankhan.emp0403@examplecorp.in,-7952490188,26-Aug-26
EMP0404,Deepak Agarwal,Male,37,Sales,Business Development Executive,L2,Neha Kapoor,Coimbatore,Tamil Nadu,MBA,Contract,Remote,16-Sep-19,2019,9,6,valid,11.3,"₹ 7,00,000",700000,Valid,"₹ 77,000",4,No,,77,valid,17,7,27.2,Active,No,,deepakagarwal.emp0404@examplecorp.in,-8137605572,26-Aug-26
EMP0405,Aditi Rao,Female,32,Marketing,Marketing Manager,L5,Rahul Iyer,Noida,Uttar Pradesh,MBA,Permanent,Remote,08-Oct-22,2022,10,3,valid,8,"₹ 20,95,000",2095000,Valid,"₹ 2,93,300",4,Yes,17-Nov-24,81,valid,1,17,12.1,Active,No,,aditirao.emp0405@examplecorp.in,-6876584184,26-Aug-26
EMP0406,Aman Roy,Male,31,HR,HR Executive,L1,Priya Nair,Kolkata,West Bengal,Diploma,Permanent,Hybrid,02-Jun-22,2022,6,4,valid,10,"₹ 4,55,000",455000,Valid,"₹ 45,500",3,No,,86.7,valid,24,51,21.8,Active,No,,amanroy.emp0406@examplecorp.in,-9790179964,26-Aug-26
EMP0407,Riya Roy,Female,27,Marketing,Digital Marketing Specialist,L1,Rahul Iyer,Coimbatore,Tamil Nadu,PhD,Intern,Hybrid,20-Jan-26,2026,1,0,valid,1.3,"₹ 3,00,000",300000,Valid,"₹ 30,000",4,No,,93.8,valid,13,38,44.4,Active,No,,riyaroy.emp0407@examplecorp.in,-7883434190,26-Aug-26
EMP0408,Arnav Iyer,Male,31,Finance,Finance Manager,L5,Vikram Shah,Bangalore,Karnataka,High School,Permanent,Office,26-Nov-25,2025,11,0,valid,8.6,"₹ 18,15,000",1815000,Valid,"₹ 3,44,850",5,No,,91.5,valid,22,56,31,Active,No,,arnaviyer.emp0408@examplecorp.in,-7680540492,26-Aug-26
EMP0409,Yash Reddy,Male,34,IT,IT Manager,L4,Arjun Mehta,Kolkata,West Bengal,High School,Contract,Remote,27-Jul-26,2026,7,0,valid,10.1,"₹ 14,30,000",1430000,Valid,"₹ 2,00,200",3,No,,87.5,valid,4,11,66,Active,No,,yashreddy.emp0409@examplecorp.in,-6912736270,26-Aug-26
EMP0410,Saurabh Chandra,Male,29,R&D,Research Associate,L2,Dr. Meera Krishnan,Kolkata,West Bengal,Diploma,Permanent,Hybrid,27-May-24,2024,5,2,valid,6.1,"₹ 8,35,000",835000,Valid,"₹ 1,58,650",4,Yes,,91,valid,22,55,27.8,Active,No,,saurabhchandra.emp0410@examplecorp.in,-9309094332,26-Aug-26
EMP0411,Aadhya Desai,Female,27,Finance,Financial Analyst,L2,Vikram Shah,Hyderabad,Telangana,Master's,Permanent,Hybrid,11-Jul-26,2026,7,0,valid,1.2,"₹ 10,80,000",1080000,Valid,"₹ 1,08,000",4,No,,83.2,valid,10,46,20.8,Active,No,,aadhyadesai.emp0411@examplecorp.in,-6820585133,26-Aug-26
EMP0412,Aditi Shah,Female,38,Finance,Internal Auditor,L1,Vikram Shah,Ahmedabad,Gujarat,MBA,Permanent,Office,25-Oct-18,2018,10,7,valid,15.7,"₹ 8,90,000",890000,Valid,"₹ 1,69,100",3,No,,75.4,valid,18,54,8.9,Active,No,,aditishah.emp0412@examplecorp.in,-9666396178,26-Aug-26
EMP0413,Deepak Singh,Male,35,Finance,Tax Specialist,L1,Vikram Shah,Pune,Maharashtra,Master's,Permanent,Hybrid,13-Mar-22,2022,3,4,valid,7.1,"₹ 6,75,000",675000,Valid,"₹ 1,35,000",4,Yes,,97.7,valid,30,67,2.3,Active,No,,deepaksingh.emp0413@examplecorp.in,-6913500167,26-Aug-26
EMP0414,Shivam Desai,Male,41,R&D,Data Scientist,L1,Dr. Meera Krishnan,Pune,Maharashtra,Master's,Permanent,Office,30-Nov-22,2022,11,3,valid,13.5,"₹ 12,20,000",1220000,Valid,"₹ 2,31,800",3,No,,84.6,valid,27,48,35.5,Active,No,,shivamdesai.emp0414@examplecorp.in,-9877665726,26-Aug-26
EMP0415,Deepa Patel,Female,33,R&D,Research Associate,L1,Dr. Meera Krishnan,Coimbatore,Tamil Nadu,High School,Permanent,Hybrid,25-Feb-24,2024,2,2,valid,8.8,"₹ 7,85,000",785000,Valid,"₹ 1,41,300",5,Yes,30-Jul-25,77.1,valid,20,26,25.3,Active,No,,deepapatel.emp0415@examplecorp.in,-7350018992,26-Aug-26
EMP0416,Divya Iyer,Female,35,Admin,Facilities Executive,L1,Kavita Joshi,Noida,Uttar Pradesh,MBA,Permanent,Office,13-Oct-18,2018,10,7,valid,8.3,"₹ 4,35,000",435000,Valid,"₹ 87,000",5,Yes,07-May-25,83.8,valid,3,51,9,Active,No,,divyaiyer.emp0416@examplecorp.in,-7851825102,26-Aug-26
EMP0417,Kajal Desai,Female,33,Sales,Sales Executive,L2,Neha Kapoor,Chennai,Tamil Nadu,Bachelor's,Contract,Office,27-May-26,2026,5,0,valid,7.5,"₹ 7,15,000",715000,Valid,"₹ 57,200",4,No,,98.7,valid,14,38,58.1,Resigned,Yes,Performance Separation,kajaldesai.emp0417@examplecorp.in,-8595333851,26-Aug-26
EMP0418,Harsh Kumar,Male,27,R&D,Data Scientist,L2,Dr. Meera Krishnan,Mumbai,Maharashtra,Master's,Contract,Hybrid,31-Dec-22,2022,12,3,valid,4.5,"₹ 15,20,000",1520000,Valid,"₹ 2,73,600",3,No,,88.6,valid,7,36,16.5,Active,No,,harshkumar.emp0418@examplecorp.in,-7528679025,26-Aug-26
EMP0419,Aman Rao,Male,35,R&D,Research Engineer,L1,Dr. Meera Krishnan,Mumbai,Maharashtra,MBA,Permanent,Office,22-Jan-22,2022,1,4,valid,11.4,"₹ 15,50,000",1550000,Valid,"₹ 2,94,500",4,Yes,25-Sep-24,76.1,valid,21,82,41.3,Active,No,,amanrao.emp0419@examplecorp.in,-7953151843,26-Aug-26
EMP0420,Siddharth Kapoor,Male,34,Admin,Office Administrator,L2,Kavita Joshi,Kolkata,West Bengal,Master's,Permanent,Office,13-Mar-25,2025,3,1,valid,11.8,"₹ 5,90,000",590000,Valid,"₹ 76,700",5,Yes,03-May-26,75.3,valid,9,43,22.2,Active,No,,siddharthkapoor.emp0420@examplecorp.in,-6452785354,26-Aug-26
EMP0421,Kavya Tripathi,Female,35,R&D,Data Scientist,L2,Dr. Meera Krishnan,Coimbatore,Tamil Nadu,PhD,Permanent,Remote,03-Mar-25,2025,3,1,valid,11.8,"₹ 14,35,000",1435000,Valid,"₹ 86,100",3,No,,81.2,valid,30,88,28.4,Active,No,,kavyatripathi.emp0421@examplecorp.in,-8136477570,26-Aug-26
EMP0422,Kavya Kapoor,Female,32,Admin,Administration Manager,L5,Kavita Joshi,Noida,Uttar Pradesh,Diploma,Permanent,Hybrid,03-Nov-25,2025,11,0,valid,4.4,"₹ 13,55,000",1355000,Valid,"₹ 2,57,450",4,No,,79.2,valid,10,80,2.3,Active,No,,kavyakapoor.emp0422@examplecorp.in,-8306026604,26-Aug-26
EMP0423,Priyanka Srinivasan,Female,30,R&D,Research Associate,L2,Dr. Meera Krishnan,Kolkata,West Bengal,Master's,Permanent,Hybrid,06-May-25,2025,5,1,valid,5.6,"₹ 10,00,000",1000000,Valid,"₹ 1,20,000",4,Yes,,96.2,valid,22,73,14.3,Active,No,,priyankasrinivasan.emp0423@examplecorp.in,-7416979864,26-Aug-26
EMP0424,Amit Tripathi,Male,23,IT,Systems Administrator,L2,Arjun Mehta,Bangalore,Karnataka,Diploma,Permanent,Remote,28-Nov-25,2025,11,0,valid,1,"₹ 7,50,000",750000,Valid,"₹ 75,000",4,No,,84,valid,26,61,53.5,Active,No,,amittripathi.emp0424@examplecorp.in,-7184207500,26-Aug-26
EMP0425,Saurabh Kapoor,Male,36,Finance,Internal Auditor,L1,Vikram Shah,Ahmedabad,Gujarat,Diploma,Permanent,Remote,26-Apr-26,2026,4,0,valid,11.5,"₹ 8,05,000",805000,Valid,"₹ 88,550",4,No,,78.4,valid,7,68,17.7,Active,No,,saurabhkapoor.emp0425@examplecorp.in,-9819086935,26-Aug-26
EMP0426,Yash Gupta,Male,40,Operations,Operations Executive,L2,Sanjay Verma,Noida,Uttar Pradesh,PhD,Permanent,Hybrid,10-Feb-20,2020,2,6,valid,16.4,"₹ 6,50,000",650000,Valid,"₹ 97,500",3,No,,82.8,valid,27,55,61.2,Active,No,,yashgupta.emp0426@examplecorp.in,-6115400857,26-Aug-26
EMP0427,Aisha Shah,Female,29,Finance,Finance Manager,L5,Vikram Shah,Kolkata,West Bengal,Bachelor's,Permanent,Hybrid,17-Aug-22,2022,8,4,valid,5.3,"₹ 21,85,000",2185000,Valid,"₹ 2,40,350",4,Yes,02-Jan-24,89.7,valid,4,74,12,Active,No,,aishashah.emp0427@examplecorp.in,-6209312526,26-Aug-26
EMP0428,Pallavi Gupta,Female,37,Finance,Accountant,L2,Vikram Shah,Hyderabad,Telangana,Bachelor's,Permanent,Remote,08-Feb-22,2022,2,4,valid,14.4,"₹ 4,70,000",470000,Valid,"₹ 37,600",4,Yes,17-Feb-25,90,valid,8,26,9,Active,No,,pallavigupta.emp0428@examplecorp.in,-9272172510,26-Aug-26
EMP0429,Rishabh Kapoor,Male,42,Operations,Operations Supervisor,L1,Sanjay Verma,Coimbatore,Tamil Nadu,MBA,Permanent,Hybrid,31-Jan-18,2018,1,8,valid,17.7,"₹ 9,75,000",975000,Valid,"₹ 1,65,750",2,No,,83.3,valid,25,66,29.3,Active,No,,rishabhkapoor.emp0429@examplecorp.in,-6651050654,26-Aug-26
EMP0430,Neha Khan,Female,34,Sales,Sales Operations Analyst,L2,Neha Kapoor,Kolkata,West Bengal,High School,Permanent,Hybrid,21-Feb-26,2026,2,0,valid,7,"₹ 9,30,000",930000,Valid,"₹ 1,11,600",1,No,,82.1,valid,0,84,46.8,Resigned,Yes,Work-Life Balance,nehakhan.emp0430@examplecorp.in,-9441711789,26-Aug-26
EMP0431,Ananya Srinivasan,Female,32,Legal,Corporate Counsel,L4,Ananya Rao,Hyderabad,Telangana,MBA,Permanent,Office,25-Jul-22,2022,7,4,valid,9.4,"₹ 13,20,000",1320000,Valid,"₹ 2,64,000",3,No,07-May-25,90.8,valid,26,89,10.9,On Notice,No,,ananyasrinivasan.emp0431@examplecorp.in,-6984236874,26-Aug-26
EMP0432,Ankit Jain,Male,33,Sales,Sales Operations Analyst,L1,Neha Kapoor,Noida,Uttar Pradesh,Master's,Permanent,Office,26-Aug-22,2022,8,4,valid,5.3,"₹ 8,20,000",820000,Valid,"₹ 1,06,600",4,Yes,,78,valid,6,70,34.5,Active,No,,ankitjain.emp0432@examplecorp.in,-9203528179,26-Aug-26
EMP0433,Kavya Agarwal,Female,34,Admin,Office Administrator,L1,Kavita Joshi,Coimbatore,Tamil Nadu,Diploma,Contract,Hybrid,28-Dec-18,2018,12,7,valid,7.8,"₹ 6,55,000",655000,Valid,"₹ 52,400",3,No,,87.2,valid,4,19,10,Active,No,,kavyaagarwal.emp0433@examplecorp.in,-7904304816,26-Aug-26
EMP0434,Rajesh Chatterjee,Male,36,Finance,Financial Analyst,L1,Vikram Shah,Ahmedabad,Gujarat,High School,Permanent,Office,22-Aug-19,2019,8,7,valid,11.6,"₹ 8,50,000",850000,Valid,"₹ 1,02,000",4,Yes,,93.1,valid,16,25,35.5,Active,No,,rajeshchatterjee.emp0434@examplecorp.in,-6650214327,26-Aug-26
EMP0435,Akash Nair,Male,44,IT,Senior Software Engineer,L3,Arjun Mehta,Pune,Maharashtra,PhD,Permanent,Hybrid,15-Feb-20,2020,2,6,valid,16.8,"₹ 14,70,000",1470000,Valid,"₹ 2,35,200",4,No,,93.1,valid,5,46,62.4,Active,No,,akashnair.emp0435@examplecorp.in,-7874855477,26-Aug-26
EMP0436,Manish Menon,Male,36,HR,Talent Acquisition Specialist,L2,Priya Nair,Ahmedabad,Gujarat,Master's,Contract,Remote,25-Aug-23,2023,8,3,valid,14.6,"₹ 7,80,000",780000,Valid,"₹ 1,40,400",4,No,,76.3,valid,7,25,13.4,Active,No,,manishmenon.emp0436@examplecorp.in,-6581738925,26-Aug-26
EMP0437,Manish Iyer,Male,28,Admin,Executive Assistant,L1,Kavita Joshi,Chennai,Tamil Nadu,High School,Intern,Office,11-Mar-26,2026,3,0,valid,0.9,"₹ 2,60,000",260000,Valid,"₹ 31,200",3,No,,99.9,valid,3,48,12.1,Active,No,,manishiyer.emp0437@examplecorp.in,-6563192838,26-Aug-26
EMP0438,Tanvi Patel,Female,34,Legal,Corporate Counsel,L5,Ananya Rao,Coimbatore,Tamil Nadu,Bachelor's,Permanent,Hybrid,26-Feb-20,2020,2,6,valid,10.9,"₹ 17,35,000",1735000,Valid,"₹ 3,29,650",4,Yes,,91.7,valid,9,40,21.9,Active,No,,tanvipatel.emp0438@examplecorp.in,-7877987860,26-Aug-26
EMP0439,Kajal Singh,Female,29,Legal,Legal Executive,L1,Ananya Rao,Kolkata,West Bengal,MBA,Permanent,Hybrid,19-Jun-21,2021,6,5,valid,6.2,"₹ 7,60,000",760000,Valid,"₹ 60,800",4,No,12-Jan-24,90.7,valid,3,55,21.3,Active,No,,kajalsingh.emp0439@examplecorp.in,-6812055165,26-Aug-26
EMP0440,Sneha Srinivasan,Female,25,Marketing,Marketing Executive,L1,Rahul Iyer,Kolkata,West Bengal,MBA,Permanent,Hybrid,07-Feb-26,2026,2,0,valid,2,"₹ 6,85,000",685000,Valid,"₹ 95,900",3,No,,95.5,valid,2,19,7.8,Active,No,,snehasrinivasan.emp0440@examplecorp.in,-7151154357,26-Aug-26
EMP0441,Akash Rao,Male,44,Sales,Sales Executive,L2,Neha Kapoor,Coimbatore,Tamil Nadu,PhD,Permanent,Office,03-Sep-20,2020,9,6,valid,16.7,"₹ 5,90,000",590000,Valid,"₹ 35,400",4,Yes,,92.4,valid,27,31,40.8,Resigned,Yes,Better Career Opportunity,akashrao.emp0441@examplecorp.in,-6850025773,26-Aug-26
EMP0442,Bhavna Singh,Female,36,Legal,Contract Specialist,L1,Ananya Rao,Coimbatore,Tamil Nadu,PhD,Permanent,Remote,26-Jun-22,2022,6,4,valid,8.9,"₹ 10,35,000",1035000,Valid,"₹ 1,34,550",2,No,,99.2,valid,28,69,42.9,Active,No,,bhavnasingh.emp0442@examplecorp.in,-7289928087,26-Aug-26
EMP0443,Tanvi Iyer,Female,41,Operations,Operations Executive,L2,Sanjay Verma,Bangalore,Karnataka,Master's,Permanent,Office,17-Mar-21,2021,3,5,valid,13,"₹ 3,95,000",395000,Valid,"₹ 43,450",1,No,,91.1,valid,22,67,59.6,Active,No,,tanviiyer.emp0443@examplecorp.in,-9454511541,26-Aug-26
EMP0444,Rishabh Srinivasan,Male,41,HR,Learning & Development Specialist,L1,Priya Nair,Mumbai,Maharashtra,Diploma,Permanent,Hybrid,07-May-18,2018,5,8,valid,18.5,"₹ 7,65,000",765000,Valid,"₹ 1,45,350",4,No,,82,valid,15,82,4.4,Active,No,,rishabhsrinivasan.emp0444@examplecorp.in,-7387546328,26-Aug-26
EMP0445,Harsh Chandra,Male,33,Customer Support,Customer Support Manager,L4,Rohit Bhatia,Coimbatore,Tamil Nadu,Master's,Permanent,Hybrid,15-Dec-19,2019,12,6,valid,8.2,"₹ 15,15,000",1515000,Valid,"₹ 75,750",1,No,,84.2,valid,24,65,29,Active,No,,harshchandra.emp0445@examplecorp.in,-8707647316,26-Aug-26
EMP0446,Vaishnavi Banerjee,Female,37,Operations,Operations Supervisor,L1,Sanjay Verma,Chennai,Tamil Nadu,High School,Contract,Office,04-Jun-22,2022,6,4,valid,10.3,"₹ 5,85,000",585000,Valid,"₹ 35,100",3,No,,77.3,valid,16,5,24.4,Active,No,,vaishnavibanerjee.emp0446@examplecorp.in,-9469927129,26-Aug-26
EMP0447,Varun Sharma,Male,39,R&D,Research Engineer,L1,Dr. Meera Krishnan,Chennai,Tamil Nadu,PhD,Permanent,Remote,04-Oct-20,2020,10,5,valid,11,"₹ 10,50,000",1050000,Valid,"₹ 1,89,000",3,No,,99.6,valid,14,76,7.1,On Notice,No,,varunsharma.emp0447@examplecorp.in,-7881163145,26-Aug-26
EMP0448,Simran Desai,Female,34,Legal,Contract Specialist,L1,Ananya Rao,Bangalore,Karnataka,Diploma,Contract,Hybrid,25-Mar-23,2023,3,3,valid,9.4,"₹ 6,40,000",640000,Valid,"₹ 38,400",4,No,,93.2,valid,9,29,31.2,Active,No,,simrandesai.emp0448@examplecorp.in,-9865195449,26-Aug-26
EMP0449,Varun Iyer,Male,38,Operations,Operations Manager,L5,Sanjay Verma,Pune,Maharashtra,PhD,Permanent,Hybrid,03-May-19,2019,5,7,valid,13.9,"₹ 19,70,000",1970000,Valid,"₹ 2,36,400",5,Yes,,93.2,valid,3,53,42,Active,No,,varuniyer.emp0449@examplecorp.in,-7557712109,26-Aug-26
EMP0450,Harsh Rao,Male,42,Sales,Sales Operations Analyst,L1,Neha Kapoor,Bangalore,Karnataka,Master's,Permanent,Remote,25-Dec-20,2020,12,5,valid,16.9,"₹ 8,80,000",880000,Valid,"₹ 1,32,000",3,No,23-Jul-25,88.7,valid,1,14,59.9,Resigned,Yes,Work-Life Balance,harshrao.emp0450@examplecorp.in,-7881699613,26-Aug-26
EMP0451,Vivek Agarwal,Male,34,IT,Systems Administrator,L2,Arjun Mehta,Ahmedabad,Gujarat,Master's,Contract,Hybrid,22-Apr-24,2024,4,2,valid,7.9,"₹ 5,30,000",530000,Valid,"₹ 31,800",4,No,,84.8,valid,14,43,42.8,Active,No,,vivekagarwal.emp0451@examplecorp.in,-9617517727,26-Aug-26
EMP0452,Arnav Banerjee,Male,39,HR,Talent Acquisition Specialist,L2,Priya Nair,Delhi,Delhi,High School,Permanent,Hybrid,30-Apr-21,2021,4,5,valid,15.6,"₹ 6,45,000",645000,Valid,"₹ 1,29,000",4,Yes,18-Sep-23,79.8,valid,6,80,41.5,On Notice,No,,arnavbanerjee.emp0452@examplecorp.in,-8711549280,26-Aug-26
EMP0453,Priyanka Chatterjee,Female,29,Admin,Administration Manager,L5,Kavita Joshi,Hyderabad,Telangana,High School,Permanent,Hybrid,16-Feb-26,2026,2,0,valid,1.7,"₹ 11,10,000",1110000,Valid,"₹ 2,22,000",5,No,,76,valid,8,81,2.4,Active,No,,priyankachatterjee.emp0453@examplecorp.in,-9465812425,26-Aug-26
EMP0454,Deepa Desai,Female,40,Marketing,Digital Marketing Specialist,L2,Rahul Iyer,Pune,Maharashtra,Master's,Permanent,Remote,10-Mar-19,2019,3,7,valid,16.9,"₹ 5,15,000",515000,Valid,"₹ 46,350",4,Yes,,80.3,valid,13,68,6.9,Active,No,,deepadesai.emp0454@examplecorp.in,-7831480765,26-Aug-26
EMP0455,Aadhya Bose,Female,38,Customer Support,Technical Support Specialist,L2,Rohit Bhatia,Pune,Maharashtra,Diploma,Permanent,Remote,20-Nov-22,2022,11,3,valid,14.5,"₹ 5,70,000",570000,Valid,"₹ 28,500",5,Yes,20-May-24,99.7,valid,9,50,32,Active,No,,aadhyabose.emp0455@examplecorp.in,-7198238895,26-Aug-26
EMP0456,Akash Shah,Male,33,Finance,Accountant,L2,Vikram Shah,Mumbai,Maharashtra,Diploma,Permanent,Hybrid,27-Aug-25,2025,8,1,valid,11.4,"₹ 6,00,000",600000,Valid,"₹ 54,000",4,Yes,,76.6,valid,8,60,0.2,Resigned,Yes,Relocation,akashshah.emp0456@examplecorp.in,-9162839675,26-Aug-26
EMP0457,Pranav Agarwal,Male,36,Marketing,Digital Marketing Specialist,L2,Rahul Iyer,Chennai,Tamil Nadu,MBA,Permanent,Remote,15-Nov-20,2020,11,5,valid,14.4,"₹ 9,30,000",930000,Valid,"₹ 1,67,400",4,Yes,,99.5,valid,5,22,15,Resigned,Yes,Higher Education,pranavagarwal.emp0457@examplecorp.in,-6111261831,26-Aug-26
EMP0458,Isha Kumar,Female,31,HR,HR Business Partner,L3,Priya Nair,Ahmedabad,Gujarat,Bachelor's,Permanent,Hybrid,11-Jun-24,2024,6,2,valid,8.5,"₹ 7,75,000",775000,Valid,"₹ 62,000",2,No,,99.4,valid,8,45,13.5,Active,No,,ishakumar.emp0458@examplecorp.in,-8532521983,26-Aug-26
EMP0459,Amit Desai,Male,44,HR,HR Manager,L5,Priya Nair,Hyderabad,Telangana,Bachelor's,Contract,Hybrid,27-Feb-19,2019,2,7,valid,17.5,"₹ 11,55,000",1155000,Valid,"₹ 1,73,250",4,No,,81.3,valid,13,6,0.2,Resigned,Yes,Performance Separation,amitdesai.emp0459@examplecorp.in,-8728720651,26-Aug-26
EMP0460,Amit Khan,Male,33,IT,Data Analyst,L2,Arjun Mehta,Pune,Maharashtra,High School,Permanent,Hybrid,09-Nov-22,2022,11,3,valid,7.8,"₹ 10,20,000",1020000,Valid,"₹ 1,42,800",2,No,,98.2,valid,9,21,6.4,On Notice,No,,amitkhan.emp0460@examplecorp.in,-6846823384,26-Aug-26
EMP0461,Pranav Gupta,Male,31,IT,Software Engineer,L2,Arjun Mehta,Hyderabad,Telangana,Bachelor's,Permanent,Hybrid,19-Mar-22,2022,3,4,valid,8.8,"₹ 7,15,000",715000,Valid,"₹ 1,28,700",4,Yes,26-Sep-23,75.4,valid,13,86,27.9,Active,No,,pranavgupta.emp0461@examplecorp.in,-7279359494,26-Aug-26
EMP0462,Aditya Kumar,Male,32,Admin,Executive Assistant,L2,Kavita Joshi,Mumbai,Maharashtra,PhD,Permanent,Hybrid,07-Aug-25,2025,8,1,valid,8.1,"₹ 9,95,000",995000,Valid,"₹ 69,650",5,Yes,,93.5,valid,25,80,14.8,Resigned,Yes,Compensation,adityakumar.emp0462@examplecorp.in,-9680864014,26-Aug-26
EMP0463,Riya Jain,Female,31,Marketing,Marketing Manager,L5,Rahul Iyer,Bangalore,Karnataka,Master's,Contract,Hybrid,23-Dec-25,2025,12,0,valid,7.9,"₹ 14,85,000",1485000,Valid,"₹ 2,52,450",3,No,,76.3,valid,0,38,38.4,Resigned,Yes,Compensation,riyajain.emp0463@examplecorp.in,-9488627674,26-Aug-26
EMP0464,Neha Tripathi,Female,38,Marketing,Marketing Manager,L4,Rahul Iyer,Hyderabad,Telangana,MBA,Permanent,Office,09-Jan-20,2020,1,6,valid,12,"₹ 16,60,000",1660000,Valid,"₹ 2,32,400",3,No,,79,valid,15,45,6.1,Active,No,,nehatripathi.emp0464@examplecorp.in,-9136663440,26-Aug-26
EMP0465,Arnav Khan,Male,34,Legal,Corporate Counsel,L4,Ananya Rao,Chennai,Tamil Nadu,MBA,Permanent,Remote,21-Nov-18,2018,11,7,valid,7.6,"₹ 21,40,000",2140000,Valid,"₹ 2,35,400",5,Yes,09-Apr-26,86.4,valid,7,63,4.5,Active,No,,arnavkhan.emp0465@examplecorp.in,-6375269813,26-Aug-26
EMP0466,Bhavna Singh,Female,29,IT,Software Engineer,L2,Arjun Mehta,Delhi,Delhi,Master's,Permanent,Remote,12-Apr-23,2023,4,3,valid,4.7,"₹ 7,20,000",720000,Valid,"₹ 1,00,800",4,Yes,29-Apr-26,79.2,valid,10,69,27.3,Active,No,,bhavnasingh.emp0466@examplecorp.in,-8670380172,26-Aug-26
EMP0467,Aadhya Das,Female,37,R&D,Data Scientist,L2,Dr. Meera Krishnan,Ahmedabad,Gujarat,MBA,Contract,Hybrid,12-Apr-22,2022,4,4,valid,13,"₹ 14,15,000",1415000,Valid,"₹ 1,55,650",5,No,,82.8,valid,0,55,17.6,Active,No,,aadhyadas.emp0467@examplecorp.in,-9112154117,26-Aug-26
EMP0468,Arnav Khan,Male,29,Legal,Contract Specialist,L2,Ananya Rao,Ahmedabad,Gujarat,Master's,Permanent,Hybrid,24-Aug-25,2025,8,1,valid,2.9,"₹ 8,70,000",870000,Valid,"₹ 1,21,800",5,No,,97.2,valid,20,58,41.9,Active,No,,arnavkhan.emp0468@examplecorp.in,-6252431420,26-Aug-26
EMP0469,Rajesh Reddy,Male,30,Marketing,Brand Manager,L4,Rahul Iyer,Kolkata,West Bengal,Master's,Permanent,Hybrid,21-Jan-26,2026,1,0,valid,3.8,"₹ 13,30,000",1330000,Valid,"₹ 79,800",5,No,,99.1,valid,18,79,7.8,Active,No,,rajeshreddy.emp0469@examplecorp.in,-9937322897,26-Aug-26
EMP0470,Kavya Chandra,Female,35,Sales,Sales Operations Analyst,L2,Neha Kapoor,Chennai,Tamil Nadu,High School,Contract,Office,03-Oct-22,2022,10,3,valid,13.2,"₹ 7,05,000",705000,Valid,"₹ 1,33,950",4,No,,99.9,valid,12,39,24.9,Active,No,,kavyachandra.emp0470@examplecorp.in,-9267377072,26-Aug-26
EMP0471,Riya Khan,Female,35,Admin,Facilities Executive,L1,Kavita Joshi,Ahmedabad,Gujarat,MBA,Permanent,Office,16-Jun-19,2019,6,7,valid,12.8,"₹ 5,15,000",515000,Valid,"₹ 66,950",4,Yes,07-Jan-21,83.3,valid,29,12,36.4,Active,No,,riyakhan.emp0471@examplecorp.in,-7218348056,26-Aug-26
EMP0472,Vivek Desai,Male,38,Customer Support,Customer Success Manager,L5,Rohit Bhatia,Delhi,Delhi,High School,Contract,Hybrid,27-Jul-18,2018,7,8,valid,13.6,"₹ 6,65,000",665000,Valid,"₹ 1,19,700",4,No,,81.2,valid,18,10,40.1,Active,No,,vivekdesai.emp0472@examplecorp.in,-9898333915,26-Aug-26
EMP0473,Suresh Khan,Male,38,Finance,Internal Auditor,L2,Vikram Shah,Mumbai,Maharashtra,PhD,Permanent,Office,19-Jul-20,2020,7,6,valid,13.6,"₹ 8,20,000",820000,Valid,"₹ 73,800",3,No,,87.9,valid,13,75,7.2,Active,No,,sureshkhan.emp0473@examplecorp.in,-9918560626,26-Aug-26
EMP0474,Deepak Varma,Male,32,Legal,Compliance Analyst,L1,Ananya Rao,Kolkata,West Bengal,Diploma,Permanent,Remote,18-Nov-23,2023,11,2,valid,5.8,"₹ 8,80,000",880000,Valid,"₹ 52,800",1,No,,89.4,valid,27,89,7.6,Active,No,,deepakvarma.emp0474@examplecorp.in,-8797824338,26-Aug-26
EMP0475,Yash Sharma,Male,30,Marketing,Brand Manager,L4,Rahul Iyer,Delhi,Delhi,Master's,Permanent,Hybrid,06-Apr-25,2025,4,1,valid,2.9,"₹ 9,95,000",995000,Valid,"₹ 1,99,000",5,Yes,,93.7,valid,30,56,20.7,Active,No,,yashsharma.emp0475@examplecorp.in,-8104615613,26-Aug-26
EMP0476,Ananya Gupta,Female,38,Legal,Corporate Counsel,L4,Ananya Rao,Chennai,Tamil Nadu,High School,Permanent,Hybrid,29-Mar-18,2018,3,8,valid,14.1,"₹ 15,35,000",1535000,Valid,"₹ 2,30,250",5,Yes,12-Dec-20,97.4,valid,26,97,0.7,On Notice,No,,ananyagupta.emp0476@examplecorp.in,-8570173658,26-Aug-26
EMP0477,Simran Sharma,Female,29,Finance,Tax Specialist,L2,Vikram Shah,Hyderabad,Telangana,Bachelor's,Permanent,Hybrid,03-Dec-25,2025,12,0,valid,3.9,"₹ 6,90,000",690000,Valid,"₹ 1,10,400",4,No,,82,valid,9,97,42.9,Resigned,Yes,Higher Education,simransharma.emp0477@examplecorp.in,-6381524514,26-Aug-26
EMP0478,Aadhya Sharma,Female,33,IT,Data Analyst,L1,Arjun Mehta,Delhi,Delhi,Diploma,Contract,Hybrid,12-Dec-24,2024,12,1,valid,6.8,"₹ 7,80,000",780000,Valid,"₹ 93,600",4,No,,86.6,valid,11,15,45.5,Active,No,,aadhyasharma.emp0478@examplecorp.in,-6287788167,26-Aug-26
EMP0479,Ravi Sharma,Male,41,Marketing,Marketing Executive,L2,Rahul Iyer,Mumbai,Maharashtra,High School,Permanent,Hybrid,24-Aug-22,2022,8,4,valid,13.5,"₹ 4,60,000",460000,Valid,"₹ 46,000",3,No,,97.7,valid,10,83,44.8,Active,No,,ravisharma.emp0479@examplecorp.in,-6731907525,26-Aug-26
EMP0480,Nikhil Desai,Male,39,Marketing,Brand Manager,L5,Rahul Iyer,Delhi,Delhi,Master's,Permanent,Hybrid,18-May-23,2023,5,3,valid,14.3,"₹ 12,95,000",1295000,Valid,"₹ 2,07,200",4,Yes,04-Jul-24,89.1,valid,20,100,23,Active,No,,nikhildesai.emp0480@examplecorp.in,-7577318872,26-Aug-26
EMP0481,Varun Iyer,Male,37,R&D,R&D Manager,L5,Dr. Meera Krishnan,Bangalore,Karnataka,Master's,Permanent,Remote,17-Aug-22,2022,8,4,valid,9.5,"₹ 19,95,000",1995000,Valid,"₹ 2,79,300",3,No,,77.9,valid,15,46,31.4,Active,No,,varuniyer.emp0481@examplecorp.in,-7397043354,26-Aug-26
EMP0482,Akanksha Roy,Female,38,Finance,Internal Auditor,L1,Vikram Shah,Mumbai,Maharashtra,High School,Permanent,Hybrid,24-Oct-21,2021,10,4,valid,12.8,"₹ 11,45,000",1145000,Valid,"₹ 2,29,000",5,Yes,,87.1,valid,27,62,5.6,Active,No,,akanksharoy.emp0482@examplecorp.in,-7332050352,26-Aug-26
EMP0483,Harsh Das,Male,40,Admin,Facilities Executive,L2,Kavita Joshi,Bangalore,Karnataka,PhD,Contract,Hybrid,30-Jan-19,2019,1,7,valid,18.4,"₹ 4,75,000",475000,Valid,"₹ 47,500",3,No,,75.6,valid,1,19,15.6,Active,No,,harshdas.emp0483@examplecorp.in,-9168980149,26-Aug-26
EMP0484,Shivam Roy,Male,35,R&D,Research Associate,L2,Dr. Meera Krishnan,Hyderabad,Telangana,Master's,Permanent,Remote,08-Dec-21,2021,12,4,valid,10.4,"₹ 9,00,000",900000,Valid,"₹ 54,000",4,Yes,,76.1,valid,15,43,37.3,On Notice,No,,shivamroy.emp0484@examplecorp.in,-8780942466,26-Aug-26
EMP0485,Priyanka Chandra,Female,41,Operations,Operations Manager,L5,Sanjay Verma,Hyderabad,Telangana,Bachelor's,Permanent,Office,30-Jul-23,2023,7,3,valid,14.6,"₹ 16,90,000",1690000,Valid,"₹ 1,69,000",2,No,,76.8,valid,8,69,50,Resigned,Yes,Higher Education,priyankachandra.emp0485@examplecorp.in,-7868509552,26-Aug-26
EMP0486,Akanksha Das,Female,36,Admin,Office Administrator,L2,Kavita Joshi,Ahmedabad,Gujarat,PhD,Permanent,Remote,15-Apr-21,2021,4,5,valid,11.8,"₹ 7,25,000",725000,Valid,"₹ 1,08,750",4,Yes,19-Apr-24,82.7,valid,26,85,5,Active,No,,akankshadas.emp0486@examplecorp.in,-9194990101,26-Aug-26
EMP0487,Akash Desai,Male,27,Operations,Supply Chain Analyst,L1,Sanjay Verma,Kolkata,West Bengal,Diploma,Permanent,Office,20-May-25,2025,5,1,valid,3.2,"₹ 6,20,000",620000,Valid,"₹ 37,200",3,No,,97.7,valid,15,93,24.9,Active,No,,akashdesai.emp0487@examplecorp.in,-9391074726,26-Aug-26
EMP0488,Ashish Gupta,Male,42,Admin,Administrative Assistant,L2,Kavita Joshi,Delhi,Delhi,MBA,Permanent,Office,25-Aug-18,2018,8,8,valid,19.9,"₹ 3,55,000",355000,Valid,"₹ 56,800",1,No,25-Feb-21,83.1,valid,15,81,2.8,Resigned,Yes,Higher Education,ashishgupta.emp0488@examplecorp.in,-7147084077,26-Aug-26
EMP0489,Ashish Patel,Male,43,Sales,Business Development Executive,L2,Neha Kapoor,Coimbatore,Tamil Nadu,MBA,Contract,Hybrid,19-Feb-18,2018,2,8,valid,19.7,"₹ 5,50,000",550000,Valid,"₹ 38,500",3,No,,95,valid,5,49,46,Active,No,,ashishpatel.emp0489@examplecorp.in,-9243807266,26-Aug-26
EMP0490,Shivam Rao,Male,35,HR,HR Business Partner,L3,Priya Nair,Pune,Maharashtra,Diploma,Permanent,Hybrid,06-Mar-25,2025,3,1,valid,12.7,"₹ 8,05,000",805000,Valid,"₹ 1,44,900",3,No,,88.9,valid,4,20,16.7,Active,No,,shivamrao.emp0490@examplecorp.in,-9222542220,26-Aug-26
EMP0491,Gaurav Iyer,Male,32,Legal,Legal Manager,L4,Ananya Rao,Pune,Maharashtra,Diploma,Permanent,Remote,14-Feb-19,2019,2,7,valid,9.6,"₹ 19,75,000",1975000,Valid,"₹ 3,75,250",4,Yes,,80.6,valid,27,75,11.9,Active,No,,gauraviyer.emp0491@examplecorp.in,-8624749324,26-Aug-26
EMP0492,Akanksha Chandra,Female,24,Marketing,Marketing Manager,L5,Rahul Iyer,Mumbai,Maharashtra,Master's,Permanent,Remote,31-May-26,2026,5,0,valid,2.6,"₹ 14,90,000",1490000,Valid,"₹ 2,83,100",4,No,,76,valid,19,18,15.9,Active,No,,akankshachandra.emp0492@examplecorp.in,-7115700952,26-Aug-26
EMP0493,Harsh Mishra,Male,34,Admin,Facilities Executive,L1,Kavita Joshi,Kolkata,West Bengal,High School,Permanent,Hybrid,15-May-23,2023,5,3,valid,6.2,"₹ 5,25,000",525000,Valid,"₹ 73,500",3,No,01-Jan-26,90.1,valid,3,47,18.3,Active,No,,harshmishra.emp0493@examplecorp.in,-7823288912,26-Aug-26
EMP0494,Aditi Roy,Female,30,Legal,Compliance Analyst,L1,Ananya Rao,Pune,Maharashtra,Diploma,Permanent,Hybrid,13-Jan-20,2020,1,6,valid,6.4,"₹ 8,35,000",835000,Valid,"₹ 1,00,200",5,Yes,31-Jan-22,93.6,valid,27,24,41.2,Active,No,,aditiroy.emp0494@examplecorp.in,-6858915928,26-Aug-26
EMP0495,Amit Tripathi,Male,40,IT,Data Analyst,L1,Arjun Mehta,Bangalore,Karnataka,Bachelor's,Permanent,Hybrid,22-Jun-18,2018,6,8,valid,16.3,"₹ 10,90,000",1090000,Valid,"₹ 54,500",4,Yes,,99.4,valid,17,52,44.8,Active,No,,amittripathi.emp0495@examplecorp.in,-6948902342,26-Aug-26
EMP0496,Ananya Singh,Female,39,Operations,Operations Manager,L4,Sanjay Verma,Chennai,Tamil Nadu,High School,Permanent,Hybrid,06-Jun-18,2018,6,8,valid,14.1,"₹ 14,70,000",1470000,Valid,"₹ 2,49,900",5,Yes,,75.3,valid,12,73,51.5,Active,No,,ananyasingh.emp0496@examplecorp.in,-9668728432,26-Aug-26
EMP0497,Vivek Singh,Male,31,Sales,Sales Manager,L4,Neha Kapoor,Bangalore,Karnataka,Master's,Permanent,Remote,13-Aug-22,2022,8,4,valid,6.7,"₹ 18,35,000",1835000,Valid,"₹ 3,67,000",3,No,,86.6,valid,19,35,0.1,On Notice,No,,viveksingh.emp0497@examplecorp.in,-8581016286,26-Aug-26
EMP0498,Tanvi Desai,Female,38,R&D,Product Researcher,L1,Dr. Meera Krishnan,Kolkata,West Bengal,Master's,Permanent,Remote,22-Jul-18,2018,7,8,valid,13,"₹ 13,15,000",1315000,Valid,"₹ 1,84,100",4,Yes,25-Mar-25,88,valid,5,73,10.3,Active,No,,tanvidesai.emp0498@examplecorp.in,-9494551896,26-Aug-26
EMP0499,Amit Kumar,Male,38,Customer Support,Customer Support Executive,L1,Rohit Bhatia,Ahmedabad,Gujarat,PhD,Permanent,Hybrid,07-Apr-22,2022,4,4,valid,13,"₹ 3,90,000",390000,Valid,"₹ 27,300",4,Yes,,99.2,valid,2,34,14.7,Active,No,,amitkumar.emp0499@examplecorp.in,-6368952713,26-Aug-26
EMP0500,Neha Patel,Female,37,Finance,Finance Manager,L5,Vikram Shah,Delhi,Delhi,PhD,Permanent,Hybrid,10-Jan-22,2022,1,4,valid,8.8,"₹ 17,85,000",1785000,Valid,"₹ 1,24,950",3,No,,85.8,valid,29,54,44.7,Resigned,Yes,Performance Separation,nehapatel.emp0500@examplecorp.in,-7712299257,26-Aug-26
EMP0501,Komal Agarwal,Female,27,Finance,Accountant,L2,Vikram Shah,Chennai,Tamil Nadu,Diploma,Permanent,Office,11-Jan-26,2026,1,0,valid,1.6,"₹ 4,35,000",435000,Valid,"₹ 21,750",4,No,,96.9,valid,7,23,21.3,Active,No,,komalagarwal.emp0501@examplecorp.in,-7993431845,26-Aug-26
EMP0502,Aisha Nair,Female,33,Legal,Legal Manager,L5,Ananya Rao,Bangalore,Karnataka,PhD,Permanent,Hybrid,25-May-20,2020,5,6,valid,7,"₹ 24,75,000",2475000,Valid,"₹ 4,20,750",3,No,05-Mar-25,96.1,valid,5,98,30.9,Active,No,,aishanair.emp0502@examplecorp.in,-9536055198,26-Aug-26
EMP0503,Riya Singh,Female,36,Admin,Administration Manager,L4,Kavita Joshi,Kolkata,West Bengal,Master's,Permanent,Hybrid,02-Dec-23,2023,12,2,valid,11.2,"₹ 16,00,000",1600000,Valid,"₹ 2,40,000",4,Yes,14-Feb-26,75.1,valid,4,72,17.3,Resigned,Yes,Better Career Opportunity,riyasingh.emp0503@examplecorp.in,-9424139933,26-Aug-26
EMP0504,Akanksha Iyer,Female,30,IT,Data Analyst,L2,Arjun Mehta,Kolkata,West Bengal,MBA,Permanent,Hybrid,30-Jul-24,2024,7,2,valid,8.9,"₹ 10,25,000",1025000,Valid,"₹ 2,05,000",4,Yes,,99.3,valid,13,13,35.8,Active,No,,akankshaiyer.emp0504@examplecorp.in,-6526721099,26-Aug-26
EMP0505,Aditya Reddy,Male,34,Finance,Financial Analyst,L2,Vikram Shah,Hyderabad,Telangana,Bachelor's,Permanent,Remote,25-Aug-25,2025,8,1,valid,9.6,"₹ 7,55,000",755000,Valid,"₹ 1,13,250",1,No,,85.5,valid,27,69,10.9,Active,No,,adityareddy.emp0505@examplecorp.in,-7155005181,26-Aug-26
EMP0506,Divya Tripathi,Female,42,HR,Learning & Development Specialist,L2,Priya Nair,Bangalore,Karnataka,MBA,Permanent,Remote,20-Jan-23,2023,1,3,valid,14.1,"₹ 9,40,000",940000,Valid,"₹ 1,12,800",4,Yes,,80.9,valid,15,86,25.7,Active,No,,divyatripathi.emp0506@examplecorp.in,-9118157500,26-Aug-26
EMP0507,Vivek Reddy,Male,27,IT,Systems Administrator,L2,Arjun Mehta,Coimbatore,Tamil Nadu,Bachelor's,Permanent,Hybrid,13-Jan-24,2024,1,2,valid,3.9,"₹ 6,30,000",630000,Valid,"₹ 1,19,700",4,Yes,08-May-25,83.4,valid,11,43,19.8,Active,No,,vivekreddy.emp0507@examplecorp.in,-6282220173,26-Aug-26
EMP0508,Amit Sharma,Male,41,Admin,Facilities Executive,L1,Kavita Joshi,Kolkata,West Bengal,High School,Permanent,Office,15-Feb-21,2021,2,5,valid,16.1,"₹ 5,65,000",565000,Valid,"₹ 56,500",3,No,18-Oct-25,76,valid,29,34,25.1,Active,No,,amitsharma.emp0508@examplecorp.in,-9251854172,26-Aug-26
EMP0509,Aditya Chandra,Male,37,Admin,Administration Manager,L4,Kavita Joshi,Pune,Maharashtra,Master's,Contract,Remote,06-Mar-22,2022,3,4,valid,9.5,"₹ 10,60,000",1060000,Valid,"₹ 84,800",3,No,,84.5,valid,9,34,32.4,Active,No,,adityachandra.emp0509@examplecorp.in,-9549894439,26-Aug-26
EMP0510,Shivam Srinivasan,Male,41,Marketing,Content Strategist,L2,Rahul Iyer,Pune,Maharashtra,MBA,Contract,Remote,14-Nov-20,2020,11,5,valid,14.8,"₹ 5,25,000",525000,Valid,"₹ 68,250",3,No,,78.8,valid,5,54,36.1,Active,No,,shivamsrinivasan.emp0510@examplecorp.in,-8481174240,26-Aug-26
EMP0511,Aditi Jain,Female,34,Legal,Compliance Analyst,L2,Ananya Rao,Ahmedabad,Gujarat,Master's,Contract,Office,28-Apr-26,2026,4,0,valid,8.9,"₹ 9,00,000",900000,Valid,"₹ 63,000",4,No,,97.9,valid,0,32,17.2,Active,No,,aditijain.emp0511@examplecorp.in,-9401385857,26-Aug-26
EMP0512,Shivam Singh,Male,29,Admin,Administrative Assistant,L2,Kavita Joshi,Ahmedabad,Gujarat,Bachelor's,Permanent,Remote,25-Dec-21,2021,12,4,valid,6,"₹ 4,25,000",425000,Valid,"₹ 21,250",5,No,,90,valid,2,66,26.1,Active,No,,shivamsingh.emp0512@examplecorp.in,-9972984286,26-Aug-26
EMP0513,Manish Reddy,Male,25,Admin,Executive Assistant,L1,Kavita Joshi,Delhi,Delhi,High School,Permanent,Remote,15-Sep-25,2025,9,0,valid,1.6,"₹ 9,60,000",960000,Valid,"₹ 1,63,200",4,No,,92.8,valid,6,86,36.9,Resigned,Yes,Compensation,manishreddy.emp0513@examplecorp.in,-6779025634,26-Aug-26
EMP0514,Ankit Das,Male,35,Operations,Operations Manager,L5,Sanjay Verma,Ahmedabad,Gujarat,PhD,Permanent,Hybrid,21-Oct-23,2023,10,2,valid,13.6,"₹ 13,05,000",1305000,Valid,"₹ 2,47,950",4,Yes,02-Oct-25,79.4,valid,14,43,44.8,On Notice,No,,ankitdas.emp0514@examplecorp.in,-6914970356,26-Aug-26
EMP0515,Tanvi Agarwal,Female,34,Customer Support,Customer Support Manager,L5,Rohit Bhatia,Pune,Maharashtra,MBA,Permanent,Remote,11-Oct-20,2020,10,5,valid,7.3,"₹ 16,90,000",1690000,Valid,"₹ 3,21,100",5,Yes,,77.2,valid,18,26,27.3,Active,No,,tanviagarwal.emp0515@examplecorp.in,-6230123080,26-Aug-26
EMP0516,Simran Kumar,Female,43,Sales,Sales Executive,L1,Neha Kapoor,Ahmedabad,Gujarat,High School,Permanent,Remote,04-Feb-18,2018,2,8,valid,19.6,"₹ 4,55,000",455000,Valid,"₹ 31,850",3,No,,91.1,valid,8,39,38.6,Active,No,,simrankumar.emp0516@examplecorp.in,-6846862216,26-Aug-26
EMP0517,Nandini Sharma,Female,29,Marketing,Content Strategist,L2,Rahul Iyer,Mumbai,Maharashtra,Bachelor's,Permanent,Hybrid,16-Mar-26,2026,3,0,valid,6.6,"₹ 6,40,000",640000,Valid,"₹ 44,800",4,No,,80.4,valid,10,22,18.3,Active,No,,nandinisharma.emp0517@examplecorp.in,-8720797498,26-Aug-26
EMP0518,Tanvi Patel,Female,35,Sales,Sales Operations Analyst,L2,Neha Kapoor,Chennai,Tamil Nadu,Bachelor's,Permanent,Office,16-Dec-23,2023,12,2,valid,9.1,"₹ 8,10,000",810000,Valid,"₹ 1,53,900",3,No,23-Dec-25,80.4,valid,7,25,30.9,Active,No,,tanvipatel.emp0518@examplecorp.in,-6365450288,26-Aug-26
EMP0519,Rishabh Srinivasan,Male,30,Operations,Operations Manager,L5,Sanjay Verma,Delhi,Delhi,MBA,Permanent,Remote,25-Sep-21,2021,9,4,valid,6,"₹ 15,15,000",1515000,Valid,"₹ 2,12,100",5,Yes,04-Dec-22,91.8,valid,20,29,7.8,Active,No,,rishabhsrinivasan.emp0519@examplecorp.in,-7552370932,26-Aug-26
EMP0520,Deepa Nair,Female,30,Operations,Process Excellence Analyst,L1,Sanjay Verma,Ahmedabad,Gujarat,Master's,Permanent,Hybrid,05-Oct-23,2023,10,2,valid,3.8,"₹ 10,95,000",1095000,Valid,"₹ 1,53,300",4,Yes,,98,valid,17,32,17,Resigned,Yes,Work-Life Balance,deepanair.emp0520@examplecorp.in,-8974761187,26-Aug-26
EMP0521,Deepa Jain,Female,28,Legal,Corporate Counsel,L1,Ananya Rao,Delhi,Delhi,Bachelor's,Intern,Hybrid,14-Mar-26,2026,3,0,valid,0.7,"₹ 4,00,000",400000,Valid,"₹ 80,000",3,No,,93.9,valid,4,48,23.7,Active,No,,deepajain.emp0521@examplecorp.in,-8597227145,26-Aug-26
EMP0522,Simran Srinivasan,Female,40,Marketing,Marketing Manager,L5,Rahul Iyer,Coimbatore,Tamil Nadu,Bachelor's,Permanent,Hybrid,23-Aug-18,2018,8,8,valid,17.2,"₹ 14,70,000",1470000,Valid,"₹ 1,76,400",1,No,21-Jan-22,90.3,valid,19,22,42,Active,No,,simransrinivasan.emp0522@examplecorp.in,-6316159060,26-Aug-26
EMP0523,Amit Shah,Male,32,HR,Learning & Development Specialist,L2,Priya Nair,Delhi,Delhi,Master's,Permanent,Office,04-Feb-25,2025,2,1,valid,6.9,"₹ 7,95,000",795000,Valid,"₹ 1,59,000",3,No,16-Aug-26,77.2,valid,14,46,44.5,Active,No,,amitshah.emp0523@examplecorp.in,-8974601851,26-Aug-26
EMP0524,Divya Shah,Female,35,Legal,Legal Executive,L1,Ananya Rao,Pune,Maharashtra,MBA,Permanent,Remote,25-May-23,2023,5,3,valid,11.2,"₹ 8,35,000",835000,Valid,"₹ 50,100",4,No,20-Feb-25,90.4,valid,30,38,5.8,Resigned,Yes,Personal Reasons,divyashah.emp0524@examplecorp.in,-7924447917,26-Aug-26
EMP0525,Yash Jain,Male,28,Finance,Accountant,L2,Vikram Shah,Bangalore,Karnataka,PhD,Permanent,Hybrid,20-Jun-26,2026,6,0,valid,5.3,"₹ 7,65,000",765000,Valid,"₹ 99,450",1,No,,90,valid,11,22,3.4,Resigned,Yes,Better Career Opportunity,yashjain.emp0525@examplecorp.in,-8405559394,26-Aug-26
EMP0526,Bhavna Reddy,Female,34,Marketing,Brand Manager,L5,Rahul Iyer,Hyderabad,Telangana,PhD,Permanent,Hybrid,12-Feb-26,2026,2,0,valid,10.7,"₹ 15,35,000",1535000,Valid,"₹ 2,91,650",2,No,,91.1,valid,8,53,35.8,Active,No,,bhavnareddy.emp0526@examplecorp.in,-7426812747,26-Aug-26
EMP0527,Deepa Das,Female,24,HR,HR Business Partner,L3,Priya Nair,Bangalore,Karnataka,Diploma,Permanent,Remote,29-Oct-25,2025,10,0,valid,1.7,"₹ 8,15,000",815000,Valid,"₹ 89,650",3,No,,99.9,valid,4,16,11.5,Active,No,,deepadas.emp0527@examplecorp.in,-8437800637,26-Aug-26
EMP0528,Aadhya Iyer,Female,31,Legal,Legal Executive,L1,Ananya Rao,Delhi,Delhi,Master's,Permanent,Hybrid,25-Aug-18,2018,8,8,valid,8.3,"₹ 5,15,000",515000,Valid,"₹ 97,850",3,No,,79.2,valid,8,24,6.3,Active,No,,aadhyaiyer.emp0528@examplecorp.in,-8896688715,26-Aug-26
EMP0529,Riya Mishra,Female,37,R&D,Data Scientist,L2,Dr. Meera Krishnan,Delhi,Delhi,High School,Permanent,Hybrid,10-Apr-21,2021,4,5,valid,12.8,"₹ 9,15,000",915000,Valid,"₹ 1,73,850",3,No,,87.6,valid,12,87,21.8,Active,No,,riyamishra.emp0529@examplecorp.in,-9236382326,26-Aug-26
EMP0530,Aadhya Menon,Female,33,IT,Systems Administrator,L1,Arjun Mehta,Hyderabad,Telangana,High School,Permanent,Office,14-Oct-23,2023,10,2,valid,6.4,"₹ 10,10,000",1010000,Valid,"₹ 1,01,000",3,No,,89.6,valid,2,87,37.3,Resigned,Yes,Performance Separation,aadhyamenon.emp0530@examplecorp.in,-7274933948,26-Aug-26
EMP0531,Tanvi Patel,Female,32,HR,Learning & Development Specialist,L1,Priya Nair,Delhi,Delhi,Bachelor's,Contract,Hybrid,14-Jul-22,2022,7,4,valid,9.1,"₹ 8,40,000",840000,Valid,"₹ 1,59,600",5,No,,94.9,valid,15,44,5.7,Active,No,,tanvipatel.emp0531@examplecorp.in,-8733223850,26-Aug-26
EMP0532,Ravi Singh,Male,30,Operations,Process Excellence Analyst,L2,Sanjay Verma,Pune,Maharashtra,Diploma,Permanent,Hybrid,27-Mar-26,2026,3,0,valid,8.3,"₹ 9,25,000",925000,Valid,"₹ 1,01,750",4,No,,81.5,valid,8,83,29.8,Active,No,,ravisingh.emp0532@examplecorp.in,-7344274857,26-Aug-26
EMP0533,Riya Srinivasan,Female,36,Finance,Tax Specialist,L1,Vikram Shah,Kolkata,West Bengal,PhD,Permanent,Hybrid,22-Jul-24,2024,7,2,valid,9.8,"₹ 8,00,000",800000,Valid,"₹ 1,52,000",3,No,,78.6,valid,29,15,9.1,Active,No,,riyasrinivasan.emp0533@examplecorp.in,-7442682380,26-Aug-26
EMP0534,Aditi Sharma,Female,35,Customer Support,Customer Support Manager,L5,Rohit Bhatia,Chennai,Tamil Nadu,Diploma,Permanent,Office,07-Jan-23,2023,1,3,valid,13.5,"₹ 12,20,000",1220000,Valid,"₹ 1,22,000",4,Yes,,79.7,valid,8,50,31.2,Active,No,,aditisharma.emp0534@examplecorp.in,-6921837705,26-Aug-26
EMP0535,Komal Iyer,Female,31,R&D,R&D Manager,L5,Dr. Meera Krishnan,Noida,Uttar Pradesh,PhD,Permanent,Remote,22-Jan-25,2025,1,1,valid,9.8,"₹ 22,90,000",2290000,Valid,"₹ 1,83,200",4,Yes,27-Jul-26,75.9,valid,4,96,4.7,Active,No,,komaliyer.emp0535@examplecorp.in,-8390966837,26-Aug-26
EMP0536,Aman Kumar,Male,45,IT,Software Engineer,L2,Arjun Mehta,Noida,Uttar Pradesh,PhD,Contract,Remote,14-Apr-18,2018,4,8,valid,17.8,"₹ 10,95,000",1095000,Valid,"₹ 2,08,050",2,No,,94.5,valid,4,44,1.3,Active,No,,amankumar.emp0536@examplecorp.in,-8182155281,26-Aug-26
EMP0537,Karan Das,Male,29,HR,HR Manager,L5,Priya Nair,Coimbatore,Tamil Nadu,Master's,Contract,Office,06-Oct-23,2023,10,2,valid,4.1,"₹ 11,10,000",1110000,Valid,"₹ 55,500",3,No,,96.1,valid,18,29,29,Active,No,,karandas.emp0537@examplecorp.in,-9409441127,26-Aug-26
EMP0538,Rajesh Shah,Male,33,IT,Senior Software Engineer,L3,Arjun Mehta,Delhi,Delhi,High School,Permanent,Hybrid,02-Jul-22,2022,7,4,valid,8.6,"₹ 18,05,000",1805000,Valid,"₹ 1,44,400",4,Yes,,82.7,valid,29,34,53.5,Active,No,,rajeshshah.emp0538@examplecorp.in,-8618363951,26-Aug-26
EMP0539,Radhika Desai,Female,29,Marketing,Digital Marketing Specialist,L2,Rahul Iyer,Ahmedabad,Gujarat,Master's,Permanent,Hybrid,17-Jun-24,2024,6,2,valid,4.3,"₹ 5,10,000",510000,Valid,"₹ 51,000",4,Yes,21-Mar-26,75.5,valid,26,30,7.7,Active,No,,radhikadesai.emp0539@examplecorp.in,-7231443600,26-Aug-26
EMP0540,Harsh Varma,Male,35,Marketing,Marketing Manager,L4,Rahul Iyer,Noida,Uttar Pradesh,Bachelor's,Contract,Office,11-Jan-22,2022,1,4,valid,9.9,"₹ 15,70,000",1570000,Valid,"₹ 1,41,300",3,No,,86.9,valid,0,48,31.8,Active,No,,harshvarma.emp0540@examplecorp.in,-6334520202,26-Aug-26
EMP0541,Amit Patel,Male,43,Legal,Contract Specialist,L1,Ananya Rao,Chennai,Tamil Nadu,Diploma,Permanent,Hybrid,12-Oct-18,2018,10,7,valid,17,"₹ 9,40,000",940000,Valid,"₹ 65,800",4,Yes,29-May-22,96.6,valid,30,59,22.5,Active,No,,amitpatel.emp0541@examplecorp.in,-8919318839,26-Aug-26
EMP0542,Akash Kumar,Male,36,Marketing,Digital Marketing Specialist,L2,Rahul Iyer,Hyderabad,Telangana,PhD,Permanent,Hybrid,22-Oct-22,2022,10,3,valid,10.4,"₹ 5,65,000",565000,Valid,"₹ 28,250",3,No,01-Dec-25,85.4,valid,20,31,24.7,Active,No,,akashkumar.emp0542@examplecorp.in,-8112016974,26-Aug-26
EMP0543,Nikhil Banerjee,Male,37,Admin,Administrative Assistant,L2,Kavita Joshi,Hyderabad,Telangana,Bachelor's,Permanent,Remote,27-Nov-25,2025,11,0,valid,11.8,"₹ 4,75,000",475000,Valid,"₹ 61,750",4,No,,91.2,valid,6,37,33.8,Active,No,,nikhilbanerjee.emp0543@examplecorp.in,-9833923730,26-Aug-26
EMP0544,Karan Nair,Male,38,Finance,Finance Manager,L4,Vikram Shah,Kolkata,West Bengal,MBA,Permanent,Hybrid,01-Feb-22,2022,2,4,valid,13.4,"₹ 18,45,000",1845000,Valid,"₹ 92,250",4,Yes,,97.2,valid,28,15,28.3,Active,No,,karannair.emp0544@examplecorp.in,-6445049141,26-Aug-26
EMP0545,Ankit Reddy,Male,36,HR,HR Executive,L2,Priya Nair,Chennai,Tamil Nadu,PhD,Contract,Office,18-Nov-22,2022,11,3,valid,13.5,"₹ 4,90,000",490000,Valid,"₹ 53,900",3,No,,84.5,valid,18,29,32.4,Active,No,,ankitreddy.emp0545@examplecorp.in,-9595011579,26-Aug-26
EMP0546,Aisha Jain,Female,34,Admin,Administration Manager,L4,Kavita Joshi,Chennai,Tamil Nadu,High School,Permanent,Hybrid,27-Oct-24,2024,10,1,valid,9.3,"₹ 12,95,000",1295000,Valid,"₹ 1,29,500",4,Yes,04-Feb-26,96.5,valid,1,71,44.9,On Notice,No,,aishajain.emp0546@examplecorp.in,-9852100227,26-Aug-26
EMP0547,Aditya Kumar,Male,32,R&D,Research Associate,L2,Dr. Meera Krishnan,Noida,Uttar Pradesh,MBA,Permanent,Hybrid,25-Nov-24,2024,11,1,valid,7.5,"₹ 8,80,000",880000,Valid,"₹ 79,200",2,No,,98.9,valid,16,87,0.7,Resigned,Yes,Relocation,adityakumar.emp0547@examplecorp.in,-7813316900,26-Aug-26
EMP0548,Deepak Nair,Male,28,Admin,Executive Assistant,L1,Kavita Joshi,Kolkata,West Bengal,Master's,Intern,Hybrid,11-Oct-25,2025,10,0,valid,1.1,"₹ 2,65,000",265000,Valid,"₹ 45,050",5,No,,83.5,valid,17,35,38.4,Active,No,,deepaknair.emp0548@examplecorp.in,-9664929295,26-Aug-26
EMP0549,Deepak Chatterjee,Male,31,Finance,Finance Manager,L4,Vikram Shah,Chennai,Tamil Nadu,MBA,Permanent,Remote,09-Nov-23,2023,11,2,valid,8,"₹ 14,70,000",1470000,Valid,"₹ 1,17,600",5,No,,88.7,valid,6,48,31.1,Active,No,,deepakchatterjee.emp0549@examplecorp.in,-9802650989,26-Aug-26
EMP0550,Varun Menon,Male,42,Marketing,Marketing Executive,L1,Rahul Iyer,Chennai,Tamil Nadu,PhD,Permanent,Office,25-Jun-22,2022,6,4,valid,13.8,"₹ 6,95,000",695000,Valid,"₹ 1,25,100",3,No,,82.8,valid,9,86,37.4,Active,No,,varunmenon.emp0550@examplecorp.in,-9215907437,26-Aug-26
EMP0551,Nikhil Roy,Male,29,IT,IT Manager,L4,Arjun Mehta,Ahmedabad,Gujarat,High School,Permanent,Hybrid,04-May-26,2026,5,0,valid,1.5,"₹ 19,30,000",1930000,Valid,"₹ 3,47,400",3,No,,95.7,valid,16,60,6.3,Active,No,,nikhilroy.emp0551@examplecorp.in,-8212458992,26-Aug-26
EMP0552,Vivek Kumar,Male,32,Legal,Legal Executive,L1,Ananya Rao,Ahmedabad,Gujarat,Diploma,Permanent,Office,14-May-25,2025,5,1,valid,8.1,"₹ 6,55,000",655000,Valid,"₹ 1,04,800",3,No,,90.7,valid,17,76,37,Active,No,,vivekkumar.emp0552@examplecorp.in,-6635915992,26-Aug-26
EMP0553,Shreya Reddy,Female,39,Customer Support,Customer Support Executive,L1,Rohit Bhatia,Mumbai,Maharashtra,Diploma,Contract,Remote,25-Feb-25,2025,2,1,valid,11.6,"₹ 4,15,000",415000,Valid,"₹ 20,750",5,No,,93.8,valid,9,36,1.3,Active,No,,shreyareddy.emp0553@examplecorp.in,-9417642336,26-Aug-26
EMP0554,Amit Nair,Male,30,HR,HR Business Partner,L3,Priya Nair,Mumbai,Maharashtra,High School,Permanent,Hybrid,31-Dec-23,2023,12,2,valid,7.8,"₹ 10,85,000",1085000,Valid,"₹ 1,51,900",4,Yes,07-Feb-25,82.6,valid,26,92,40.3,Active,No,,amitnair.emp0554@examplecorp.in,-8954766228,26-Aug-26
EMP0555,Nandini Desai,Female,35,Legal,Legal Manager,L4,Ananya Rao,Kolkata,West Bengal,Diploma,Contract,Remote,30-Jun-18,2018,6,8,valid,12.4,"₹ 20,05,000",2005000,Valid,"₹ 2,40,600",2,No,,78.6,valid,18,55,3.6,Active,No,,nandinidesai.emp0555@examplecorp.in,-8904776668,26-Aug-26
EMP0556,Varun Srinivasan,Male,35,Operations,Operations Manager,L5,Sanjay Verma,Pune,Maharashtra,Bachelor's,Permanent,Office,04-Jul-24,2024,7,2,valid,13,"₹ 15,85,000",1585000,Valid,"₹ 1,10,950",3,No,,87,valid,27,25,64.3,Active,No,,varunsrinivasan.emp0556@examplecorp.in,-8919908634,26-Aug-26
EMP0557,Simran Reddy,Female,32,Legal,Legal Manager,L5,Ananya Rao,Delhi,Delhi,Bachelor's,Permanent,Hybrid,09-Feb-26,2026,2,0,valid,5.1,"₹ 24,80,000",2480000,Valid,"₹ 2,72,800",3,No,,96.8,valid,14,53,11.9,Active,No,,simranreddy.emp0557@examplecorp.in,-6241094715,26-Aug-26
EMP0558,Ashish Shah,Male,28,IT,Senior Software Engineer,L3,Arjun Mehta,Kolkata,West Bengal,MBA,Contract,Hybrid,12-Jan-22,2022,1,4,valid,5.5,"₹ 15,60,000",1560000,Valid,"₹ 1,09,200",5,No,,99.7,valid,18,20,15,Active,No,,ashishshah.emp0558@examplecorp.in,-7639506250,26-Aug-26
EMP0559,Aisha Shah,Female,33,Marketing,Marketing Executive,L1,Rahul Iyer,Mumbai,Maharashtra,Bachelor's,Permanent,Office,22-Dec-24,2024,12,1,valid,8.8,"₹ 6,05,000",605000,Valid,"₹ 96,800",5,Yes,,96.4,valid,6,18,15.1,Active,No,,aishashah.emp0559@examplecorp.in,-8645977825,26-Aug-26
EMP0560,Kavya Varma,Female,41,Operations,Operations Executive,L1,Sanjay Verma,Kolkata,West Bengal,MBA,Permanent,Hybrid,02-Oct-18,2018,10,7,valid,16.4,"₹ 7,40,000",740000,Valid,"₹ 1,18,400",4,Yes,07-May-25,82.1,valid,23,22,55.9,Active,No,,kavyavarma.emp0560@examplecorp.in,-7588794162,26-Aug-26
EMP0561,Deepa Kumar,Female,32,Legal,Corporate Counsel,L4,Ananya Rao,Pune,Maharashtra,Bachelor's,Permanent,Office,01-Mar-23,2023,3,3,valid,6.3,"₹ 16,50,000",1650000,Valid,"₹ 1,15,500",4,Yes,,96.5,valid,8,31,5.1,Resigned,Yes,Better Career Opportunity,deepakumar.emp0561@examplecorp.in,-6613424076,26-Aug-26
EMP0562,Kavya Srinivasan,Female,28,HR,Learning & Development Specialist,L1,Priya Nair,Coimbatore,Tamil Nadu,Master's,Intern,Hybrid,10-Mar-26,2026,3,0,valid,0.9,"₹ 3,40,000",340000,Valid,"₹ 54,400",3,No,,89.2,valid,18,49,35.1,Active,No,,kavyasrinivasan.emp0562@examplecorp.in,-7574241894,26-Aug-26
EMP0563,Kavya Roy,Female,31,HR,Learning & Development Specialist,L1,Priya Nair,Pune,Maharashtra,PhD,Permanent,Office,22-Feb-26,2026,2,0,valid,7.4,"₹ 9,65,000",965000,Valid,"₹ 86,850",3,No,,83.6,valid,1,19,37.2,Active,No,,kavyaroy.emp0563@examplecorp.in,-6424652542,26-Aug-26
EMP0564,Mohit Singh,Male,39,R&D,R&D Manager,L4,Dr. Meera Krishnan,Coimbatore,Tamil Nadu,High School,Permanent,Office,06-Jan-22,2022,1,4,valid,15.4,"₹ 21,20,000",2120000,Valid,"₹ 2,96,800",3,No,,90.5,valid,2,96,28.3,Active,No,,mohitsingh.emp0564@examplecorp.in,-9348567438,26-Aug-26
EMP0565,Nikhil Gupta,Male,30,Customer Support,Customer Support Executive,L2,Rohit Bhatia,Ahmedabad,Gujarat,Bachelor's,Contract,Hybrid,29-Jul-20,2020,7,6,valid,7.2,"₹ 3,35,000",335000,Valid,"₹ 46,900",4,No,,95.1,valid,6,39,66.4,Active,No,,nikhilgupta.emp0565@examplecorp.in,-7875590618,26-Aug-26
EMP0566,Pallavi Singh,Female,35,R&D,Research Associate,L2,Dr. Meera Krishnan,Hyderabad,Telangana,MBA,Permanent,Hybrid,20-Jan-25,2025,1,1,valid,6.9,"₹ 6,45,000",645000,Valid,"₹ 90,300",3,No,,89.6,valid,26,79,41.2,Active,No,,pallavisingh.emp0566@examplecorp.in,-9790734915,26-Aug-26
EMP0567,Kavya Das,Female,29,Admin,Administrative Assistant,L2,Kavita Joshi,Hyderabad,Telangana,High School,Contract,Remote,08-Feb-26,2026,2,0,valid,1.5,"₹ 3,90,000",390000,Valid,"₹ 27,300",5,No,,90.1,valid,2,41,34,Active,No,,kavyadas.emp0567@examplecorp.in,-9756569437,26-Aug-26
EMP0568,Pranav Kumar,Male,34,HR,HR Executive,L1,Priya Nair,Ahmedabad,Gujarat,Master's,Permanent,Hybrid,21-Jun-18,2018,6,8,valid,12.2,"₹ 4,60,000",460000,Valid,"₹ 92,000",5,Yes,21-Jun-21,77.6,valid,16,13,22.8,Active,No,,pranavkumar.emp0568@examplecorp.in,-7988248004,26-Aug-26
EMP0569,Gaurav Kumar,Male,36,Legal,Contract Specialist,L1,Ananya Rao,Coimbatore,Tamil Nadu,Diploma,Permanent,Office,28-Nov-21,2021,11,4,valid,13.2,"₹ 8,70,000",870000,Valid,"₹ 78,300",4,Yes,08-Dec-23,78.4,valid,7,63,1.9,Active,No,,gauravkumar.emp0569@examplecorp.in,-9744926359,26-Aug-26
EMP0570,Amit Srinivasan,Male,41,Customer Support,Customer Support Executive,L2,Rohit Bhatia,Ahmedabad,Gujarat,Bachelor's,Contract,Hybrid,03-Apr-20,2020,4,6,valid,15.6,"₹ 4,65,000",465000,Valid,"₹ 79,050",5,No,,75.2,valid,13,18,55,Active,No,,amitsrinivasan.emp0570@examplecorp.in,-7629249470,26-Aug-26
EMP0571,Karan Varma,Male,42,Marketing,Marketing Executive,L1,Rahul Iyer,Ahmedabad,Gujarat,PhD,Permanent,Office,06-Jan-24,2024,1,2,valid,13.8,"₹ 5,15,000",515000,Valid,"₹ 97,850",5,Yes,15-Aug-26,83.9,valid,25,69,16.2,Active,No,,karanvarma.emp0571@examplecorp.in,-8566293160,26-Aug-26
EMP0572,Neha Chatterjee,Female,33,Finance,Accountant,L1,Vikram Shah,Chennai,Tamil Nadu,Diploma,Permanent,Hybrid,05-Feb-21,2021,2,5,valid,5.8,"₹ 7,50,000",750000,Valid,"₹ 75,000",3,No,,92.6,valid,2,17,21.7,Active,No,,nehachatterjee.emp0572@examplecorp.in,-7560759392,26-Aug-26
EMP0573,Anjali Chatterjee,Female,28,R&D,Product Researcher,L1,Dr. Meera Krishnan,Hyderabad,Telangana,Bachelor's,Permanent,Office,14-Feb-24,2024,2,2,valid,4.3,"₹ 8,05,000",805000,Valid,"₹ 72,450",4,Yes,12-Jun-25,84.9,valid,9,44,6.1,Active,No,,anjalichatterjee.emp0573@examplecorp.in,-8287017117,26-Aug-26
EMP0574,Amit Mishra,Male,31,Customer Support,Customer Support Manager,L4,Rohit Bhatia,Kolkata,West Bengal,Master's,Permanent,Hybrid,19-Feb-19,2019,2,7,valid,9.7,"₹ 12,40,000",1240000,Valid,"₹ 99,200",3,No,,84.2,valid,29,50,59.3,Active,No,,amitmishra.emp0574@examplecorp.in,-9907952710,26-Aug-26
EMP0575,Yash Kumar,Male,40,Finance,Finance Manager,L5,Vikram Shah,Delhi,Delhi,PhD,Permanent,Hybrid,13-Nov-19,2019,11,6,valid,17.3,"₹ 20,75,000",2075000,Valid,"₹ 2,07,500",3,No,,83.7,valid,30,67,34.4,Active,No,,yashkumar.emp0575@examplecorp.in,-9593910390,26-Aug-26
EMP0576,Ankit Shah,Male,36,Admin,Executive Assistant,L2,Kavita Joshi,Hyderabad,Telangana,Diploma,Permanent,Hybrid,10-Jun-25,2025,6,1,valid,8.2,"₹ 10,50,000",1050000,Valid,"₹ 73,500",3,No,,77.2,valid,11,95,1,Active,No,,ankitshah.emp0576@examplecorp.in,-6423083787,26-Aug-26
EMP0577,Ravi Rao,Male,45,IT,Data Analyst,L1,Arjun Mehta,Bangalore,Karnataka,Master's,Permanent,Hybrid,13-Aug-18,2018,8,8,valid,18.4,"₹ 7,75,000",775000,Valid,"₹ 1,55,000",4,Yes,23-May-21,77.3,valid,21,44,62.4,Active,No,,ravirao.emp0577@examplecorp.in,-8725963040,26-Aug-26
EMP0578,Priyanka Singh,Female,33,Legal,Legal Executive,L1,Ananya Rao,Bangalore,Karnataka,PhD,Permanent,Hybrid,25-May-24,2024,5,2,valid,11.4,"₹ 6,90,000",690000,Valid,"₹ 96,600",5,Yes,,79.9,valid,10,92,31.2,Active,No,,priyankasingh.emp0578@examplecorp.in,-8215637673,26-Aug-26
EMP0579,Kajal Jain,Female,42,R&D,Research Associate,L1,Dr. Meera Krishnan,Mumbai,Maharashtra,MBA,Permanent,Remote,06-Jul-19,2019,7,7,valid,17.9,"₹ 7,35,000",735000,Valid,"₹ 58,800",5,Yes,16-Dec-25,91.3,valid,1,74,15.5,Active,No,,kajaljain.emp0579@examplecorp.in,-6825971690,26-Aug-26
EMP0580,Ankit Singh,Male,35,Customer Support,Support Team Lead,L3,Rohit Bhatia,Mumbai,Maharashtra,Diploma,Permanent,Remote,25-Nov-18,2018,11,7,valid,9.5,"₹ 10,90,000",1090000,Valid,"₹ 1,41,700",2,No,,80.4,valid,13,54,49.8,Active,No,,ankitsingh.emp0580@examplecorp.in,-7537101928,26-Aug-26
EMP0581,Megha Tripathi,Female,36,Finance,Financial Analyst,L1,Vikram Shah,Hyderabad,Telangana,MBA,Contract,Hybrid,15-Jan-23,2023,1,3,valid,14.6,"₹ 9,15,000",915000,Valid,"₹ 1,55,550",3,No,,94.9,valid,17,39,14.9,Resigned,Yes,Performance Separation,meghatripathi.emp0581@examplecorp.in,-8992615388,26-Aug-26
EMP0582,Sakshi Kumar,Female,33,Legal,Legal Executive,L1,Ananya Rao,Chennai,Tamil Nadu,MBA,Permanent,Office,23-Apr-24,2024,4,2,valid,6.3,"₹ 9,00,000",900000,Valid,"₹ 54,000",5,Yes,,96.9,valid,21,68,12.7,Active,No,,sakshikumar.emp0582@examplecorp.in,-7719882487,26-Aug-26
EMP0583,Gaurav Das,Male,26,Admin,Administration Manager,L5,Kavita Joshi,Coimbatore,Tamil Nadu,Bachelor's,Permanent,Remote,03-May-24,2024,5,2,valid,4.4,"₹ 15,10,000",1510000,Valid,"₹ 1,81,200",5,No,,97.7,valid,29,34,12.5,Active,No,,gauravdas.emp0583@examplecorp.in,-6944320923,26-Aug-26
EMP0584,Deepak Banerjee,Male,40,Marketing,Marketing Executive,L1,Rahul Iyer,Bangalore,Karnataka,PhD,Permanent,Office,10-Sep-20,2020,9,5,valid,15.6,"₹ 5,95,000",595000,Valid,"₹ 77,350",3,No,,99.9,valid,18,79,26.9,Active,No,,deepakbanerjee.emp0584@examplecorp.in,-6385223821,26-Aug-26
EMP0585,Nandini Gupta,Female,28,R&D,R&D Manager,L1,Dr. Meera Krishnan,Mumbai,Maharashtra,Master's,Intern,Remote,24-Aug-26,2026,8,0,valid,0.1,"₹ 2,50,000",250000,Valid,"₹ 35,000",4,No,,81.7,valid,13,11,35.4,Active,No,,nandinigupta.emp0585@examplecorp.in,-6960492585,26-Aug-26
EMP0586,Aman Gupta,Male,37,Legal,Legal Executive,L2,Ananya Rao,Coimbatore,Tamil Nadu,Bachelor's,Permanent,Office,21-Oct-18,2018,10,7,valid,14.2,"₹ 8,15,000",815000,Valid,"₹ 1,63,000",4,Yes,12-Nov-20,75.2,valid,4,43,20,Resigned,Yes,Compensation,amangupta.emp0586@examplecorp.in,-9736603806,26-Aug-26
EMP0587,Pallavi Varma,Female,28,Admin,Facilities Executive,L1,Kavita Joshi,Delhi,Delhi,Bachelor's,Permanent,Hybrid,24-Jul-19,2019,7,7,valid,7.4,"₹ 4,85,000",485000,Valid,"₹ 87,300",3,No,,81.4,valid,16,92,2.2,Active,No,,pallavivarma.emp0587@examplecorp.in,-8695764531,26-Aug-26
EMP0588,Aman Bose,Male,44,IT,Senior Software Engineer,L3,Arjun Mehta,Delhi,Delhi,High School,Permanent,Office,24-Nov-19,2019,11,6,valid,16.9,"₹ 16,35,000",1635000,Valid,"₹ 2,77,950",4,Yes,,99.4,valid,28,86,21.8,Active,No,,amanbose.emp0588@examplecorp.in,-6814199166,26-Aug-26
EMP0589,Pooja Iyer,Female,42,Marketing,Content Strategist,L2,Rahul Iyer,Coimbatore,Tamil Nadu,High School,Permanent,Remote,12-Jun-22,2022,6,4,valid,15.7,"₹ 7,20,000",720000,Valid,"₹ 72,000",4,Yes,28-Mar-25,78.1,valid,29,55,36.6,Active,No,,poojaiyer.emp0589@examplecorp.in,-8802256404,26-Aug-26
EMP0590,Ashish Roy,Male,28,Sales,Sales Executive,L1,Neha Kapoor,Pune,Maharashtra,MBA,Intern,Hybrid,05-Sep-25,2025,9,1,valid,1.3,"₹ 3,15,000",315000,Valid,"₹ 53,550",3,No,,75.6,valid,18,31,40.4,Resigned,Yes,Compensation,ashishroy.emp0590@examplecorp.in,-8154084413,26-Aug-26
EMP0591,Pooja Chatterjee,Female,36,Customer Support,Support Team Lead,L3,Rohit Bhatia,Noida,Uttar Pradesh,Master's,Permanent,Remote,22-May-25,2025,5,1,valid,12.4,"₹ 10,45,000",1045000,Valid,"₹ 62,700",5,No,,84.2,valid,27,94,62.9,Active,No,,poojachatterjee.emp0591@examplecorp.in,-7311551884,26-Aug-26
EMP0592,Vaishnavi Shah,Female,31,Admin,Facilities Executive,L2,Kavita Joshi,Noida,Uttar Pradesh,PhD,Permanent,Hybrid,15-Feb-24,2024,2,2,valid,8.4,"₹ 5,15,000",515000,Valid,"₹ 82,400",4,Yes,,85.3,valid,0,72,44.6,Active,No,,vaishnavishah.emp0592@examplecorp.in,-9384963328,26-Aug-26
EMP0593,Isha Rao,Female,38,HR,HR Executive,L2,Priya Nair,Ahmedabad,Gujarat,MBA,Permanent,Hybrid,31-Mar-21,2021,3,5,valid,10.8,"₹ 5,40,000",540000,Valid,"₹ 43,200",3,No,,99.4,valid,25,95,29.2,Active,No,,isharao.emp0593@examplecorp.in,-9210946096,26-Aug-26
EMP0594,Vivek Reddy,Male,34,Operations,Operations Manager,L4,Sanjay Verma,Bangalore,Karnataka,Diploma,Permanent,Hybrid,07-Sep-20,2020,9,6,valid,7.5,"₹ 14,55,000",1455000,Valid,"₹ 2,03,700",4,Yes,21-Feb-26,88.6,valid,2,94,49.1,Active,No,,vivekreddy.emp0594@examplecorp.in,-8423576081,26-Aug-26
EMP0595,Pranav Desai,Male,31,Operations,Process Excellence Analyst,L2,Sanjay Verma,Mumbai,Maharashtra,Diploma,Contract,Hybrid,03-Jun-21,2021,6,5,valid,6.5,"₹ 8,45,000",845000,Valid,"₹ 42,250",4,No,,97.7,valid,5,5,16.9,Active,No,,pranavdesai.emp0595@examplecorp.in,-7858895532,26-Aug-26
EMP0596,Vivek Nair,Male,45,Admin,Facilities Executive,L1,Kavita Joshi,Pune,Maharashtra,Diploma,Permanent,Remote,10-Apr-18,2018,4,8,valid,18.7,"₹ 4,90,000",490000,Valid,"₹ 83,300",1,No,,97.3,valid,0,94,25.5,Active,No,,viveknair.emp0596@examplecorp.in,-6527572769,26-Aug-26
EMP0597,Rishabh Roy,Male,43,Legal,Legal Executive,L2,Ananya Rao,Coimbatore,Tamil Nadu,Diploma,Permanent,Hybrid,30-Jun-20,2020,6,6,valid,17.2,"₹ 5,00,000",500000,Valid,"₹ 1,00,000",3,No,,84.6,valid,12,44,5.9,Active,No,,rishabhroy.emp0597@examplecorp.in,-6177253689,26-Aug-26
EMP0598,Yash Mishra,Male,43,Marketing,Content Strategist,L2,Rahul Iyer,Pune,Maharashtra,Master's,Permanent,Hybrid,22-Mar-20,2020,3,6,valid,17.7,"₹ 5,20,000",520000,Valid,"₹ 46,800",3,No,,94.7,valid,4,41,14.9,Active,No,,yashmishra.emp0598@examplecorp.in,-6817290164,26-Aug-26
EMP0599,Ravi Singh,Male,31,Finance,Finance Manager,L4,Vikram Shah,Hyderabad,Telangana,High School,Permanent,Office,16-Jun-24,2024,6,2,valid,4,"₹ 17,20,000",1720000,Valid,"₹ 1,72,000",3,No,,83.5,valid,1,71,28.4,Active,No,,ravisingh.emp0599@examplecorp.in,-8954073533,26-Aug-26
EMP0600,Komal Menon,Female,34,Sales,Sales Executive,L2,Neha Kapoor,Pune,Maharashtra,High School,Permanent,Office,14-May-19,2019,5,7,valid,8.8,"₹ 6,20,000",620000,Valid,"₹ 43,400",5,Yes,03-Jul-24,90.8,valid,1,93,53.5,Active,No,,komalmenon.emp0600@examplecorp.in,-8863766447,26-Aug-26
EMP0601,Bhavna Varma,Female,36,Customer Support,Customer Support Executive,L2,Rohit Bhatia,Mumbai,Maharashtra,Master's,Contract,Office,26-Feb-23,2023,2,3,valid,10.5,"₹ 5,10,000",510000,Valid,"₹ 40,800",4,No,,87,valid,10,11,48.8,Active,No,,bhavnavarma.emp0601@examplecorp.in,-6938155675,26-Aug-26
EMP0602,Shivam Chatterjee,Male,40,Finance,Tax Specialist,L2,Vikram Shah,Delhi,Delhi,MBA,Permanent,Remote,24-Jan-18,2018,1,8,valid,15.2,"₹ 9,95,000",995000,Valid,"₹ 1,89,050",5,Yes,19-Nov-25,75.8,valid,18,16,23.1,Active,No,,shivamchatterjee.emp0602@examplecorp.in,-7668574124,26-Aug-26
EMP0603,Deepak Srinivasan,Male,32,Admin,Facilities Executive,L2,Kavita Joshi,Chennai,Tamil Nadu,Bachelor's,Permanent,Hybrid,12-Dec-23,2023,12,2,valid,3.7,"₹ 5,70,000",570000,Valid,"₹ 96,900",3,No,,97.3,valid,18,29,6.9,Active,No,,deepaksrinivasan.emp0603@examplecorp.in,-6409922576,26-Aug-26
EMP0604,Mohit Srinivasan,Male,32,Legal,Legal Executive,L1,Ananya Rao,Delhi,Delhi,MBA,Permanent,Remote,22-Mar-22,2022,3,4,valid,10.5,"₹ 8,25,000",825000,Valid,"₹ 90,750",3,No,,98.5,valid,10,36,18.4,Active,No,,mohitsrinivasan.emp0604@examplecorp.in,-9576424183,26-Aug-26
EMP0605,Gaurav Roy,Male,36,HR,HR Executive,L1,Priya Nair,Ahmedabad,Gujarat,MBA,Contract,Hybrid,03-Jun-22,2022,6,4,valid,9.1,"₹ 4,95,000",495000,Valid,"₹ 99,000",3,No,,75.8,valid,18,47,33.8,Active,No,,gauravroy.emp0605@examplecorp.in,-9829762102,26-Aug-26
EMP0606,Pooja Kapoor,Female,43,Legal,Legal Executive,L1,Ananya Rao,Kolkata,West Bengal,Master's,Permanent,Office,27-Aug-18,2018,8,8,valid,16.3,"₹ 5,55,000",555000,Valid,"₹ 77,700",4,No,27-Feb-23,83.1,valid,23,26,32.2,Resigned,Yes,Work-Life Balance,poojakapoor.emp0606@examplecorp.in,-7951981903,26-Aug-26
EMP0607,Karan Agarwal,Male,31,Sales,Business Development Executive,L1,Neha Kapoor,Hyderabad,Telangana,Diploma,Permanent,Hybrid,05-Mar-21,2021,3,5,valid,7.3,"₹ 4,60,000",460000,Valid,"₹ 55,200",3,No,,90,valid,14,46,24.4,Active,No,,karanagarwal.emp0607@examplecorp.in,-8498315412,26-Aug-26
EMP0608,Yash Sharma,Male,43,Marketing,Digital Marketing Specialist,L2,Rahul Iyer,Mumbai,Maharashtra,Bachelor's,Permanent,Hybrid,11-Mar-19,2019,3,7,valid,15.7,"₹ 5,30,000",530000,Valid,"₹ 1,06,000",5,Yes,,83.6,valid,9,90,32.4,Active,No,,yashsharma.emp0608@examplecorp.in,-9912375859,26-Aug-26
EMP0609,Siddharth Khan,Male,25,Legal,Legal Executive,L1,Ananya Rao,Chennai,Tamil Nadu,Bachelor's,Permanent,Hybrid,07-Apr-26,2026,4,0,valid,1.7,"₹ 6,15,000",615000,Valid,"₹ 73,800",5,No,,82.9,valid,22,80,40.6,Active,No,,siddharthkhan.emp0609@examplecorp.in,-9870996107,26-Aug-26
EMP0610,Rishabh Kumar,Male,38,HR,Talent Acquisition Specialist,L2,Priya Nair,Coimbatore,Tamil Nadu,Bachelor's,Permanent,Hybrid,14-Apr-21,2021,4,5,valid,16.6,"₹ 7,55,000",755000,Valid,"₹ 60,400",3,No,,87.1,valid,26,31,4.7,Active,No,,rishabhkumar.emp0610@examplecorp.in,-7150694393,26-Aug-26
EMP0611,Mohit Chatterjee,Male,37,HR,HR Manager,L4,Priya Nair,Chennai,Tamil Nadu,Bachelor's,Permanent,Office,29-Mar-19,2019,3,7,valid,12.7,"₹ 12,30,000",1230000,Valid,"₹ 73,800",4,Yes,08-Jan-24,89.6,valid,20,78,24,On Notice,No,,mohitchatterjee.emp0611@examplecorp.in,-7836256310,26-Aug-26
EMP0612,Karan Tripathi,Male,35,Operations,Process Excellence Analyst,L2,Sanjay Verma,Bangalore,Karnataka,High School,Contract,Remote,17-Jun-23,2023,6,3,valid,10.5,"₹ 6,45,000",645000,Valid,"₹ 96,750",4,No,,86.5,valid,6,55,0.9,Active,No,,karantripathi.emp0612@examplecorp.in,-7661308052,26-Aug-26
EMP0613,Anjali Kapoor,Female,38,Operations,Operations Executive,L1,Sanjay Verma,Hyderabad,Telangana,Master's,Permanent,Hybrid,03-May-18,2018,5,8,valid,10.9,"₹ 7,05,000",705000,Valid,"₹ 42,300",3,No,,75.7,valid,19,85,21.2,Active,No,,anjalikapoor.emp0613@examplecorp.in,-6714943737,26-Aug-26
EMP0614,Ashish Sharma,Male,29,Finance,Finance Manager,L4,Vikram Shah,Noida,Uttar Pradesh,MBA,Permanent,Hybrid,14-Aug-23,2023,8,3,valid,3.3,"₹ 18,70,000",1870000,Valid,"₹ 1,49,600",4,Yes,,85.3,valid,5,18,14.1,Active,No,,ashishsharma.emp0614@examplecorp.in,-8334321491,26-Aug-26
EMP0615,Varun Bose,Male,36,Marketing,Content Strategist,L1,Rahul Iyer,Mumbai,Maharashtra,PhD,Permanent,Hybrid,11-Oct-20,2020,10,5,valid,12.3,"₹ 5,65,000",565000,Valid,"₹ 1,13,000",4,No,,88.6,valid,24,55,30.5,Active,No,,varunbose.emp0615@examplecorp.in,-6810854673,26-Aug-26
EMP0616,Radhika Rao,Female,35,Admin,Office Administrator,L2,Kavita Joshi,Bangalore,Karnataka,High School,Contract,Hybrid,11-Jul-19,2019,7,7,valid,9.6,"₹ 6,65,000",665000,Valid,"₹ 99,750",5,No,,87.6,valid,5,19,28.2,Active,No,,radhikarao.emp0616@examplecorp.in,-9341991239,26-Aug-26
EMP0617,Shivam Menon,Male,32,Admin,Facilities Executive,L1,Kavita Joshi,Coimbatore,Tamil Nadu,PhD,Permanent,Hybrid,25-Aug-25,2025,8,1,valid,5.5,"₹ 6,15,000",615000,Valid,"₹ 98,400",4,Yes,,78.2,valid,12,14,11,Active,No,,shivammenon.emp0617@examplecorp.in,-6481715504,26-Aug-26
EMP0618,Yash Sharma,Male,33,Customer Support,Technical Support Specialist,L1,Rohit Bhatia,Ahmedabad,Gujarat,MBA,Permanent,Office,09-Dec-22,2022,12,3,valid,7.7,"₹ 5,25,000",525000,Valid,"₹ 94,500",5,Yes,08-Mar-24,76.6,valid,20,53,59.2,Active,No,,yashsharma.emp0618@examplecorp.in,-8513179092,26-Aug-26
EMP0619,Kajal Nair,Female,28,Customer Support,Customer Success Manager,L1,Rohit Bhatia,Delhi,Delhi,High School,Intern,Hybrid,11-Jun-25,2025,6,1,valid,1.4,"₹ 3,00,000",300000,Valid,"₹ 36,000",4,No,,94.4,valid,0,53,50.4,Active,No,,kajalnair.emp0619@examplecorp.in,-9829909783,26-Aug-26
EMP0620,Ashish Rao,Male,48,HR,HR Executive,L2,Priya Nair,Ahmedabad,Gujarat,High School,Permanent,Remote,03-May-18,2018,5,8,valid,19.6,"₹ 6,10,000",610000,Valid,"₹ 85,400",1,No,,97.3,valid,29,76,41.5,Resigned,Yes,Relocation,ashishrao.emp0620@examplecorp.in,-7582813090,26-Aug-26
EMP0621,Isha Desai,Female,39,R&D,Research Associate,L2,Dr. Meera Krishnan,Ahmedabad,Gujarat,Master's,Permanent,Hybrid,16-Jul-21,2021,7,5,valid,11.9,"₹ 7,60,000",760000,Valid,"₹ 1,36,800",4,No,06-Sep-25,83.7,valid,4,31,31.7,Active,No,,ishadesai.emp0621@examplecorp.in,-9835142662,26-Aug-26
EMP0622,Ankit Sharma,Male,30,Sales,Sales Manager,L4,Neha Kapoor,Pune,Maharashtra,High School,Contract,Hybrid,10-Mar-26,2026,3,0,valid,3.6,"₹ 13,55,000",1355000,Valid,"₹ 2,43,900",4,No,,88.5,valid,6,19,8.1,Active,No,,ankitsharma.emp0622@examplecorp.in,-8772191266,26-Aug-26
EMP0623,Neha Varma,Female,38,Legal,Compliance Analyst,L2,Ananya Rao,Delhi,Delhi,Master's,Permanent,Hybrid,15-Mar-23,2023,3,3,valid,13.4,"₹ 8,60,000",860000,Valid,"₹ 60,200",4,Yes,10-Jun-24,77.9,valid,28,85,33.7,Active,No,,nehavarma.emp0623@examplecorp.in,-9615127488,26-Aug-26
EMP0624,Priyanka Agarwal,Female,28,HR,Talent Acquisition Specialist,L1,Priya Nair,Coimbatore,Tamil Nadu,Diploma,Intern,Hybrid,23-Feb-26,2026,2,0,valid,1.2,"₹ 2,80,000",280000,Valid,"₹ 14,000",4,No,,92.9,valid,11,13,30.3,Active,No,,priyankaagarwal.emp0624@examplecorp.in,-9645452245,26-Aug-26
EMP0625,Simran Singh,Female,29,Sales,Sales Manager,L4,Neha Kapoor,Bangalore,Karnataka,Bachelor's,Permanent,Hybrid,01-Dec-19,2019,12,6,valid,6.6,"₹ 20,65,000",2065000,Valid,"₹ 3,30,400",3,No,,88.7,valid,18,43,10.4,Resigned,Yes,Higher Education,simransingh.emp0625@examplecorp.in,-8752303704,26-Aug-26
EMP0626,Nikhil Tripathi,Male,36,R&D,Product Researcher,L1,Dr. Meera Krishnan,Noida,Uttar Pradesh,MBA,Permanent,Office,14-Oct-25,2025,10,0,valid,11.5,"₹ 10,05,000",1005000,Valid,"₹ 60,300",3,No,,91.3,valid,20,48,9,Active,No,,nikhiltripathi.emp0626@examplecorp.in,-8720801054,26-Aug-26
EMP0627,Amit Menon,Male,37,Sales,Sales Manager,L4,Neha Kapoor,Kolkata,West Bengal,MBA,Permanent,Office,07-Mar-19,2019,3,7,valid,10.2,"₹ 19,95,000",1995000,Valid,"₹ 1,79,550",4,Yes,,98.3,valid,29,13,17.8,Active,No,,amitmenon.emp0627@examplecorp.in,-7748605670,26-Aug-26
EMP0628,Mohit Desai,Male,41,Legal,Corporate Counsel,L4,Ananya Rao,Coimbatore,Tamil Nadu,Master's,Permanent,Hybrid,04-Jun-18,2018,6,8,valid,13.8,"₹ 14,15,000",1415000,Valid,"₹ 1,27,350",4,Yes,07-May-22,88.8,valid,6,29,39.4,Active,No,,mohitdesai.emp0628@examplecorp.in,-9626395435,26-Aug-26
EMP0629,Gaurav Kapoor,Male,32,Finance,Financial Analyst,L2,Vikram Shah,Hyderabad,Telangana,High School,Permanent,Hybrid,23-Feb-26,2026,2,0,valid,7.1,"₹ 10,90,000",1090000,Valid,"₹ 54,500",4,No,,79.4,valid,4,58,12.2,Active,No,,gauravkapoor.emp0629@examplecorp.in,-9198096411,26-Aug-26
EMP0630,Shivam Chatterjee,Male,32,Operations,Operations Executive,L2,Sanjay Verma,Hyderabad,Telangana,MBA,Permanent,Office,06-Jul-18,2018,7,8,valid,9.5,"₹ 4,25,000",425000,Valid,"₹ 59,500",3,No,08-Aug-26,98,valid,24,99,38.3,Active,No,,shivamchatterjee.emp0630@examplecorp.in,-7475882221,26-Aug-26
EMP0631,Gaurav Roy,Male,29,R&D,Data Scientist,L2,Dr. Meera Krishnan,Mumbai,Maharashtra,MBA,Permanent,Hybrid,11-Oct-23,2023,10,2,valid,7.4,"₹ 13,35,000",1335000,Valid,"₹ 2,00,250",3,No,,85.8,valid,14,74,17,Active,No,,gauravroy.emp0631@examplecorp.in,-7442849015,26-Aug-26
EMP0632,Radhika Tripathi,Female,39,R&D,Research Associate,L2,Dr. Meera Krishnan,Delhi,Delhi,Master's,Permanent,Hybrid,11-Jan-23,2023,1,3,valid,14.6,"₹ 10,70,000",1070000,Valid,"₹ 1,49,800",4,Yes,29-Jul-25,77.5,valid,18,84,1.2,Active,No,,radhikatripathi.emp0632@examplecorp.in,-8763473489,26-Aug-26
EMP0633,Kavya Tripathi,Female,36,Sales,Sales Operations Analyst,L1,Neha Kapoor,Chennai,Tamil Nadu,Diploma,Permanent,Hybrid,29-Aug-24,2024,8,2,valid,11.5,"₹ 6,90,000",690000,Valid,"₹ 1,31,100",4,Yes,26-Nov-25,92,valid,10,61,12.4,Active,No,,kavyatripathi.emp0633@examplecorp.in,-7108405621,26-Aug-26
EMP0634,Ashish Srinivasan,Male,33,Customer Support,Customer Support Manager,L4,Rohit Bhatia,Pune,Maharashtra,Diploma,Permanent,Remote,23-Mar-22,2022,3,4,valid,9.9,"₹ 12,30,000",1230000,Valid,"₹ 2,09,100",5,Yes,13-Sep-25,95.3,valid,15,72,17.4,Active,No,,ashishsrinivasan.emp0634@examplecorp.in,-7506691245,26-Aug-26
EMP0635,Neha Iyer,Female,36,IT,Data Analyst,L2,Arjun Mehta,Pune,Maharashtra,PhD,Permanent,Office,22-Aug-26,2026,8,0,valid,9.9,"₹ 8,20,000",820000,Valid,"₹ 1,06,600",5,No,,75.8,valid,29,82,13.9,Resigned,Yes,Performance Separation,nehaiyer.emp0635@examplecorp.in,-8705162363,26-Aug-26
EMP0636,Ravi Varma,Male,23,Marketing,Marketing Executive,L1,Rahul Iyer,Ahmedabad,Gujarat,MBA,Permanent,Hybrid,15-Aug-26,2026,8,0,valid,0.2,"₹ 5,80,000",580000,Valid,"₹ 1,10,200",5,No,,93.8,valid,2,31,25.1,Active,No,,ravivarma.emp0636@examplecorp.in,-8552189875,26-Aug-26
EMP0637,Aisha Rao,Female,34,Admin,Office Administrator,L1,Kavita Joshi,Bangalore,Karnataka,PhD,Contract,Hybrid,05-Aug-20,2020,8,6,valid,6.7,"₹ 6,15,000",615000,Valid,"₹ 49,200",5,No,,80.8,valid,4,51,42.8,Active,No,,aisharao.emp0637@examplecorp.in,-7761965768,26-Aug-26
EMP0638,Aditya Kumar,Male,35,R&D,Data Scientist,L1,Dr. Meera Krishnan,Hyderabad,Telangana,MBA,Permanent,Remote,08-May-26,2026,5,0,valid,9.4,"₹ 17,25,000",1725000,Valid,"₹ 2,58,750",5,No,,81.8,valid,14,30,37.2,Active,No,,adityakumar.emp0638@examplecorp.in,-9891247593,26-Aug-26
EMP0639,Kajal Mishra,Female,35,R&D,Product Researcher,L1,Dr. Meera Krishnan,Noida,Uttar Pradesh,High School,Permanent,Remote,20-Dec-21,2021,12,4,valid,11.7,"₹ 10,90,000",1090000,Valid,"₹ 1,63,500",3,No,,80.7,valid,5,25,7.5,Active,No,,kajalmishra.emp0639@examplecorp.in,-9909875261,26-Aug-26
EMP0640,Radhika Shah,Female,39,Legal,Legal Manager,L5,Ananya Rao,Kolkata,West Bengal,Diploma,Contract,Office,28-Mar-22,2022,3,4,valid,14.6,"₹ 16,80,000",1680000,Valid,"₹ 1,51,200",3,No,,96.6,valid,2,9,26.9,Resigned,Yes,Better Career Opportunity,radhikashah.emp0640@examplecorp.in,-8895510940,26-Aug-26
EMP0641,Aadhya Sharma,Female,37,Legal,Contract Specialist,L2,Ananya Rao,Noida,Uttar Pradesh,Master's,Permanent,Hybrid,18-Aug-18,2018,8,8,valid,12.6,"₹ 9,10,000",910000,Valid,"₹ 45,500",4,Yes,22-Feb-24,92.6,valid,18,66,42.3,Active,No,,aadhyasharma.emp0641@examplecorp.in,-6862393413,26-Aug-26
EMP0642,Nandini Tripathi,Female,32,Finance,Accountant,L1,Vikram Shah,Delhi,Delhi,Diploma,Permanent,Hybrid,10-Jan-26,2026,1,0,valid,4.2,"₹ 6,60,000",660000,Valid,"₹ 59,400",4,No,,91.8,valid,28,95,42.1,Active,No,,nandinitripathi.emp0642@examplecorp.in,-6438670352,26-Aug-26
EMP0643,Aadhya Gupta,Female,30,Legal,Legal Executive,L2,Ananya Rao,Kolkata,West Bengal,Diploma,Permanent,Remote,10-Aug-23,2023,8,3,valid,3.1,"₹ 9,05,000",905000,Valid,"₹ 1,81,000",5,Yes,,82.5,valid,19,36,41.5,Resigned,Yes,Work-Life Balance,aadhyagupta.emp0643@examplecorp.in,-9630493254,26-Aug-26
EMP0644,Amit Desai,Male,27,Customer Support,Customer Support Manager,L4,Rohit Bhatia,Kolkata,West Bengal,Diploma,Permanent,Hybrid,16-Jun-25,2025,6,1,valid,1.8,"₹ 16,50,000",1650000,Valid,"₹ 1,32,000",5,Yes,,99.1,valid,12,38,33.7,Active,No,,amitdesai.emp0644@examplecorp.in,-9799609707,26-Aug-26
EMP0645,Pallavi Srinivasan,Female,37,Operations,Operations Manager,L4,Sanjay Verma,Mumbai,Maharashtra,MBA,Permanent,Hybrid,07-Aug-21,2021,8,5,valid,14.6,"₹ 12,35,000",1235000,Valid,"₹ 1,35,850",3,No,,83.1,valid,30,91,8.7,Active,No,,pallavisrinivasan.emp0645@examplecorp.in,-8200979224,26-Aug-26
EMP0646,Ananya Roy,Female,29,IT,Software Engineer,L1,Arjun Mehta,Bangalore,Karnataka,Bachelor's,Contract,Office,16-Aug-23,2023,8,3,valid,4.8,"₹ 8,25,000",825000,Valid,"₹ 99,000",3,No,,87.4,valid,1,6,41.9,Active,No,,ananyaroy.emp0646@examplecorp.in,-6982773961,26-Aug-26
EMP0647,Radhika Reddy,Female,37,Customer Support,Customer Success Manager,L5,Rohit Bhatia,Hyderabad,Telangana,PhD,Permanent,Hybrid,12-Aug-20,2020,8,6,valid,12.2,"₹ 11,00,000",1100000,Valid,"₹ 88,000",3,No,,95.7,valid,25,66,5.9,Active,No,,radhikareddy.emp0647@examplecorp.in,-7246367668,26-Aug-26
EMP0648,Priyanka Banerjee,Female,35,Sales,Sales Executive,L2,Neha Kapoor,Pune,Maharashtra,Diploma,Contract,Office,21-Oct-21,2021,10,4,valid,10.4,"₹ 4,50,000",450000,Valid,"₹ 81,000",1,No,,77.9,valid,14,52,62.1,Active,No,,priyankabanerjee.emp0648@examplecorp.in,-7448427027,26-Aug-26
EMP0649,Yash Gupta,Male,38,Customer Support,Customer Support Manager,L4,Rohit Bhatia,Pune,Maharashtra,PhD,Permanent,Hybrid,02-Apr-21,2021,4,5,valid,10.8,"₹ 11,45,000",1145000,Valid,"₹ 68,700",4,No,,77.5,valid,4,97,47.3,Active,No,,yashgupta.emp0649@examplecorp.in,-9345807505,26-Aug-26
EMP0650,Bhavna Kumar,Female,32,Sales,Sales Manager,L4,Neha Kapoor,Mumbai,Maharashtra,Master's,Contract,Hybrid,20-Nov-22,2022,11,3,valid,6.2,"₹ 14,55,000",1455000,Valid,"₹ 2,18,250",4,No,,97.9,valid,9,46,51.4,Resigned,Yes,Work-Life Balance,bhavnakumar.emp0650@examplecorp.in,-7196848225,26-Aug-26
EMP0651,Swati Das,Female,28,Admin,Facilities Executive,L2,Kavita Joshi,Coimbatore,Tamil Nadu,Master's,Permanent,Remote,24-Feb-23,2023,2,3,valid,5.6,"₹ 3,85,000",385000,Valid,"₹ 69,300",4,Yes,29-Nov-24,80.3,valid,5,40,1.4,Active,No,,swatidas.emp0651@examplecorp.in,-7824605496,26-Aug-26
EMP0652,Akash Tripathi,Male,35,IT,Systems Administrator,L2,Arjun Mehta,Kolkata,West Bengal,High School,Permanent,Hybrid,23-May-23,2023,5,3,valid,10.8,"₹ 7,50,000",750000,Valid,"₹ 90,000",5,Yes,14-Apr-26,78.3,valid,26,87,31.6,Active,No,,akashtripathi.emp0652@examplecorp.in,-9652004179,26-Aug-26
EMP0653,Divya Roy,Female,33,R&D,R&D Manager,L5,Dr. Meera Krishnan,Bangalore,Karnataka,MBA,Contract,Office,25-Aug-19,2019,8,7,valid,11.8,"₹ 21,65,000",2165000,Valid,"₹ 2,16,500",3,No,,78.1,valid,11,35,0.9,Active,No,,divyaroy.emp0653@examplecorp.in,-9280569656,26-Aug-26
EMP0654,Isha Gupta,Female,31,Legal,Compliance Analyst,L1,Ananya Rao,Kolkata,West Bengal,High School,Permanent,Remote,03-Jul-26,2026,7,0,valid,8,"₹ 9,45,000",945000,Valid,"₹ 1,79,550",3,No,,88.8,valid,20,17,20.5,Active,No,,ishagupta.emp0654@examplecorp.in,-9769808534,26-Aug-26
EMP0655,Aditya Desai,Male,38,Marketing,Digital Marketing Specialist,L2,Rahul Iyer,Delhi,Delhi,Diploma,Permanent,Hybrid,08-May-20,2020,5,6,valid,14.6,"₹ 8,25,000",825000,Valid,"₹ 82,500",3,No,,96.6,valid,19,33,7.1,Resigned,Yes,Performance Separation,adityadesai.emp0655@examplecorp.in,-7583357668,26-Aug-26
EMP0656,Nandini Singh,Female,34,Admin,Administration Manager,L5,Kavita Joshi,Noida,Uttar Pradesh,Bachelor's,Permanent,Hybrid,27-May-24,2024,5,2,valid,8.1,"₹ 10,15,000",1015000,Valid,"₹ 81,200",3,No,,84.7,valid,20,18,39.3,Active,No,,nandinisingh.emp0656@examplecorp.in,-7467613910,26-Aug-26
EMP0657,Shivam Singh,Male,30,Admin,Administration Manager,L5,Kavita Joshi,Pune,Maharashtra,High School,Permanent,Office,29-Jan-25,2025,1,1,valid,7.3,"₹ 10,55,000",1055000,Valid,"₹ 52,750",4,Yes,05-Mar-26,80.5,valid,3,91,40.8,Active,No,,shivamsingh.emp0657@examplecorp.in,-6726798821,26-Aug-26
EMP0658,Rajesh Agarwal,Male,28,Admin,Executive Assistant,L2,Kavita Joshi,Noida,Uttar Pradesh,Master's,Permanent,Hybrid,21-Sep-25,2025,9,0,valid,5.9,"₹ 10,90,000",1090000,Valid,"₹ 87,200",5,No,,92,valid,18,38,2.3,Active,No,,rajeshagarwal.emp0658@examplecorp.in,-6313183914,26-Aug-26
EMP0659,Aisha Bose,Female,32,Admin,Administrative Assistant,L1,Kavita Joshi,Pune,Maharashtra,Bachelor's,Permanent,Office,30-Jul-26,2026,7,0,valid,7,"₹ 5,30,000",530000,Valid,"₹ 53,000",3,No,,84.1,valid,7,37,42.3,Active,No,,aishabose.emp0659@examplecorp.in,-7577467033,26-Aug-26
EMP0660,Sakshi Chandra,Female,40,IT,Data Analyst,L1,Arjun Mehta,Bangalore,Karnataka,MBA,Contract,Office,23-Aug-24,2024,8,2,valid,12.8,"₹ 6,20,000",620000,Valid,"₹ 1,11,600",4,No,,79.5,valid,14,45,69.7,Active,No,,sakshichandra.emp0660@examplecorp.in,-8207226175,26-Aug-26
EMP0661,Komal Mishra,Female,42,Finance,Internal Auditor,L1,Vikram Shah,Noida,Uttar Pradesh,PhD,Permanent,Hybrid,08-Aug-21,2021,8,5,valid,16.9,"₹ 10,10,000",1010000,Valid,"₹ 1,31,300",2,No,,97.1,valid,9,13,42.7,Active,No,,komalmishra.emp0661@examplecorp.in,-9762751396,26-Aug-26
EMP0662,Kavya Chandra,Female,32,HR,HR Business Partner,L3,Priya Nair,Mumbai,Maharashtra,Master's,Permanent,Hybrid,20-Jul-26,2026,7,0,valid,10.4,"₹ 13,20,000",1320000,Valid,"₹ 2,50,800",4,No,,85.5,valid,28,66,8,Active,No,,kavyachandra.emp0662@examplecorp.in,-6183277917,26-Aug-26
EMP0663,Divya Rao,Female,28,Admin,Executive Assistant,L2,Kavita Joshi,Ahmedabad,Gujarat,Master's,Permanent,Office,24-Nov-24,2024,11,1,valid,6.5,"₹ 8,95,000",895000,Valid,"₹ 1,16,350",3,No,,96.6,valid,10,34,35.5,Active,No,,divyarao.emp0663@examplecorp.in,-6718485057,26-Aug-26
EMP0664,Nikhil Reddy,Male,43,Marketing,Marketing Executive,L2,Rahul Iyer,Kolkata,West Bengal,Diploma,Permanent,Office,12-Oct-20,2020,10,5,valid,16.8,"₹ 4,50,000",450000,Valid,"₹ 72,000",5,Yes,10-Apr-22,82.1,valid,12,18,29.6,Active,No,,nikhilreddy.emp0664@examplecorp.in,-9477923005,26-Aug-26
EMP0665,Kajal Menon,Female,33,R&D,Research Associate,L2,Dr. Meera Krishnan,Pune,Maharashtra,Master's,Permanent,Remote,06-Aug-26,2026,8,0,valid,7.2,"₹ 8,25,000",825000,Valid,"₹ 1,56,750",4,No,,91.8,valid,13,53,0,Active,No,,kajalmenon.emp0665@examplecorp.in,-8191005086,26-Aug-26
EMP0666,Sakshi Bose,Female,38,R&D,Data Scientist,L2,Dr. Meera Krishnan,Mumbai,Maharashtra,Diploma,Contract,Hybrid,15-Apr-22,2022,4,4,valid,14.2,"₹ 10,85,000",1085000,Valid,"₹ 86,800",2,No,,93.2,valid,16,46,33.6,Active,No,,sakshibose.emp0666@examplecorp.in,-7329850263,26-Aug-26
EMP0667,Priyanka Bose,Female,38,Sales,Sales Manager,L4,Neha Kapoor,Kolkata,West Bengal,Bachelor's,Contract,Office,03-Dec-18,2018,12,7,valid,15.8,"₹ 13,25,000",1325000,Valid,"₹ 2,12,000",5,No,,92.8,valid,9,22,49.9,Active,No,,priyankabose.emp0667@examplecorp.in,-9730230505,26-Aug-26
EMP0668,Shivam Banerjee,Male,37,Admin,Administration Manager,L5,Kavita Joshi,Noida,Uttar Pradesh,Bachelor's,Permanent,Hybrid,23-Jun-24,2024,6,2,valid,8.9,"₹ 16,55,000",1655000,Valid,"₹ 1,82,050",4,Yes,,86.4,valid,9,50,24.4,Active,No,,shivambanerjee.emp0668@examplecorp.in,-8798278559,26-Aug-26
EMP0669,Riya Agarwal,Female,37,Legal,Legal Executive,L2,Ananya Rao,Kolkata,West Bengal,High School,Permanent,Hybrid,03-Dec-20,2020,12,5,valid,9.2,"₹ 8,55,000",855000,Valid,"₹ 1,71,000",3,No,,94.3,valid,3,82,30.7,Active,No,,riyaagarwal.emp0669@examplecorp.in,-8403466814,26-Aug-26
EMP0670,Harsh Mishra,Male,36,Operations,Supply Chain Analyst,L2,Sanjay Verma,Hyderabad,Telangana,PhD,Permanent,Hybrid,02-Oct-19,2019,10,6,valid,13,"₹ 8,80,000",880000,Valid,"₹ 70,400",4,Yes,,80.2,valid,21,68,8.9,Active,No,,harshmishra.emp0670@examplecorp.in,-7694311876,26-Aug-26
EMP0671,Mohit Mishra,Male,41,IT,Data Analyst,L2,Arjun Mehta,Pune,Maharashtra,Diploma,Contract,Hybrid,27-Feb-20,2020,2,6,valid,18,"₹ 5,50,000",550000,Valid,"₹ 93,500",3,No,,92.3,valid,4,11,8.9,Active,No,,mohitmishra.emp0671@examplecorp.in,-7677516990,26-Aug-26
EMP0672,Suresh Agarwal,Male,43,Marketing,Digital Marketing Specialist,L1,Rahul Iyer,Delhi,Delhi,High School,Permanent,Office,12-Jul-19,2019,7,7,valid,16.7,"₹ 6,20,000",620000,Valid,"₹ 49,600",3,No,14-May-23,77.8,valid,12,19,23.2,Active,No,,sureshagarwal.emp0672@examplecorp.in,-8807370693,26-Aug-26
EMP0673,Bhavna Roy,Female,36,HR,HR Business Partner,L3,Priya Nair,Ahmedabad,Gujarat,PhD,Permanent,Hybrid,03-Oct-22,2022,10,3,valid,10.1,"₹ 12,45,000",1245000,Valid,"₹ 2,24,100",4,Yes,14-Oct-24,81.1,valid,17,41,4,Active,No,,bhavnaroy.emp0673@examplecorp.in,-8171273396,26-Aug-26
EMP0674,Mohit Chandra,Male,34,Sales,Sales Executive,L1,Neha Kapoor,Chennai,Tamil Nadu,High School,Permanent,Office,18-Nov-22,2022,11,3,valid,9.4,"₹ 8,40,000",840000,Valid,"₹ 58,800",2,No,,99.5,valid,28,21,54.9,Active,No,,mohitchandra.emp0674@examplecorp.in,-9370228030,26-Aug-26
EMP0675,Radhika Patel,Female,39,Sales,Sales Operations Analyst,L2,Neha Kapoor,Mumbai,Maharashtra,PhD,Contract,Hybrid,23-Dec-18,2018,12,7,valid,12.5,"₹ 5,65,000",565000,Valid,"₹ 33,900",3,No,,92.6,valid,4,39,27,Resigned,Yes,Higher Education,radhikapatel.emp0675@examplecorp.in,-7838384317,26-Aug-26
EMP0676,Sakshi Varma,Female,34,Marketing,Marketing Executive,L1,Rahul Iyer,Pune,Maharashtra,Diploma,Permanent,Hybrid,04-Dec-23,2023,12,2,valid,11.5,"₹ 5,35,000",535000,Valid,"₹ 90,950",3,No,,87.2,valid,6,98,1.3,Active,No,,sakshivarma.emp0676@examplecorp.in,-8947872436,26-Aug-26
EMP0677,Rajesh Iyer,Male,35,Admin,Administration Manager,L5,Kavita Joshi,Delhi,Delhi,Bachelor's,Permanent,Hybrid,26-Aug-21,2021,8,5,valid,13.6,"₹ 12,70,000",1270000,Valid,"₹ 1,27,000",3,No,,76.8,valid,9,88,44,Active,No,,rajeshiyer.emp0677@examplecorp.in,-8240122191,26-Aug-26
EMP0678,Isha Bose,Female,28,Customer Support,Technical Support Specialist,L2,Rohit Bhatia,Chennai,Tamil Nadu,MBA,Permanent,Hybrid,17-Dec-23,2023,12,2,valid,6.1,"₹ 8,25,000",825000,Valid,"₹ 1,23,750",3,No,27-Nov-25,96.8,valid,10,66,40,Active,No,,ishabose.emp0678@examplecorp.in,-7231503739,26-Aug-26
EMP0679,Varun Desai,Male,32,Marketing,Digital Marketing Specialist,L2,Rahul Iyer,Hyderabad,Telangana,High School,Contract,Remote,18-Dec-20,2020,12,5,valid,10.4,"₹ 6,65,000",665000,Valid,"₹ 46,550",4,No,,99.3,valid,3,16,13.8,Active,No,,varundesai.emp0679@examplecorp.in,-6958647846,26-Aug-26
EMP0680,Rajesh Singh,Male,39,R&D,R&D Manager,L5,Dr. Meera Krishnan,Ahmedabad,Gujarat,PhD,Permanent,Remote,31-Aug-20,2020,8,6,valid,17.2,"₹ 23,90,000",2390000,Valid,"₹ 3,58,500",3,No,,94.6,valid,25,76,33.5,Active,No,,rajeshsingh.emp0680@examplecorp.in,-6507274726,26-Aug-26
EMP0681,Shreya Shah,Female,39,Operations,Process Excellence Analyst,L1,Sanjay Verma,Chennai,Tamil Nadu,Master's,Permanent,Hybrid,12-May-23,2023,5,3,valid,11.8,"₹ 8,05,000",805000,Valid,"₹ 1,28,800",4,Yes,,81.7,valid,4,32,6.4,On Notice,No,,shreyashah.emp0681@examplecorp.in,-9839885565,26-Aug-26
EMP0682,Aadhya Kumar,Female,31,Sales,Business Development Executive,L1,Neha Kapoor,Pune,Maharashtra,Diploma,Contract,Hybrid,21-Sep-25,2025,9,0,valid,9.6,"₹ 6,55,000",655000,Valid,"₹ 85,150",4,No,,92.2,valid,4,39,44.8,Active,No,,aadhyakumar.emp0682@examplecorp.in,-6907340308,26-Aug-26
EMP0683,Karan Agarwal,Male,41,Sales,Business Development Executive,L1,Neha Kapoor,Coimbatore,Tamil Nadu,High School,Permanent,Hybrid,01-Nov-20,2020,11,5,valid,14.2,"₹ 7,40,000",740000,Valid,"₹ 96,200",5,No,06-Aug-26,92.5,valid,3,76,6.1,Active,No,,karanagarwal.emp0683@examplecorp.in,-7775431712,26-Aug-26
EMP0684,Harsh Nair,Male,41,Legal,Corporate Counsel,L5,Ananya Rao,Pune,Maharashtra,Diploma,Contract,Office,23-Apr-19,2019,4,7,valid,17.3,"₹ 17,10,000",1710000,Valid,"₹ 2,73,600",4,No,,84.6,valid,12,55,29.1,Active,No,,harshnair.emp0684@examplecorp.in,-9961251535,26-Aug-26
EMP0685,Megha Srinivasan,Female,36,HR,HR Business Partner,L3,Priya Nair,Ahmedabad,Gujarat,High School,Contract,Hybrid,07-Sep-21,2021,9,5,valid,13.8,"₹ 8,10,000",810000,Valid,"₹ 1,05,300",2,No,,77.9,valid,4,32,21.8,Active,No,,meghasrinivasan.emp0685@examplecorp.in,-9972596927,26-Aug-26
EMP0686,Neha Chatterjee,Female,29,Customer Support,Customer Support Executive,L1,Rohit Bhatia,Pune,Maharashtra,PhD,Permanent,Hybrid,20-Sep-24,2024,9,1,valid,4.3,"₹ 3,30,000",330000,Valid,"₹ 19,800",3,No,,96.5,valid,29,74,23.9,Active,No,,nehachatterjee.emp0686@examplecorp.in,-7374825343,26-Aug-26
EMP0687,Kavya Shah,Female,43,Marketing,Digital Marketing Specialist,L1,Rahul Iyer,Hyderabad,Telangana,Master's,Permanent,Hybrid,18-Feb-21,2021,2,5,valid,15.7,"₹ 7,90,000",790000,Valid,"₹ 1,58,000",5,Yes,30-Jun-22,84.8,valid,5,18,33.4,Active,No,,kavyashah.emp0687@examplecorp.in,-6607991420,26-Aug-26
EMP0688,Mohit Tripathi,Male,38,R&D,Research Engineer,L1,Dr. Meera Krishnan,Kolkata,West Bengal,High School,Permanent,Office,10-Jul-24,2024,7,2,valid,10.7,"₹ 15,40,000",1540000,Valid,"₹ 92,400",2,No,,88.1,valid,22,17,29,Active,No,,mohittripathi.emp0688@examplecorp.in,-6920858876,26-Aug-26
EMP0689,Isha Kumar,Female,33,Sales,Business Development Executive,L2,Neha Kapoor,Ahmedabad,Gujarat,High School,Permanent,Remote,18-Jun-20,2020,6,6,valid,7.6,"₹ 8,75,000",875000,Valid,"₹ 1,48,750",3,No,,91.2,valid,10,48,46.5,Active,No,,ishakumar.emp0689@examplecorp.in,-7158834251,26-Aug-26
EMP0690,Sakshi Chandra,Female,34,Legal,Legal Manager,L5,Ananya Rao,Pune,Maharashtra,MBA,Contract,Remote,25-Dec-22,2022,12,3,valid,10,"₹ 21,25,000",2125000,Valid,"₹ 1,91,250",1,No,,90.7,valid,10,35,26.8,Active,No,,sakshichandra.emp0690@examplecorp.in,-9516170156,26-Aug-26
EMP0691,Pranav Iyer,Male,35,Operations,Operations Supervisor,L1,Sanjay Verma,Coimbatore,Tamil Nadu,MBA,Permanent,Hybrid,26-Feb-25,2025,2,1,valid,9.8,"₹ 8,40,000",840000,Valid,"₹ 1,59,600",3,No,02-Jul-26,78,valid,12,47,33.4,Active,No,,pranaviyer.emp0691@examplecorp.in,-9468090048,26-Aug-26
EMP0692,Riya Nair,Female,29,IT,IT Manager,L5,Arjun Mehta,Delhi,Delhi,Diploma,Permanent,Hybrid,08-May-20,2020,5,6,valid,7.6,"₹ 14,05,000",1405000,Valid,"₹ 70,250",4,Yes,07-Aug-23,85.1,valid,24,90,25.6,Active,No,,riyanair.emp0692@examplecorp.in,-8286576870,26-Aug-26
EMP0693,Ananya Kumar,Female,44,Finance,Tax Specialist,L1,Vikram Shah,Delhi,Delhi,Master's,Permanent,Remote,16-Apr-20,2020,4,6,valid,16.8,"₹ 7,50,000",750000,Valid,"₹ 52,500",4,Yes,26-Oct-21,89.1,valid,22,44,5.9,Active,No,,ananyakumar.emp0693@examplecorp.in,-7293428749,26-Aug-26
EMP0694,Divya Banerjee,Female,39,Finance,Tax Specialist,L2,Vikram Shah,Delhi,Delhi,Master's,Permanent,Office,13-Sep-21,2021,9,4,valid,11.4,"₹ 9,95,000",995000,Valid,"₹ 49,750",5,Yes,07-Jun-25,94.6,valid,3,29,3,Active,No,,divyabanerjee.emp0694@examplecorp.in,-8813519614,26-Aug-26
EMP0695,Yash Jain,Male,29,IT,IT Manager,L5,Arjun Mehta,Mumbai,Maharashtra,Bachelor's,Permanent,Hybrid,11-Jul-22,2022,7,4,valid,5.5,"₹ 18,20,000",1820000,Valid,"₹ 3,27,600",4,Yes,,87,valid,29,45,27,Active,No,,yashjain.emp0695@examplecorp.in,-6596557204,26-Aug-26
EMP0696,Varun Khan,Male,30,Marketing,Marketing Executive,L1,Rahul Iyer,Kolkata,West Bengal,Bachelor's,Permanent,Hybrid,12-Jul-25,2025,7,1,valid,3.3,"₹ 5,05,000",505000,Valid,"₹ 45,450",3,No,,99.3,valid,15,44,18.5,Active,No,,varunkhan.emp0696@examplecorp.in,-7274396297,26-Aug-26
EMP0697,Varun Iyer,Male,29,R&D,Product Researcher,L2,Dr. Meera Krishnan,Ahmedabad,Gujarat,Diploma,Permanent,Hybrid,04-Jun-19,2019,6,7,valid,8.1,"₹ 13,45,000",1345000,Valid,"₹ 2,28,650",4,Yes,,95.2,valid,12,46,22.4,Active,No,,varuniyer.emp0697@examplecorp.in,-7783492736,26-Aug-26
EMP0698,Nandini Banerjee,Female,33,Sales,Sales Executive,L2,Neha Kapoor,Noida,Uttar Pradesh,PhD,Permanent,Office,28-Jan-26,2026,1,0,valid,9.3,"₹ 7,90,000",790000,Valid,"₹ 39,500",3,No,,78.3,valid,24,63,8.1,Active,No,,nandinibanerjee.emp0698@examplecorp.in,-8989426242,26-Aug-26
EMP0699,Nikhil Srinivasan,Male,34,IT,Software Engineer,L1,Arjun Mehta,Pune,Maharashtra,Bachelor's,Permanent,Remote,10-Jun-22,2022,6,4,valid,7.7,"₹ 12,15,000",1215000,Valid,"₹ 2,30,850",4,Yes,02-Jun-26,97.9,valid,14,42,5.5,Active,No,,nikhilsrinivasan.emp0699@examplecorp.in,-9213977116,26-Aug-26
EMP0700,Arnav Desai,Male,35,Legal,Contract Specialist,L2,Ananya Rao,Pune,Maharashtra,Diploma,Permanent,Office,02-May-25,2025,5,1,valid,8.7,"₹ 9,85,000",985000,Valid,"₹ 98,500",4,Yes,,76.2,valid,26,75,37.9,Active,No,,arnavdesai.emp0700@examplecorp.in,-8327518117,26-Aug-26
EMP0701,Pranav Shah,Male,30,Sales,Key Account Manager,L5,Neha Kapoor,Mumbai,Maharashtra,MBA,Permanent,Hybrid,30-Jun-21,2021,6,5,valid,6.4,"₹ 12,65,000",1265000,Valid,"₹ 2,40,350",5,Yes,,91.7,valid,30,62,55.5,Active,No,,pranavshah.emp0701@examplecorp.in,-9376703440,26-Aug-26
EMP0702,Tanvi Kapoor,Female,33,Legal,Corporate Counsel,L4,Ananya Rao,Bangalore,Karnataka,Master's,Permanent,Hybrid,04-Feb-21,2021,2,5,valid,9.3,"₹ 14,85,000",1485000,Valid,"₹ 2,97,000",4,Yes,15-Jan-24,96.3,valid,1,32,23.3,Active,No,,tanvikapoor.emp0702@examplecorp.in,-7482990647,26-Aug-26
EMP0703,Bhavna Rao,Female,33,IT,Senior Software Engineer,L3,Arjun Mehta,Pune,Maharashtra,High School,Permanent,Remote,28-Apr-22,2022,4,4,valid,9,"₹ 14,45,000",1445000,Valid,"₹ 1,73,400",5,Yes,24-May-25,92.3,valid,16,23,54.4,Active,No,,bhavnarao.emp0703@examplecorp.in,-6248145128,26-Aug-26
EMP0704,Pooja Desai,Female,36,IT,Systems Administrator,L2,Arjun Mehta,Coimbatore,Tamil Nadu,Bachelor's,Permanent,Remote,24-Jul-24,2024,7,2,valid,10.6,"₹ 8,40,000",840000,Valid,"₹ 1,00,800",5,Yes,14-Aug-26,83.4,valid,20,37,37.8,Active,No,,poojadesai.emp0704@examplecorp.in,-8124118513,26-Aug-26
EMP0705,Ananya Das,Female,28,Admin,Administration Manager,L1,Kavita Joshi,Pune,Maharashtra,Master's,Intern,Hybrid,09-Mar-26,2026,3,0,valid,0.9,"₹ 3,50,000",350000,Valid,"₹ 38,500",3,No,,82.6,valid,16,36,34.8,Active,No,,ananyadas.emp0705@examplecorp.in,-6170938224,26-Aug-26
EMP0706,Varun Jain,Male,30,R&D,Research Engineer,L2,Dr. Meera Krishnan,Bangalore,Karnataka,Diploma,Contract,Hybrid,20-Dec-24,2024,12,1,valid,2.6,"₹ 13,40,000",1340000,Valid,"₹ 80,400",5,No,,77.1,valid,10,20,39.7,Active,No,,varunjain.emp0706@examplecorp.in,-7843663743,26-Aug-26
EMP0707,Akash Jain,Male,40,Legal,Legal Executive,L2,Ananya Rao,Ahmedabad,Gujarat,MBA,Permanent,Hybrid,30-Oct-19,2019,10,6,valid,11.6,"₹ 8,50,000",850000,Valid,"₹ 93,500",4,No,24-Jul-26,94.7,valid,15,98,22.8,Active,No,,akashjain.emp0707@examplecorp.in,-9371203490,26-Aug-26
EMP0708,Aditi Tripathi,Female,41,IT,Software Engineer,L1,Arjun Mehta,Kolkata,West Bengal,PhD,Contract,Hybrid,23-Feb-22,2022,2,4,valid,15.4,"₹ 8,05,000",805000,Valid,"₹ 1,12,700",4,No,,98,valid,8,36,35.8,Active,No,,adititripathi.emp0708@examplecorp.in,-6329460239,26-Aug-26
EMP0709,Suresh Iyer,Male,39,Marketing,Digital Marketing Specialist,L2,Rahul Iyer,Bangalore,Karnataka,High School,Permanent,Hybrid,06-Oct-24,2024,10,1,valid,11.7,"₹ 9,90,000",990000,Valid,"₹ 1,48,500",3,No,,85.4,valid,24,75,39.3,Active,No,,sureshiyer.emp0709@examplecorp.in,-6694159345,26-Aug-26
EMP0710,Shreya Varma,Female,32,HR,HR Business Partner,L3,Priya Nair,Hyderabad,Telangana,High School,Contract,Hybrid,03-Dec-21,2021,12,4,valid,9.8,"₹ 11,85,000",1185000,Valid,"₹ 94,800",4,No,,80.5,valid,18,40,20.4,Active,No,,shreyavarma.emp0710@examplecorp.in,-8392347388,26-Aug-26
EMP0711,Ananya Tripathi,Female,35,HR,HR Executive,L1,Priya Nair,Delhi,Delhi,PhD,Permanent,Office,30-Nov-19,2019,11,6,valid,9.1,"₹ 4,75,000",475000,Valid,"₹ 42,750",4,Yes,,90.7,valid,27,31,24.1,Active,No,,ananyatripathi.emp0711@examplecorp.in,-7346005264,26-Aug-26
EMP0712,Aman Desai,Male,34,R&D,R&D Manager,L5,Dr. Meera Krishnan,Kolkata,West Bengal,Diploma,Permanent,Hybrid,17-Mar-21,2021,3,5,valid,8.7,"₹ 20,80,000",2080000,Valid,"₹ 2,91,200",2,No,,80.1,valid,28,78,44.9,Active,No,,amandesai.emp0712@examplecorp.in,-6754682018,26-Aug-26
EMP0713,Ananya Desai,Female,25,Sales,Business Development Executive,L2,Neha Kapoor,Mumbai,Maharashtra,High School,Permanent,Hybrid,15-Mar-26,2026,3,0,valid,0.3,"₹ 6,70,000",670000,Valid,"₹ 53,600",3,No,,85.5,valid,10,71,21.7,Active,No,,ananyadesai.emp0713@examplecorp.in,-8420211693,26-Aug-26
EMP0714,Aditi Gupta,Female,39,Sales,Sales Executive,L1,Neha Kapoor,Pune,Maharashtra,Master's,Contract,Remote,22-Dec-24,2024,12,1,valid,11.7,"₹ 4,70,000",470000,Valid,"₹ 75,200",2,No,,78,valid,1,8,44.3,Active,No,,aditigupta.emp0714@examplecorp.in,-8815348901,26-Aug-26
EMP0715,Nikhil Nair,Male,34,Operations,Operations Manager,L4,Sanjay Verma,Ahmedabad,Gujarat,Diploma,Permanent,Hybrid,29-Oct-22,2022,10,3,valid,11.5,"₹ 18,10,000",1810000,Valid,"₹ 3,07,700",3,No,,80.6,valid,5,79,21.3,Active,No,,nikhilnair.emp0715@examplecorp.in,-8770473282,26-Aug-26
EMP0716,Suresh Shah,Male,25,Legal,Contract Specialist,L2,Ananya Rao,Delhi,Delhi,High School,Contract,Hybrid,24-Aug-24,2024,8,2,valid,2.5,"₹ 8,80,000",880000,Valid,"₹ 61,600",4,No,,82.8,valid,18,7,6.1,Active,No,,sureshshah.emp0716@examplecorp.in,-6684366604,26-Aug-26
EMP0717,Nikhil Das,Male,28,Admin,Office Administrator,L1,Kavita Joshi,Pune,Maharashtra,High School,Intern,Remote,09-Apr-26,2026,4,0,valid,1.4,"₹ 2,50,000",250000,Valid,"₹ 47,500",4,No,,84.9,valid,6,42,26.3,Active,No,,nikhildas.emp0717@examplecorp.in,-7887192232,26-Aug-26
EMP0718,Saurabh Menon,Male,34,Legal,Compliance Analyst,L1,Ananya Rao,Mumbai,Maharashtra,Diploma,Permanent,Office,14-Jun-22,2022,6,4,valid,7.3,"₹ 8,90,000",890000,Valid,"₹ 53,400",5,Yes,,99.3,valid,25,31,8.8,Resigned,Yes,Compensation,saurabhmenon.emp0718@examplecorp.in,-8432979751,26-Aug-26
EMP0719,Nikhil Banerjee,Male,35,Finance,Financial Analyst,L1,Vikram Shah,Coimbatore,Tamil Nadu,Diploma,Permanent,Hybrid,14-Feb-22,2022,2,4,valid,7.5,"₹ 8,30,000",830000,Valid,"₹ 1,57,700",3,No,,90.4,valid,24,83,22.7,Resigned,Yes,Personal Reasons,nikhilbanerjee.emp0719@examplecorp.in,-6165004434,26-Aug-26
EMP0720,Swati Nair,Female,39,Finance,Internal Auditor,L2,Vikram Shah,Pune,Maharashtra,Bachelor's,Permanent,Remote,22-Apr-19,2019,4,7,valid,12.3,"₹ 9,30,000",930000,Valid,"₹ 1,11,600",3,No,,78,valid,21,87,2,Resigned,Yes,Better Career Opportunity,swatinair.emp0720@examplecorp.in,-8570205475,26-Aug-26
EMP0721,Aditi Shah,Female,39,Marketing,Digital Marketing Specialist,L2,Rahul Iyer,Coimbatore,Tamil Nadu,Diploma,Permanent,Hybrid,15-Feb-21,2021,2,5,valid,12.3,"₹ 9,00,000",900000,Valid,"₹ 1,44,000",3,No,,85.9,valid,19,21,25.1,Active,No,,aditishah.emp0721@examplecorp.in,-7466419255,26-Aug-26
EMP0722,Ashish Roy,Male,32,Marketing,Digital Marketing Specialist,L1,Rahul Iyer,Noida,Uttar Pradesh,PhD,Contract,Remote,10-Aug-21,2021,8,5,valid,9.9,"₹ 5,05,000",505000,Valid,"₹ 40,400",4,No,,80.5,valid,14,52,2.6,Active,No,,ashishroy.emp0722@examplecorp.in,-8629259845,26-Aug-26
EMP0723,Arnav Singh,Male,41,Customer Support,Customer Support Executive,L1,Rohit Bhatia,Chennai,Tamil Nadu,High School,Permanent,Hybrid,19-Jul-18,2018,7,8,valid,15,"₹ 4,05,000",405000,Valid,"₹ 48,600",3,No,,80,valid,10,29,43.6,Active,No,,arnavsingh.emp0723@examplecorp.in,-9340321086,26-Aug-26
EMP0724,Priyanka Kapoor,Female,37,Finance,Financial Analyst,L2,Vikram Shah,Noida,Uttar Pradesh,PhD,Permanent,Remote,06-May-23,2023,5,3,valid,13.4,"₹ 12,40,000",1240000,Valid,"₹ 1,98,400",3,No,,79,valid,25,95,10.9,Active,No,,priyankakapoor.emp0724@examplecorp.in,-8587725360,26-Aug-26
EMP0725,Priyanka Menon,Female,36,Customer Support,Technical Support Specialist,L1,Rohit Bhatia,Pune,Maharashtra,Master's,Permanent,Hybrid,14-Feb-19,2019,2,7,valid,9.8,"₹ 5,70,000",570000,Valid,"₹ 85,500",5,Yes,,80.4,valid,28,79,13.9,Resigned,Yes,Higher Education,priyankamenon.emp0725@examplecorp.in,-7771704347,26-Aug-26
EMP0726,Varun Sharma,Male,33,Operations,Operations Supervisor,L1,Sanjay Verma,Mumbai,Maharashtra,Diploma,Permanent,Hybrid,24-May-20,2020,5,6,valid,8.1,"₹ 11,00,000",1100000,Valid,"₹ 1,32,000",2,No,,81.5,valid,23,94,53.1,Active,No,,varunsharma.emp0726@examplecorp.in,-7822991565,26-Aug-26
EMP0727,Deepa Rao,Female,35,Legal,Corporate Counsel,L5,Ananya Rao,Hyderabad,Telangana,Diploma,Permanent,Hybrid,04-Feb-22,2022,2,4,valid,12.7,"₹ 18,80,000",1880000,Valid,"₹ 2,06,800",3,No,,82.6,valid,17,38,20.5,Resigned,Yes,Better Career Opportunity,deeparao.emp0727@examplecorp.in,-9568445955,26-Aug-26
EMP0728,Swati Agarwal,Female,36,Marketing,Digital Marketing Specialist,L1,Rahul Iyer,Chennai,Tamil Nadu,Master's,Permanent,Hybrid,24-Mar-19,2019,3,7,valid,11.4,"₹ 6,70,000",670000,Valid,"₹ 1,27,300",2,No,,90.1,valid,1,52,1.2,Active,No,,swatiagarwal.emp0728@examplecorp.in,-8545718135,26-Aug-26
EMP0729,Riya Chatterjee,Female,37,HR,Talent Acquisition Specialist,L2,Priya Nair,Mumbai,Maharashtra,High School,Permanent,Hybrid,16-Feb-19,2019,2,7,valid,15,"₹ 5,60,000",560000,Valid,"₹ 95,200",3,No,,98.9,valid,1,72,15.9,Active,No,,riyachatterjee.emp0729@examplecorp.in,-9226823696,26-Aug-26
EMP0730,Sneha Shah,Female,29,Admin,Executive Assistant,L2,Kavita Joshi,Coimbatore,Tamil Nadu,Bachelor's,Permanent,Hybrid,30-May-26,2026,5,0,valid,5.6,"₹ 6,05,000",605000,Valid,"₹ 60,500",2,No,,96.1,valid,26,20,43,Active,No,,snehashah.emp0730@examplecorp.in,-6659103680,26-Aug-26
EMP0731,Ravi Desai,Male,35,Operations,Supply Chain Analyst,L1,Sanjay Verma,Bangalore,Karnataka,PhD,Permanent,Hybrid,17-Dec-20,2020,12,5,valid,13.2,"₹ 7,70,000",770000,Valid,"₹ 1,00,100",3,No,,79.4,valid,4,98,69.4,Active,No,,ravidesai.emp0731@examplecorp.in,-6964605521,26-Aug-26
EMP0732,Suresh Chatterjee,Male,28,Operations,Operations Supervisor,L1,Sanjay Verma,Coimbatore,Tamil Nadu,High School,Intern,Office,10-Feb-26,2026,2,0,valid,1.1,"₹ 3,45,000",345000,Valid,"₹ 20,700",5,No,,90.2,valid,13,45,66.3,Active,No,,sureshchatterjee.emp0732@examplecorp.in,-7684732196,26-Aug-26
EMP0733,Akash Nair,Male,25,Marketing,Marketing Executive,L2,Rahul Iyer,Coimbatore,Tamil Nadu,Diploma,Permanent,Hybrid,26-Oct-24,2024,10,1,valid,3.6,"₹ 5,10,000",510000,Valid,"₹ 86,700",2,No,31-Jan-26,94.1,valid,27,89,28.5,Resigned,Yes,Relocation,akashnair.emp0733@examplecorp.in,-6642513403,26-Aug-26
EMP0734,Neha Jain,Female,32,Finance,Internal Auditor,L2,Vikram Shah,Noida,Uttar Pradesh,Master's,Permanent,Office,07-Nov-20,2020,11,5,valid,8,"₹ 8,05,000",805000,Valid,"₹ 1,12,700",4,Yes,21-Mar-22,87.8,valid,1,46,17.9,Active,No,,nehajain.emp0734@examplecorp.in,-7345036143,26-Aug-26
EMP0735,Sneha Chatterjee,Female,32,Marketing,Content Strategist,L2,Rahul Iyer,Hyderabad,Telangana,Master's,Contract,Hybrid,13-Feb-21,2021,2,5,valid,5.7,"₹ 7,70,000",770000,Valid,"₹ 1,23,200",3,No,,96.5,valid,1,32,32.2,Resigned,Yes,Higher Education,snehachatterjee.emp0735@examplecorp.in,-9747093005,26-Aug-26
EMP0736,Sakshi Srinivasan,Female,39,Admin,Executive Assistant,L1,Kavita Joshi,Coimbatore,Tamil Nadu,Diploma,Permanent,Office,08-Jul-22,2022,7,4,valid,15.8,"₹ 8,85,000",885000,Valid,"₹ 79,650",2,No,,76.3,valid,30,73,15.4,Active,No,,sakshisrinivasan.emp0736@examplecorp.in,-9403249124,26-Aug-26
EMP0737,Pallavi Rao,Female,36,Admin,Facilities Executive,L1,Kavita Joshi,Hyderabad,Telangana,MBA,Permanent,Office,04-Feb-18,2018,2,8,valid,10,"₹ 3,95,000",395000,Valid,"₹ 51,350",5,Yes,,81.1,valid,8,44,20.2,Resigned,Yes,Better Career Opportunity,pallavirao.emp0737@examplecorp.in,-6269438908,26-Aug-26
EMP0738,Akash Gupta,Male,42,Finance,Internal Auditor,L2,Vikram Shah,Kolkata,West Bengal,MBA,Permanent,Hybrid,06-Mar-20,2020,3,6,valid,17.9,"₹ 10,80,000",1080000,Valid,"₹ 1,51,200",3,No,,78.5,valid,7,33,3.6,Active,No,,akashgupta.emp0738@examplecorp.in,-8242954058,26-Aug-26
EMP0739,Sakshi Singh,Female,28,Legal,Compliance Analyst,L1,Ananya Rao,Mumbai,Maharashtra,Master's,Intern,Hybrid,06-Aug-26,2026,8,0,valid,0.4,"₹ 2,45,000",245000,Valid,"₹ 26,950",3,No,,75.6,valid,18,52,40.5,On Notice,No,,sakshisingh.emp0739@examplecorp.in,-9335776697,26-Aug-26
EMP0740,Nikhil Nair,Male,33,Sales,Sales Manager,L5,Neha Kapoor,Delhi,Delhi,Master's,Contract,Remote,10-Jan-24,2024,1,2,valid,5.8,"₹ 14,90,000",1490000,Valid,"₹ 2,08,600",4,No,,90.3,valid,6,29,52.7,Active,No,,nikhilnair.emp0740@examplecorp.in,-7818626904,26-Aug-26
EMP0741,Ankit Kapoor,Male,26,Finance,Internal Auditor,L1,Vikram Shah,Noida,Uttar Pradesh,High School,Permanent,Hybrid,19-Jan-26,2026,1,0,valid,2.3,"₹ 11,15,000",1115000,Valid,"₹ 1,00,350",3,No,,93.3,valid,8,94,40.4,Active,No,,ankitkapoor.emp0741@examplecorp.in,-6390965453,26-Aug-26
EMP0742,Rajesh Das,Male,32,Admin,Administration Manager,L5,Kavita Joshi,Hyderabad,Telangana,Bachelor's,Permanent,Hybrid,07-Nov-23,2023,11,2,valid,10.6,"₹ 11,15,000",1115000,Valid,"₹ 1,11,500",4,Yes,16-May-25,79,valid,2,92,16.5,Active,No,,rajeshdas.emp0742@examplecorp.in,-6987478614,26-Aug-26
EMP0743,Aisha Desai,Female,37,Admin,Administration Manager,L5,Kavita Joshi,Bangalore,Karnataka,MBA,Permanent,Hybrid,10-Jun-21,2021,6,5,valid,9.8,"₹ 13,50,000",1350000,Valid,"₹ 1,08,000",2,No,,90.5,valid,20,74,26.4,Resigned,Yes,Personal Reasons,aishadesai.emp0743@examplecorp.in,-6621171254,26-Aug-26
EMP0744,Akash Roy,Male,31,Finance,Tax Specialist,L1,Vikram Shah,Mumbai,Maharashtra,MBA,Permanent,Hybrid,21-Apr-26,2026,4,0,valid,8.2,"₹ 8,85,000",885000,Valid,"₹ 1,15,050",5,No,,78.5,valid,29,26,33.3,Resigned,Yes,Work-Life Balance,akashroy.emp0744@examplecorp.in,-8707853915,26-Aug-26
EMP0745,Suresh Desai,Male,34,HR,HR Business Partner,L3,Priya Nair,Ahmedabad,Gujarat,High School,Permanent,Office,06-May-26,2026,5,0,valid,8.8,"₹ 12,40,000",1240000,Valid,"₹ 1,73,600",3,No,,82.4,valid,24,69,16.2,Resigned,Yes,Performance Separation,sureshdesai.emp0745@examplecorp.in,-6300371008,26-Aug-26
EMP0746,Deepa Jain,Female,27,R&D,Research Engineer,L2,Dr. Meera Krishnan,Chennai,Tamil Nadu,PhD,Permanent,Hybrid,02-Sep-25,2025,9,1,valid,1.7,"₹ 16,00,000",1600000,Valid,"₹ 2,56,000",2,No,,94.6,valid,19,51,27.7,Active,No,,deepajain.emp0746@examplecorp.in,-9657990599,26-Aug-26
EMP0747,Yash Srinivasan,Male,33,Sales,Business Development Executive,L1,Neha Kapoor,Noida,Uttar Pradesh,MBA,Permanent,Hybrid,25-May-26,2026,5,0,valid,5.8,"₹ 6,35,000",635000,Valid,"₹ 1,07,950",2,No,,96.7,valid,13,80,21,Resigned,Yes,Work-Life Balance,yashsrinivasan.emp0747@examplecorp.in,-6325761021,26-Aug-26
EMP0748,Ankit Patel,Male,46,IT,Data Analyst,L2,Arjun Mehta,Coimbatore,Tamil Nadu,High School,Permanent,Hybrid,09-Jun-19,2019,6,7,valid,18.9,"₹ 8,45,000",845000,Valid,"₹ 50,700",3,No,,99.9,valid,28,67,31.3,Active,No,,ankitpatel.emp0748@examplecorp.in,-7875958398,26-Aug-26
EMP0749,Deepa Roy,Female,33,Legal,Contract Specialist,L1,Ananya Rao,Delhi,Delhi,PhD,Contract,Hybrid,22-Feb-24,2024,2,2,valid,5.6,"₹ 9,05,000",905000,Valid,"₹ 1,35,750",3,No,,77.5,valid,3,26,17,Active,No,,deeparoy.emp0749@examplecorp.in,-6175450997,26-Aug-26
EMP0750,Akanksha Tripathi,Female,36,Finance,Financial Analyst,L1,Vikram Shah,Bangalore,Karnataka,Diploma,Contract,Hybrid,22-Jul-21,2021,7,5,valid,13.1,"₹ 5,85,000",585000,Valid,"₹ 52,650",4,No,,93.2,valid,8,55,11.8,Resigned,Yes,Higher Education,akankshatripathi.emp0750@examplecorp.in,-9670076712,26-Aug-26
EMP0751,Vivek Tripathi,Male,43,Finance,Finance Manager,L5,Vikram Shah,Mumbai,Maharashtra,Bachelor's,Permanent,Remote,19-May-18,2018,5,8,valid,16.6,"₹ 14,30,000",1430000,Valid,"₹ 2,28,800",4,Yes,29-Dec-24,82.2,valid,10,23,32.8,Active,No,,vivektripathi.emp0751@examplecorp.in,-8634627051,26-Aug-26
EMP0752,Karan Bose,Male,26,Operations,Process Excellence Analyst,L1,Sanjay Verma,Noida,Uttar Pradesh,Diploma,Intern,Office,08-Jul-26,2026,7,0,valid,1.2,"₹ 3,65,000",365000,Valid,"₹ 18,250",5,No,,81.3,valid,0,37,48.3,Active,No,,karanbose.emp0752@examplecorp.in,-6654167872,26-Aug-26
EMP0753,Nandini Sharma,Female,32,Customer Support,Customer Success Manager,L5,Rohit Bhatia,Coimbatore,Tamil Nadu,High School,Permanent,Hybrid,05-Nov-23,2023,11,2,valid,7.5,"₹ 12,95,000",1295000,Valid,"₹ 1,29,500",4,Yes,15-Feb-26,75.9,valid,1,37,11,Active,No,,nandinisharma.emp0753@examplecorp.in,-8663848221,26-Aug-26
EMP0754,Vivek Iyer,Male,33,IT,IT Manager,L5,Arjun Mehta,Hyderabad,Telangana,Diploma,Permanent,Hybrid,28-Jan-20,2020,1,6,valid,9.3,"₹ 20,10,000",2010000,Valid,"₹ 3,81,900",4,Yes,24-Sep-25,94.7,valid,14,72,43.7,Active,No,,vivekiyer.emp0754@examplecorp.in,-8158366827,26-Aug-26
EMP0755,Arnav Srinivasan,Male,32,Operations,Process Excellence Analyst,L1,Sanjay Verma,Pune,Maharashtra,Bachelor's,Permanent,Office,12-Apr-18,2018,4,8,valid,10.1,"₹ 7,85,000",785000,Valid,"₹ 70,650",4,Yes,,89.6,valid,26,100,68.4,Active,No,,arnavsrinivasan.emp0755@examplecorp.in,-7215835574,26-Aug-26
EMP0756,Simran Khan,Female,46,Operations,Operations Executive,L1,Sanjay Verma,Ahmedabad,Gujarat,MBA,Permanent,Office,11-Mar-18,2018,3,8,valid,20,"₹ 5,00,000",500000,Valid,"₹ 65,000",3,No,29-Jul-19,93.2,valid,11,72,30.4,Active,No,,simrankhan.emp0756@examplecorp.in,-6947358167,26-Aug-26
EMP0757,Amit Rao,Male,43,Admin,Administration Manager,L5,Kavita Joshi,Coimbatore,Tamil Nadu,Diploma,Permanent,Office,16-Feb-21,2021,2,5,valid,15.4,"₹ 13,75,000",1375000,Valid,"₹ 1,78,750",4,Yes,,82,valid,16,88,21.2,Resigned,Yes,Better Career Opportunity,amitrao.emp0757@examplecorp.in,-9752014801,26-Aug-26
EMP0758,Komal Reddy,Female,28,Marketing,Content Strategist,L1,Rahul Iyer,Hyderabad,Telangana,High School,Intern,Hybrid,18-Dec-25,2025,12,0,valid,1.1,"₹ 2,70,000",270000,Valid,"₹ 51,300",4,No,,91,valid,2,28,14.3,Active,No,,komalreddy.emp0758@examplecorp.in,-7995112956,26-Aug-26
EMP0759,Siddharth Das,Male,36,Legal,Compliance Analyst,L1,Ananya Rao,Ahmedabad,Gujarat,Master's,Contract,Hybrid,27-Oct-25,2025,10,0,valid,11.9,"₹ 5,55,000",555000,Valid,"₹ 49,950",3,No,,77.3,valid,5,10,37.6,On Notice,No,,siddharthdas.emp0759@examplecorp.in,-9893342574,26-Aug-26
EMP0760,Aisha Nair,Female,39,Sales,Sales Manager,L5,Neha Kapoor,Kolkata,West Bengal,PhD,Contract,Hybrid,01-Mar-18,2018,3,8,valid,14.6,"₹ 13,00,000",1300000,Valid,"₹ 1,95,000",4,No,,86,valid,2,13,51.1,Active,No,,aishanair.emp0760@examplecorp.in,-9124422022,26-Aug-26
EMP0761,Vaishnavi Mishra,Female,33,Customer Support,Support Team Lead,L3,Rohit Bhatia,Kolkata,West Bengal,PhD,Contract,Hybrid,26-Nov-23,2023,11,2,valid,9.6,"₹ 5,55,000",555000,Valid,"₹ 77,700",4,No,,99,valid,8,4,65.9,Active,No,,vaishnavimishra.emp0761@examplecorp.in,-8823762744,26-Aug-26
EMP0762,Aadhya Chatterjee,Female,36,Finance,Internal Auditor,L1,Vikram Shah,Bangalore,Karnataka,Diploma,Permanent,Hybrid,22-Sep-19,2019,9,6,valid,10.9,"₹ 7,35,000",735000,Valid,"₹ 80,850",5,Yes,,90.9,valid,26,91,28.6,Active,No,,aadhyachatterjee.emp0762@examplecorp.in,-7306554907,26-Aug-26
EMP0763,Tanvi Jain,Female,36,IT,Systems Administrator,L1,Arjun Mehta,Chennai,Tamil Nadu,Bachelor's,Permanent,Hybrid,02-Jun-23,2023,6,3,valid,12.3,"₹ 10,15,000",1015000,Valid,"₹ 91,350",3,No,,79.1,valid,7,63,50.9,Active,No,,tanvijain.emp0763@examplecorp.in,-9783036478,26-Aug-26
EMP0764,Aditya Bose,Male,24,Admin,Administration Manager,L5,Kavita Joshi,Chennai,Tamil Nadu,Bachelor's,Permanent,Hybrid,22-Jul-26,2026,7,0,valid,3.3,"₹ 10,45,000",1045000,Valid,"₹ 1,25,400",4,No,,82.3,valid,25,51,4,Active,No,,adityabose.emp0764@examplecorp.in,-9370068961,26-Aug-26
EMP0765,Shivam Shah,Male,30,HR,HR Manager,L5,Priya Nair,Mumbai,Maharashtra,Master's,Permanent,Office,05-Sep-24,2024,9,2,valid,7.5,"₹ 12,50,000",1250000,Valid,"₹ 1,50,000",4,Yes,,86.2,valid,2,57,0.4,Active,No,,shivamshah.emp0765@examplecorp.in,-6644061074,26-Aug-26
EMP0766,Sneha Desai,Female,27,Customer Support,Technical Support Specialist,L1,Rohit Bhatia,Hyderabad,Telangana,Diploma,Permanent,Hybrid,20-May-24,2024,5,2,valid,5.4,"₹ 6,05,000",605000,Valid,"₹ 42,350",5,Yes,15-Feb-26,79.6,valid,25,13,62.1,Active,No,,snehadesai.emp0766@examplecorp.in,-8816829410,26-Aug-26
EMP0767,Nikhil Mishra,Male,31,HR,Learning & Development Specialist,L2,Priya Nair,Noida,Uttar Pradesh,MBA,Permanent,Hybrid,20-Aug-19,2019,8,7,valid,7.8,"₹ 5,60,000",560000,Valid,"₹ 1,00,800",4,No,20-Dec-22,99.4,valid,9,69,43.6,Active,No,,nikhilmishra.emp0767@examplecorp.in,-8346027643,26-Aug-26
EMP0768,Akash Kumar,Male,36,Marketing,Marketing Manager,L5,Rahul Iyer,Mumbai,Maharashtra,High School,Contract,Remote,29-Jul-26,2026,7,0,valid,10.2,"₹ 15,55,000",1555000,Valid,"₹ 1,55,500",5,No,,92.6,valid,2,40,5.4,Active,No,,akashkumar.emp0768@examplecorp.in,-9377092019,26-Aug-26
EMP0769,Aditya Kumar,Male,37,HR,Talent Acquisition Specialist,L2,Priya Nair,Delhi,Delhi,PhD,Permanent,Office,13-Dec-20,2020,12,5,valid,9.2,"₹ 4,50,000",450000,Valid,"₹ 81,000",4,Yes,05-Aug-23,77.9,valid,25,18,32.6,Active,No,,adityakumar.emp0769@examplecorp.in,-7718995557,26-Aug-26
EMP0770,Aman Roy,Male,40,IT,Data Analyst,L1,Arjun Mehta,Pune,Maharashtra,Master's,Permanent,Office,22-Mar-18,2018,3,8,valid,11.6,"₹ 8,00,000",800000,Valid,"₹ 1,04,000",5,Yes,11-Apr-26,84.8,valid,21,37,3,Active,No,,amanroy.emp0770@examplecorp.in,-7778263807,26-Aug-26
EMP0771,Gaurav Reddy,Male,37,Sales,Sales Executive,L2,Neha Kapoor,Mumbai,Maharashtra,Diploma,Permanent,Office,15-Nov-22,2022,11,3,valid,14.5,"₹ 5,25,000",525000,Valid,"₹ 57,750",3,No,,79.5,valid,11,49,70,Active,No,,gauravreddy.emp0771@examplecorp.in,-9395906022,26-Aug-26
EMP0772,Varun Srinivasan,Male,33,Operations,Supply Chain Analyst,L1,Sanjay Verma,Pune,Maharashtra,High School,Permanent,Hybrid,28-Nov-21,2021,11,4,valid,11.7,"₹ 7,55,000",755000,Valid,"₹ 83,050",5,Yes,24-Dec-25,85.1,valid,5,26,47.6,Active,No,,varunsrinivasan.emp0772@examplecorp.in,-6130053131,26-Aug-26
EMP0773,Arnav Das,Male,26,Sales,Key Account Manager,L4,Neha Kapoor,Noida,Uttar Pradesh,Diploma,Permanent,Hybrid,13-Mar-26,2026,3,0,valid,0.1,"₹ 13,20,000",1320000,Valid,"₹ 79,200",3,No,,99.2,valid,18,94,61,Active,No,,arnavdas.emp0773@examplecorp.in,-8132568430,26-Aug-26
EMP0774,Akash Tripathi,Male,30,Admin,Office Administrator,L2,Kavita Joshi,Delhi,Delhi,Diploma,Permanent,Hybrid,07-Nov-25,2025,11,0,valid,3,"₹ 5,95,000",595000,Valid,"₹ 65,450",4,No,,95.6,valid,0,30,1,Active,No,,akashtripathi.emp0774@examplecorp.in,-9486327827,26-Aug-26
EMP0775,Komal Mishra,Female,42,Finance,Tax Specialist,L1,Vikram Shah,Hyderabad,Telangana,Diploma,Permanent,Hybrid,05-Sep-19,2019,9,7,valid,14,"₹ 7,95,000",795000,Valid,"₹ 87,450",4,Yes,07-Dec-24,81.5,valid,9,30,8.1,Active,No,,komalmishra.emp0775@examplecorp.in,-6832376067,26-Aug-26
EMP0776,Akash Gupta,Male,34,Customer Support,Technical Support Specialist,L1,Rohit Bhatia,Mumbai,Maharashtra,Diploma,Permanent,Remote,14-Nov-24,2024,11,1,valid,11.6,"₹ 5,80,000",580000,Valid,"₹ 69,600",3,No,,95.6,valid,11,44,68.1,Active,No,,akashgupta.emp0776@examplecorp.in,-7849878897,26-Aug-26
EMP0777,Saurabh Khan,Male,34,Finance,Accountant,L2,Vikram Shah,Noida,Uttar Pradesh,Diploma,Contract,Hybrid,30-Jul-18,2018,7,8,valid,11.5,"₹ 3,90,000",390000,Valid,"₹ 54,600",3,No,,99.6,valid,17,18,41.9,Active,No,,saurabhkhan.emp0777@examplecorp.in,-9772018001,26-Aug-26
EMP0778,Komal Khan,Female,36,Legal,Legal Manager,L5,Ananya Rao,Mumbai,Maharashtra,Bachelor's,Permanent,Remote,08-Mar-21,2021,3,5,valid,10.6,"₹ 20,60,000",2060000,Valid,"₹ 3,70,800",4,Yes,,85.5,valid,2,38,6.2,Resigned,Yes,Higher Education,komalkhan.emp0778@examplecorp.in,-8367630178,26-Aug-26
EMP0779,Harsh Bose,Male,32,Marketing,Digital Marketing Specialist,L2,Rahul Iyer,Kolkata,West Bengal,Bachelor's,Contract,Hybrid,22-Aug-21,2021,8,5,valid,8.8,"₹ 5,45,000",545000,Valid,"₹ 81,750",4,No,,89.1,valid,5,37,39.7,Active,No,,harshbose.emp0779@examplecorp.in,-9119593817,26-Aug-26
EMP0780,Tanvi Chandra,Female,29,Legal,Legal Manager,L4,Ananya Rao,Hyderabad,Telangana,MBA,Contract,Office,26-Mar-21,2021,3,5,valid,6.5,"₹ 14,20,000",1420000,Valid,"₹ 1,70,400",3,No,,86.9,valid,5,15,1.7,Active,No,,tanvichandra.emp0780@examplecorp.in,-8751254730,26-Aug-26
EMP0781,Swati Iyer,Female,32,R&D,R&D Manager,L4,Dr. Meera Krishnan,Coimbatore,Tamil Nadu,Bachelor's,Permanent,Hybrid,02-Mar-26,2026,3,0,valid,4.6,"₹ 16,85,000",1685000,Valid,"₹ 3,37,000",3,No,,82.8,valid,5,82,26,Active,No,,swatiiyer.emp0781@examplecorp.in,-6325252972,26-Aug-26
EMP0782,Ashish Menon,Male,36,IT,Software Engineer,L2,Arjun Mehta,Coimbatore,Tamil Nadu,PhD,Contract,Hybrid,09-Jan-18,2018,1,8,valid,9.1,"₹ 10,95,000",1095000,Valid,"₹ 1,75,200",3,No,,85,valid,8,31,3.9,Active,No,,ashishmenon.emp0782@examplecorp.in,-9619127280,26-Aug-26
EMP0783,Deepak Chandra,Male,24,HR,Talent Acquisition Specialist,L2,Priya Nair,Chennai,Tamil Nadu,MBA,Permanent,Remote,03-Jan-25,2025,1,1,valid,1.4,"₹ 5,60,000",560000,Valid,"₹ 61,600",4,No,,87.8,valid,12,55,7.3,Active,No,,deepakchandra.emp0783@examplecorp.in,-7257950547,26-Aug-26
EMP0784,Nikhil Kumar,Male,36,Finance,Financial Analyst,L2,Vikram Shah,Chennai,Tamil Nadu,PhD,Permanent,Remote,21-May-26,2026,5,0,valid,10.4,"₹ 8,70,000",870000,Valid,"₹ 1,65,300",4,No,,92.7,valid,10,76,18.1,Active,No,,nikhilkumar.emp0784@examplecorp.in,-7311328432,26-Aug-26
EMP0785,Kavya Kumar,Female,37,Customer Support,Customer Support Manager,L4,Rohit Bhatia,Bangalore,Karnataka,PhD,Permanent,Office,08-Jun-23,2023,6,3,valid,12.1,"₹ 15,00,000",1500000,Valid,"₹ 2,70,000",2,No,,77.5,valid,12,18,21.6,Resigned,Yes,Relocation,kavyakumar.emp0785@examplecorp.in,-9560793831,26-Aug-26
EMP0786,Aman Varma,Male,37,Marketing,Marketing Manager,L4,Rahul Iyer,Hyderabad,Telangana,High School,Permanent,Remote,25-Jan-23,2023,1,3,valid,12.3,"₹ 18,30,000",1830000,Valid,"₹ 91,500",3,No,,84.3,valid,3,82,17.8,Resigned,Yes,Compensation,amanvarma.emp0786@examplecorp.in,-6352328972,26-Aug-26
EMP0787,Deepak Khan,Male,35,Sales,Key Account Manager,L5,Neha Kapoor,Pune,Maharashtra,High School,Permanent,Hybrid,29-Jul-23,2023,7,3,valid,11.3,"₹ 11,35,000",1135000,Valid,"₹ 90,800",4,No,21-May-25,99.5,valid,22,38,36,Active,No,,deepakkhan.emp0787@examplecorp.in,-7410867778,26-Aug-26
EMP0788,Ravi Mishra,Male,28,R&D,R&D Manager,L4,Dr. Meera Krishnan,Pune,Maharashtra,Diploma,Permanent,Hybrid,21-Oct-24,2024,10,1,valid,2.9,"₹ 24,00,000",2400000,Valid,"₹ 4,80,000",3,No,,98.3,valid,24,81,18.8,Active,No,,ravimishra.emp0788@examplecorp.in,-6537841553,26-Aug-26
EMP0789,Shivam Tripathi,Male,26,Sales,Business Development Executive,L2,Neha Kapoor,Hyderabad,Telangana,Bachelor's,Permanent,Hybrid,06-Feb-25,2025,2,1,valid,3.1,"₹ 6,10,000",610000,Valid,"₹ 79,300",2,No,,79.3,valid,17,71,26.1,Active,No,,shivamtripathi.emp0789@examplecorp.in,-9535422073,26-Aug-26
EMP0790,Sakshi Varma,Female,39,Marketing,Marketing Manager,L4,Rahul Iyer,Pune,Maharashtra,MBA,Permanent,Hybrid,29-Jul-20,2020,7,6,valid,17.5,"₹ 13,25,000",1325000,Valid,"₹ 1,06,000",2,No,,88,valid,26,86,34.1,Active,No,,sakshivarma.emp0790@examplecorp.in,-7661154863,26-Aug-26
EMP0791,Gaurav Singh,Male,27,IT,Software Engineer,L1,Arjun Mehta,Kolkata,West Bengal,Diploma,Permanent,Office,22-Apr-23,2023,4,3,valid,5.4,"₹ 9,25,000",925000,Valid,"₹ 64,750",3,No,,96.4,valid,28,27,51.5,Active,No,,gauravsingh.emp0791@examplecorp.in,-8626362185,26-Aug-26
EMP0792,Radhika Tripathi,Female,40,Sales,Sales Executive,L1,Neha Kapoor,Delhi,Delhi,Master's,Permanent,Hybrid,21-May-20,2020,5,6,valid,12.3,"₹ 7,65,000",765000,Valid,"₹ 1,30,050",3,No,,85.2,valid,6,79,8.7,Active,No,,radhikatripathi.emp0792@examplecorp.in,-8802526893,26-Aug-26
EMP0793,Nikhil Shah,Male,35,HR,HR Manager,L4,Priya Nair,Delhi,Delhi,Bachelor's,Permanent,Hybrid,04-Jul-20,2020,7,6,valid,8,"₹ 12,95,000",1295000,Valid,"₹ 1,16,550",1,No,,78.3,valid,26,85,0.2,Active,No,,nikhilshah.emp0793@examplecorp.in,-9674917758,26-Aug-26
EMP0794,Deepa Menon,Female,39,Marketing,Digital Marketing Specialist,L1,Rahul Iyer,Ahmedabad,Gujarat,Diploma,Permanent,Hybrid,18-Aug-20,2020,8,6,valid,14.3,"₹ 8,55,000",855000,Valid,"₹ 1,53,900",3,No,,91.4,valid,22,45,37.7,Active,No,,deepamenon.emp0794@examplecorp.in,-9782626829,26-Aug-26
EMP0795,Varun Sharma,Male,39,Admin,Executive Assistant,L1,Kavita Joshi,Chennai,Tamil Nadu,Master's,Permanent,Office,06-Apr-23,2023,4,3,valid,13.7,"₹ 8,40,000",840000,Valid,"₹ 67,200",5,Yes,,77.9,valid,18,87,19.2,Active,No,,varunsharma.emp0795@examplecorp.in,-7614105330,26-Aug-26
EMP0796,Ankit Kumar,Male,26,Customer Support,Customer Support Manager,L5,Rohit Bhatia,Bangalore,Karnataka,Master's,Contract,Remote,15-Jan-24,2024,1,2,valid,2.8,"₹ 9,90,000",990000,Valid,"₹ 1,58,400",3,No,,80.9,valid,11,18,42,Active,No,,ankitkumar.emp0796@examplecorp.in,-6866038518,26-Aug-26
EMP0797,Suresh Agarwal,Male,36,Customer Support,Support Team Lead,L3,Rohit Bhatia,Coimbatore,Tamil Nadu,Bachelor's,Permanent,Hybrid,06-Jun-23,2023,6,3,valid,9.1,"₹ 10,20,000",1020000,Valid,"₹ 71,400",3,No,,98.1,valid,27,71,64.9,Resigned,Yes,Performance Separation,sureshagarwal.emp0797@examplecorp.in,-6792674240,26-Aug-26
EMP0798,Nikhil Shah,Male,37,IT,Software Engineer,L2,Arjun Mehta,Ahmedabad,Gujarat,Diploma,Permanent,Remote,22-Feb-23,2023,2,3,valid,12.9,"₹ 12,50,000",1250000,Valid,"₹ 75,000",4,Yes,,84.7,valid,7,50,5.7,Active,No,,nikhilshah.emp0798@examplecorp.in,-8896841764,26-Aug-26
EMP0799,Simran Bose,Female,35,Finance,Accountant,L1,Vikram Shah,Noida,Uttar Pradesh,Master's,Permanent,Hybrid,04-Oct-19,2019,10,6,valid,8.4,"₹ 4,25,000",425000,Valid,"₹ 29,750",3,No,,96.3,valid,20,70,16.1,Active,No,,simranbose.emp0799@examplecorp.in,-6301630360,26-Aug-26
EMP0800,Rishabh Iyer,Male,30,Sales,Sales Manager,L4,Neha Kapoor,Coimbatore,Tamil Nadu,Bachelor's,Permanent,Remote,27-Oct-23,2023,10,2,valid,5,"₹ 19,35,000",1935000,Valid,"₹ 2,90,250",3,No,14-Feb-26,75.3,valid,21,71,22.7,Resigned,Yes,Relocation,rishabhiyer.emp0800@examplecorp.in,-6690666695,26-Aug-26
EMP0801,Pallavi Reddy,Female,33,Customer Support,Customer Support Executive,L2,Rohit Bhatia,Coimbatore,Tamil Nadu,MBA,Permanent,Remote,20-Jun-22,2022,6,4,valid,8.7,"₹ 5,85,000",585000,Valid,"₹ 81,900",2,No,,93.9,valid,11,53,25.7,Active,No,,pallavireddy.emp0801@examplecorp.in,-6843440635,26-Aug-26
EMP0802,Ananya Reddy,Female,39,HR,Talent Acquisition Specialist,L1,Priya Nair,Coimbatore,Tamil Nadu,PhD,Permanent,Office,22-Feb-21,2021,2,5,valid,10.9,"₹ 6,75,000",675000,Valid,"₹ 47,250",2,No,,92.2,valid,18,33,8.6,Active,No,,ananyareddy.emp0802@examplecorp.in,-9547976024,26-Aug-26
EMP0803,Aditya Desai,Male,28,Sales,Business Development Executive,L2,Neha Kapoor,Bangalore,Karnataka,Bachelor's,Permanent,Hybrid,04-Jul-25,2025,7,1,valid,3.6,"₹ 8,30,000",830000,Valid,"₹ 1,49,400",2,No,,78.2,valid,0,95,56.7,Active,No,,adityadesai.emp0803@examplecorp.in,-6304752146,26-Aug-26
EMP0804,Harsh Menon,Male,37,Customer Support,Customer Success Manager,L4,Rohit Bhatia,Hyderabad,Telangana,Bachelor's,Permanent,Hybrid,17-Feb-18,2018,2,8,valid,12.2,"₹ 9,80,000",980000,Valid,"₹ 1,27,400",3,No,,92.7,valid,1,60,31.7,Active,No,,harshmenon.emp0804@examplecorp.in,-7848593939,26-Aug-26
EMP0805,Simran Patel,Female,35,Customer Support,Customer Success Manager,L5,Rohit Bhatia,Kolkata,West Bengal,Master's,Permanent,Hybrid,31-Aug-25,2025,8,1,valid,9.3,"₹ 9,45,000",945000,Valid,"₹ 1,51,200",3,No,,81.8,valid,13,91,23.1,Active,No,,simranpatel.emp0805@examplecorp.in,-6513112160,26-Aug-26
EMP0806,Harsh Khan,Male,37,Legal,Compliance Analyst,L1,Ananya Rao,Bangalore,Karnataka,High School,Permanent,Hybrid,14-Oct-25,2025,10,0,valid,11.3,"₹ 6,15,000",615000,Valid,"₹ 79,950",2,No,,89.1,valid,15,33,36.6,Resigned,Yes,Relocation,harshkhan.emp0806@examplecorp.in,-8428678831,26-Aug-26
EMP0807,Rishabh Singh,Male,32,Customer Support,Support Team Lead,L3,Rohit Bhatia,Noida,Uttar Pradesh,Master's,Permanent,Office,15-Jul-26,2026,7,0,valid,4.7,"₹ 10,65,000",1065000,Valid,"₹ 63,900",2,No,,83.4,valid,8,26,16.9,Active,No,,rishabhsingh.emp0807@examplecorp.in,-8592094958,26-Aug-26
EMP0808,Priyanka Shah,Female,33,IT,IT Manager,L4,Arjun Mehta,Bangalore,Karnataka,Bachelor's,Contract,Office,27-Apr-24,2024,4,2,valid,7.6,"₹ 17,95,000",1795000,Valid,"₹ 1,97,450",3,No,,91.4,valid,9,35,24,Active,No,,priyankashah.emp0808@examplecorp.in,-6687181862,26-Aug-26
EMP0809,Yash Roy,Male,40,Legal,Compliance Analyst,L1,Ananya Rao,Bangalore,Karnataka,Bachelor's,Permanent,Remote,02-Jan-21,2021,1,5,valid,16.9,"₹ 6,70,000",670000,Valid,"₹ 1,20,600",1,No,,85.8,valid,13,68,44.6,Resigned,Yes,Better Career Opportunity,yashroy.emp0809@examplecorp.in,-7274069791,26-Aug-26
EMP0810,Gaurav Rao,Male,36,IT,Software Engineer,L2,Arjun Mehta,Pune,Maharashtra,Bachelor's,Permanent,Hybrid,06-May-18,2018,5,8,valid,8.4,"₹ 9,25,000",925000,Valid,"₹ 92,500",3,No,,99.1,valid,30,59,35.1,Resigned,Yes,Compensation,gauravrao.emp0810@examplecorp.in,-8468311203,26-Aug-26
EMP0811,Rajesh Mishra,Male,39,Admin,Administrative Assistant,L1,Kavita Joshi,Ahmedabad,Gujarat,Master's,Permanent,Hybrid,25-Apr-21,2021,4,5,valid,16.5,"₹ 5,25,000",525000,Valid,"₹ 47,250",3,No,,76,valid,16,31,38.4,Active,No,,rajeshmishra.emp0811@examplecorp.in,-9523894313,26-Aug-26
EMP0812,Shivam Tripathi,Male,36,HR,HR Manager,L5,Priya Nair,Delhi,Delhi,PhD,Permanent,Hybrid,14-May-26,2026,5,0,valid,11.5,"₹ 14,95,000",1495000,Valid,"₹ 74,750",4,No,,77,valid,18,17,23,Active,No,,shivamtripathi.emp0812@examplecorp.in,-8401943136,26-Aug-26
EMP0813,Ankit Chandra,Male,27,HR,HR Business Partner,L3,Priya Nair,Hyderabad,Telangana,MBA,Permanent,Hybrid,06-Oct-24,2024,10,1,valid,5.4,"₹ 10,95,000",1095000,Valid,"₹ 2,19,000",3,No,,96.7,valid,20,97,39.2,Resigned,Yes,Work-Life Balance,ankitchandra.emp0813@examplecorp.in,-6656770738,26-Aug-26
EMP0814,Aadhya Menon,Female,40,IT,Software Engineer,L2,Arjun Mehta,Kolkata,West Bengal,PhD,Permanent,Hybrid,17-Apr-19,2019,4,7,valid,13.3,"₹ 8,20,000",820000,Valid,"₹ 49,200",4,Yes,,92.8,valid,30,68,31.6,Active,No,,aadhyamenon.emp0814@examplecorp.in,-8744001200,26-Aug-26
EMP0815,Amit Das,Male,31,R&D,Product Researcher,L1,Dr. Meera Krishnan,Pune,Maharashtra,MBA,Permanent,Hybrid,05-Mar-24,2024,3,2,valid,7.6,"₹ 7,55,000",755000,Valid,"₹ 1,05,700",4,Yes,17-Jul-26,96,valid,4,31,43.9,Active,No,,amitdas.emp0815@examplecorp.in,-7448760568,26-Aug-26
EMP0816,Riya Varma,Female,37,Customer Support,Customer Support Manager,L4,Rohit Bhatia,Mumbai,Maharashtra,Master's,Permanent,Hybrid,16-Nov-18,2018,11,7,valid,10.4,"₹ 15,60,000",1560000,Valid,"₹ 3,12,000",5,No,,97,valid,27,85,16.5,Active,No,,riyavarma.emp0816@examplecorp.in,-8290572061,26-Aug-26
EMP0817,Komal Rao,Female,36,IT,Software Engineer,L2,Arjun Mehta,Delhi,Delhi,PhD,Permanent,Office,10-Mar-24,2024,3,2,valid,10.8,"₹ 11,20,000",1120000,Valid,"₹ 1,56,800",5,Yes,04-May-25,93.6,valid,25,61,13.3,Active,No,,komalrao.emp0817@examplecorp.in,-8711368148,26-Aug-26
EMP0818,Arnav Tripathi,Male,34,Operations,Supply Chain Analyst,L1,Sanjay Verma,Coimbatore,Tamil Nadu,High School,Permanent,Remote,09-Feb-22,2022,2,4,valid,8.9,"₹ 5,85,000",585000,Valid,"₹ 52,650",2,No,,87,valid,26,85,46.6,Resigned,Yes,Relocation,arnavtripathi.emp0818@examplecorp.in,-9691278105,26-Aug-26
EMP0819,Swati Roy,Female,39,HR,HR Executive,L2,Priya Nair,Ahmedabad,Gujarat,Diploma,Permanent,Hybrid,30-Dec-20,2020,12,5,valid,15.1,"₹ 6,15,000",615000,Valid,"₹ 79,950",4,Yes,12-Oct-25,95.2,valid,11,30,3.5,Active,No,,swatiroy.emp0819@examplecorp.in,-9823531309,26-Aug-26
EMP0820,Ankit Singh,Male,38,Customer Support,Customer Support Manager,L4,Rohit Bhatia,Coimbatore,Tamil Nadu,MBA,Permanent,Hybrid,22-Nov-20,2020,11,5,valid,15.5,"₹ 13,20,000",1320000,Valid,"₹ 1,18,800",4,Yes,31-Jan-24,86.5,valid,30,36,32.1,Active,No,,ankitsingh.emp0820@examplecorp.in,-9400908140,26-Aug-26
EMP0821,Rishabh Gupta,Male,33,Customer Support,Technical Support Specialist,L1,Rohit Bhatia,Ahmedabad,Gujarat,Master's,Contract,Hybrid,04-Dec-19,2019,12,6,valid,7.3,"₹ 5,30,000",530000,Valid,"₹ 47,700",5,No,,88.4,valid,17,51,57.3,Resigned,Yes,Compensation,rishabhgupta.emp0821@examplecorp.in,-8997746436,26-Aug-26
EMP0822,Amit Banerjee,Male,37,HR,Learning & Development Specialist,L1,Priya Nair,Ahmedabad,Gujarat,Diploma,Contract,Hybrid,16-Oct-20,2020,10,5,valid,9.8,"₹ 7,25,000",725000,Valid,"₹ 1,01,500",5,No,,80.9,valid,6,32,40.1,Resigned,Yes,Better Career Opportunity,amitbanerjee.emp0822@examplecorp.in,-8188809226,26-Aug-26
EMP0823,Siddharth Shah,Male,34,IT,IT Manager,L5,Arjun Mehta,Bangalore,Karnataka,MBA,Permanent,Remote,01-Jul-26,2026,7,0,valid,6.9,"₹ 18,95,000",1895000,Valid,"₹ 1,89,500",3,No,,84.3,valid,2,88,54.3,Active,No,,siddharthshah.emp0823@examplecorp.in,-9591209063,26-Aug-26
EMP0824,Arnav Chatterjee,Male,29,R&D,Research Associate,L2,Dr. Meera Krishnan,Delhi,Delhi,MBA,Permanent,Hybrid,13-Jun-21,2021,6,5,valid,5.4,"₹ 9,60,000",960000,Valid,"₹ 1,53,600",3,No,,91.5,valid,19,70,22.1,Resigned,Yes,Better Career Opportunity,arnavchatterjee.emp0824@examplecorp.in,-7497354341,26-Aug-26
EMP0825,Ankit Bose,Male,28,Marketing,Marketing Manager,L1,Rahul Iyer,Noida,Uttar Pradesh,MBA,Intern,Office,08-Jul-25,2025,7,1,valid,1.4,"₹ 4,05,000",405000,Valid,"₹ 76,950",4,No,,93.4,valid,17,45,2.4,Active,No,,ankitbose.emp0825@examplecorp.in,-7267182592,26-Aug-26
EMP0826,Siddharth Chatterjee,Male,35,Admin,Administrative Assistant,L2,Kavita Joshi,Hyderabad,Telangana,PhD,Permanent,Hybrid,08-Mar-24,2024,3,2,valid,13,"₹ 3,25,000",325000,Valid,"₹ 52,000",5,No,07-Apr-25,93.4,valid,5,55,23.7,Active,No,,siddharthchatterjee.emp0826@examplecorp.in,-8221456773,26-Aug-26
EMP0827,Amit Chandra,Male,35,Operations,Process Excellence Analyst,L1,Sanjay Verma,Bangalore,Karnataka,PhD,Permanent,Remote,29-Oct-21,2021,10,4,valid,7.3,"₹ 8,05,000",805000,Valid,"₹ 88,550",3,No,,96.5,valid,6,78,65.6,Resigned,Yes,Relocation,amitchandra.emp0827@examplecorp.in,-6126385681,26-Aug-26
EMP0828,Riya Das,Female,38,Finance,Accountant,L1,Vikram Shah,Noida,Uttar Pradesh,Master's,Contract,Hybrid,20-Aug-18,2018,8,8,valid,12.2,"₹ 5,55,000",555000,Valid,"₹ 55,500",3,No,,79.8,valid,17,31,24.7,Resigned,Yes,Better Career Opportunity,riyadas.emp0828@examplecorp.in,-7995929527,26-Aug-26
EMP0829,Priyanka Shah,Female,39,Legal,Corporate Counsel,L5,Ananya Rao,Kolkata,West Bengal,PhD,Permanent,Hybrid,02-Jun-21,2021,6,5,valid,12.3,"₹ 13,45,000",1345000,Valid,"₹ 1,61,400",3,No,17-Jun-25,98.2,valid,22,38,39.2,Active,No,,priyankashah.emp0829@examplecorp.in,-9389686839,26-Aug-26
EMP0830,Divya Iyer,Female,45,Customer Support,Customer Support Executive,L1,Rohit Bhatia,Hyderabad,Telangana,Master's,Permanent,Hybrid,13-May-20,2020,5,6,valid,17.9,"₹ 5,25,000",525000,Valid,"₹ 94,500",3,No,12-Feb-24,79.1,valid,25,41,1.5,Active,No,,divyaiyer.emp0830@examplecorp.in,-8320347012,26-Aug-26
EMP0831,Swati Menon,Female,29,R&D,Research Engineer,L2,Dr. Meera Krishnan,Bangalore,Karnataka,PhD,Contract,Hybrid,31-Mar-23,2023,3,3,valid,3.7,"₹ 7,80,000",780000,Valid,"₹ 93,600",4,No,,78.6,valid,8,48,9.8,Active,No,,swatimenon.emp0831@examplecorp.in,-9453198395,26-Aug-26
EMP0832,Yash Patel,Male,31,Finance,Internal Auditor,L1,Vikram Shah,Hyderabad,Telangana,High School,Permanent,Remote,11-Jan-23,2023,1,3,valid,4,"₹ 8,00,000",800000,Valid,"₹ 1,52,000",5,Yes,02-May-26,82.9,valid,9,55,24.3,Active,No,,yashpatel.emp0832@examplecorp.in,-9126824368,26-Aug-26
EMP0833,Aditya Bose,Male,28,Finance,Internal Auditor,L1,Vikram Shah,Bangalore,Karnataka,Diploma,Intern,Hybrid,24-Jun-26,2026,6,0,valid,1.2,"₹ 3,75,000",375000,Valid,"₹ 67,500",4,No,,98,valid,12,50,33.9,Active,No,,adityabose.emp0833@examplecorp.in,-6403007771,26-Aug-26
EMP0834,Akanksha Desai,Female,29,R&D,Research Engineer,L1,Dr. Meera Krishnan,Bangalore,Karnataka,Master's,Permanent,Office,05-Oct-23,2023,10,2,valid,5.1,"₹ 9,80,000",980000,Valid,"₹ 78,400",3,No,17-May-26,89.8,valid,2,27,33.8,Active,No,,akankshadesai.emp0834@examplecorp.in,-9785083066,26-Aug-26
EMP0835,Pranav Banerjee,Male,37,IT,Software Engineer,L1,Arjun Mehta,Ahmedabad,Gujarat,MBA,Permanent,Remote,13-Jun-23,2023,6,3,valid,10.7,"₹ 6,55,000",655000,Valid,"₹ 1,31,000",4,Yes,,75.9,valid,7,34,67,Active,No,,pranavbanerjee.emp0835@examplecorp.in,-7161465020,26-Aug-26
EMP0836,Rajesh Kumar,Male,34,Customer Support,Customer Support Executive,L2,Rohit Bhatia,Kolkata,West Bengal,PhD,Permanent,Office,30-May-24,2024,5,2,valid,9.8,"₹ 6,00,000",600000,Valid,"₹ 90,000",3,No,,92.2,valid,7,23,29,Active,No,,rajeshkumar.emp0836@examplecorp.in,-7456366271,26-Aug-26
EMP0837,Vivek Varma,Male,33,Operations,Supply Chain Analyst,L1,Sanjay Verma,Bangalore,Karnataka,MBA,Permanent,Hybrid,17-Oct-20,2020,10,5,valid,6.7,"₹ 8,35,000",835000,Valid,"₹ 83,500",5,Yes,29-Jun-26,77.4,valid,17,69,52.2,Active,No,,vivekvarma.emp0837@examplecorp.in,-7799863104,26-Aug-26
EMP0838,Anjali Srinivasan,Female,32,R&D,R&D Manager,L5,Dr. Meera Krishnan,Chennai,Tamil Nadu,High School,Permanent,Hybrid,15-Jan-25,2025,1,1,valid,6.5,"₹ 23,60,000",2360000,Valid,"₹ 3,54,000",5,Yes,,78.1,valid,19,33,16.3,Active,No,,anjalisrinivasan.emp0838@examplecorp.in,-6405018422,26-Aug-26
EMP0839,Simran Rao,Female,34,Finance,Accountant,L1,Vikram Shah,Chennai,Tamil Nadu,High School,Permanent,Office,30-Aug-18,2018,8,8,valid,9.3,"₹ 6,05,000",605000,Valid,"₹ 36,300",3,No,,86.4,valid,16,22,13.8,Active,No,,simranrao.emp0839@examplecorp.in,-9413250843,26-Aug-26
EMP0840,Sneha Roy,Female,42,Finance,Accountant,L1,Vikram Shah,Delhi,Delhi,Master's,Permanent,Hybrid,07-Mar-21,2021,3,5,valid,16.7,"₹ 6,95,000",695000,Valid,"₹ 34,750",4,Yes,,94.9,valid,5,99,32,Active,No,,sneharoy.emp0840@examplecorp.in,-9730495907,26-Aug-26
EMP0841,Nikhil Bose,Male,46,Legal,Legal Manager,L5,Ananya Rao,Ahmedabad,Gujarat,Master's,Permanent,Hybrid,14-Mar-18,2018,3,8,valid,18.6,"₹ 20,25,000",2025000,Valid,"₹ 1,21,500",2,No,,86.6,valid,23,88,30.1,Active,No,,nikhilbose.emp0841@examplecorp.in,-6250275683,26-Aug-26
EMP0842,Ananya Menon,Female,36,Customer Support,Customer Support Manager,L5,Rohit Bhatia,Coimbatore,Tamil Nadu,PhD,Permanent,Hybrid,29-Aug-24,2024,8,2,valid,11.8,"₹ 12,75,000",1275000,Valid,"₹ 1,78,500",4,Yes,20-Aug-26,85.2,valid,5,35,41,Active,No,,ananyamenon.emp0842@examplecorp.in,-9452773712,26-Aug-26
EMP0843,Neha Das,Female,38,Legal,Legal Manager,L4,Ananya Rao,Coimbatore,Tamil Nadu,PhD,Permanent,Hybrid,22-Aug-18,2018,8,8,valid,14.2,"₹ 23,30,000",2330000,Valid,"₹ 1,16,500",4,Yes,21-Apr-25,75.3,valid,23,15,32.5,Active,No,,nehadas.emp0843@examplecorp.in,-6332231190,26-Aug-26
EMP0844,Amit Sharma,Male,36,Finance,Finance Manager,L5,Vikram Shah,Kolkata,West Bengal,Master's,Permanent,Remote,23-Aug-22,2022,8,4,valid,14,"₹ 18,55,000",1855000,Valid,"₹ 2,22,600",2,No,,75.1,valid,22,91,17.5,Active,No,,amitsharma.emp0844@examplecorp.in,-8948555925,26-Aug-26
EMP0845,Priyanka Rao,Female,33,R&D,R&D Manager,L5,Dr. Meera Krishnan,Bangalore,Karnataka,MBA,Permanent,Hybrid,19-May-24,2024,5,2,valid,8.5,"₹ 24,00,000",2400000,Valid,"₹ 3,12,000",4,Yes,,92.5,valid,28,12,26,Active,No,,priyankarao.emp0845@examplecorp.in,-8130834985,26-Aug-26
EMP0846,Siddharth Banerjee,Male,28,Sales,Sales Executive,L2,Neha Kapoor,Delhi,Delhi,Diploma,Permanent,Hybrid,17-Sep-22,2022,9,3,valid,6.1,"₹ 6,95,000",695000,Valid,"₹ 34,750",4,No,,81.9,valid,30,67,49.2,Active,No,,siddharthbanerjee.emp0846@examplecorp.in,-8750443311,26-Aug-26
EMP0847,Bhavna Singh,Female,36,Sales,Key Account Manager,L5,Neha Kapoor,Hyderabad,Telangana,PhD,Permanent,Hybrid,26-Oct-19,2019,10,6,valid,12.6,"₹ 12,05,000",1205000,Valid,"₹ 1,32,550",4,Yes,27-Apr-24,80.3,valid,2,29,21.4,Active,No,,bhavnasingh.emp0847@examplecorp.in,-7819254813,26-Aug-26
EMP0848,Riya Nair,Female,33,Finance,Financial Analyst,L1,Vikram Shah,Ahmedabad,Gujarat,High School,Permanent,Office,25-Jul-23,2023,7,3,valid,10.6,"₹ 9,40,000",940000,Valid,"₹ 1,41,000",3,No,,77.6,valid,16,14,10.3,Active,No,,riyanair.emp0848@examplecorp.in,-8594116697,26-Aug-26
EMP0849,Kavya Khan,Female,28,Sales,Key Account Manager,L5,Neha Kapoor,Pune,Maharashtra,Master's,Permanent,Hybrid,04-Jan-25,2025,1,1,valid,2.1,"₹ 12,50,000",1250000,Valid,"₹ 1,25,000",3,No,,98.4,valid,12,19,65.6,Active,No,,kavyakhan.emp0849@examplecorp.in,-8865933461,26-Aug-26
EMP0850,Tanvi Patel,Female,31,Admin,Facilities Executive,L2,Kavita Joshi,Bangalore,Karnataka,PhD,Permanent,Hybrid,06-Feb-24,2024,2,2,valid,3,"₹ 4,10,000",410000,Valid,"₹ 65,600",4,Yes,08-Oct-25,84.5,valid,13,80,35.8,Resigned,Yes,Work-Life Balance,tanvipatel.emp0850@examplecorp.in,-8186160999,26-Aug-26
EMP0851,Nikhil Patel,Male,35,Finance,Internal Auditor,L1,Vikram Shah,Mumbai,Maharashtra,Master's,Contract,Remote,24-Jul-20,2020,7,6,valid,11.9,"₹ 7,55,000",755000,Valid,"₹ 60,400",4,No,,82,valid,9,17,43.2,Active,No,,nikhilpatel.emp0851@examplecorp.in,-7715990307,26-Aug-26
EMP0852,Arnav Bose,Male,37,Sales,Sales Operations Analyst,L1,Neha Kapoor,Mumbai,Maharashtra,PhD,Permanent,Hybrid,01-Aug-22,2022,8,4,valid,9.5,"₹ 9,30,000",930000,Valid,"₹ 1,48,800",4,No,20-Dec-23,75.8,valid,26,70,36.6,Resigned,Yes,Relocation,arnavbose.emp0852@examplecorp.in,-9917464034,26-Aug-26
EMP0853,Shivam Banerjee,Male,26,Legal,Contract Specialist,L2,Ananya Rao,Coimbatore,Tamil Nadu,Diploma,Permanent,Office,28-Jun-25,2025,6,1,valid,4.6,"₹ 6,50,000",650000,Valid,"₹ 71,500",3,No,,96.1,valid,15,97,28.5,Active,No,,shivambanerjee.emp0853@examplecorp.in,-9668184118,26-Aug-26
EMP0854,Anjali Patel,Female,35,Finance,Tax Specialist,L1,Vikram Shah,Kolkata,West Bengal,Bachelor's,Permanent,Hybrid,10-Dec-19,2019,12,6,valid,14.1,"₹ 5,95,000",595000,Valid,"₹ 1,19,000",4,Yes,17-Aug-21,75.8,valid,26,67,43.3,Active,No,,anjalipatel.emp0854@examplecorp.in,-6781711562,26-Aug-26
EMP0855,Tanvi Roy,Female,35,R&D,Research Engineer,L1,Dr. Meera Krishnan,Ahmedabad,Gujarat,Master's,Permanent,Hybrid,29-May-21,2021,5,5,valid,12.5,"₹ 11,65,000",1165000,Valid,"₹ 2,33,000",2,No,,91.6,valid,10,90,2.6,Active,No,,tanviroy.emp0855@examplecorp.in,-8120264919,26-Aug-26
EMP0856,Shivam Shah,Male,33,Sales,Key Account Manager,L4,Neha Kapoor,Delhi,Delhi,Master's,Permanent,Hybrid,05-Oct-19,2019,10,6,valid,9.1,"₹ 12,90,000",1290000,Valid,"₹ 1,93,500",3,No,06-Dec-20,75.9,valid,11,16,51.1,Active,No,,shivamshah.emp0856@examplecorp.in,-7257891884,26-Aug-26
EMP0857,Pranav Shah,Male,34,Admin,Executive Assistant,L1,Kavita Joshi,Coimbatore,Tamil Nadu,PhD,Permanent,Office,26-Aug-19,2019,8,7,valid,9.6,"₹ 7,75,000",775000,Valid,"₹ 54,250",5,Yes,,79.7,valid,11,40,33.1,Resigned,Yes,Higher Education,pranavshah.emp0857@examplecorp.in,-8732116632,26-Aug-26
EMP0858,Shreya Patel,Female,30,HR,HR Business Partner,L3,Priya Nair,Delhi,Delhi,Master's,Permanent,Remote,31-Dec-21,2021,12,4,valid,8.4,"₹ 9,40,000",940000,Valid,"₹ 1,22,200",3,No,,81.7,valid,0,74,0.8,Active,No,,shreyapatel.emp0858@examplecorp.in,-7254734183,26-Aug-26
EMP0859,Ashish Khan,Male,31,R&D,Product Researcher,L1,Dr. Meera Krishnan,Kolkata,West Bengal,Master's,Permanent,Hybrid,02-Dec-21,2021,12,4,valid,8,"₹ 12,85,000",1285000,Valid,"₹ 1,79,900",2,No,03-Jul-23,77.6,valid,1,54,38.7,Resigned,Yes,Better Career Opportunity,ashishkhan.emp0859@examplecorp.in,-9398450837,26-Aug-26
EMP0860,Deepa Iyer,Female,40,Operations,Process Excellence Analyst,L1,Sanjay Verma,Kolkata,West Bengal,Bachelor's,Permanent,Office,14-Dec-25,2025,12,0,valid,11.9,"₹ 9,30,000",930000,Valid,"₹ 93,000",3,No,,76.2,valid,0,58,65.8,Active,No,,deepaiyer.emp0860@examplecorp.in,-9742973010,26-Aug-26
EMP0861,Akanksha Patel,Female,33,Legal,Legal Manager,L5,Ananya Rao,Hyderabad,Telangana,Master's,Permanent,Hybrid,16-Jan-24,2024,1,2,valid,11,"₹ 20,45,000",2045000,Valid,"₹ 3,06,750",1,No,20-Nov-25,89.6,valid,23,74,24.8,Active,No,,akankshapatel.emp0861@examplecorp.in,-8901097665,26-Aug-26
EMP0862,Bhavna Desai,Female,28,Customer Support,Technical Support Specialist,L1,Rohit Bhatia,Ahmedabad,Gujarat,Diploma,Permanent,Remote,26-Sep-25,2025,9,0,valid,5.6,"₹ 6,10,000",610000,Valid,"₹ 1,09,800",2,No,,80.3,valid,9,22,53.6,On Notice,No,,bhavnadesai.emp0862@examplecorp.in,-8659596536,26-Aug-26
EMP0863,Aman Bose,Male,28,IT,Systems Administrator,L1,Arjun Mehta,Coimbatore,Tamil Nadu,Master's,Intern,Hybrid,02-Dec-25,2025,12,0,valid,1.1,"₹ 3,15,000",315000,Valid,"₹ 31,500",5,No,,96.6,valid,2,21,66.3,Active,No,,amanbose.emp0863@examplecorp.in,-6769414011,26-Aug-26
EMP0864,Aadhya Roy,Female,34,Legal,Legal Manager,L4,Ananya Rao,Mumbai,Maharashtra,PhD,Permanent,Hybrid,16-Jan-26,2026,1,0,valid,6.6,"₹ 22,15,000",2215000,Valid,"₹ 4,43,000",4,No,,81.6,valid,6,34,21.3,Active,No,,aadhyaroy.emp0864@examplecorp.in,-6678035704,26-Aug-26
EMP0865,Isha Sharma,Female,27,HR,HR Executive,L1,Priya Nair,Mumbai,Maharashtra,Bachelor's,Intern,Remote,17-May-26,2026,5,0,valid,0.3,"₹ 3,60,000",360000,Valid,"₹ 25,200",4,No,,82.1,valid,10,27,2.3,Active,No,,ishasharma.emp0865@examplecorp.in,-8859629507,26-Aug-26
EMP0866,Shivam Varma,Male,34,Sales,Sales Operations Analyst,L2,Neha Kapoor,Bangalore,Karnataka,Master's,Permanent,Hybrid,30-Jul-22,2022,7,4,valid,12.5,"₹ 6,50,000",650000,Valid,"₹ 58,500",5,Yes,,75.5,valid,29,90,2.1,Active,No,,shivamvarma.emp0866@examplecorp.in,-6621626060,26-Aug-26
EMP0867,Ankit Khan,Male,33,R&D,Data Scientist,L2,Dr. Meera Krishnan,Delhi,Delhi,MBA,Permanent,Hybrid,31-Jul-20,2020,7,6,valid,10.3,"₹ 17,80,000",1780000,Valid,"₹ 1,24,600",2,No,,77.1,valid,1,59,34.2,Active,No,,ankitkhan.emp0867@examplecorp.in,-9217443930,26-Aug-26
EMP0868,Sakshi Bose,Female,35,Admin,Executive Assistant,L1,Kavita Joshi,Delhi,Delhi,MBA,Contract,Hybrid,07-Mar-19,2019,3,7,valid,11.1,"₹ 8,65,000",865000,Valid,"₹ 1,29,750",4,No,,87.7,valid,0,53,7.1,Active,No,,sakshibose.emp0868@examplecorp.in,-9836394484,26-Aug-26
EMP0869,Akanksha Chatterjee,Female,30,Operations,Operations Manager,L4,Sanjay Verma,Delhi,Delhi,Diploma,Permanent,Remote,04-Nov-20,2020,11,5,valid,7.7,"₹ 17,40,000",1740000,Valid,"₹ 2,78,400",4,No,,95.2,valid,21,79,2.1,Active,No,,akankshachatterjee.emp0869@examplecorp.in,-9948203604,26-Aug-26
EMP0870,Sakshi Mishra,Female,28,IT,Systems Administrator,L1,Arjun Mehta,Bangalore,Karnataka,Master's,Intern,Remote,29-Mar-26,2026,3,0,valid,1,"₹ 2,95,000",295000,Valid,"₹ 59,000",4,No,,85.3,valid,11,51,66.8,Active,No,,sakshimishra.emp0870@examplecorp.in,-6414809554,26-Aug-26
EMP0871,Akanksha Reddy,Female,41,R&D,Research Associate,L2,Dr. Meera Krishnan,Noida,Uttar Pradesh,PhD,Permanent,Hybrid,07-Mar-20,2020,3,6,valid,13.6,"₹ 6,20,000",620000,Valid,"₹ 80,600",5,Yes,,86.6,valid,30,21,13.3,Active,No,,akankshareddy.emp0871@examplecorp.in,-9109252505,26-Aug-26
EMP0872,Bhavna Chandra,Female,43,Admin,Administration Manager,L4,Kavita Joshi,Kolkata,West Bengal,Bachelor's,Contract,Hybrid,04-Apr-21,2021,4,5,valid,15.9,"₹ 10,60,000",1060000,Valid,"₹ 1,37,800",1,No,,88.4,valid,16,20,33.2,Resigned,Yes,Better Career Opportunity,bhavnachandra.emp0872@examplecorp.in,-6790525089,26-Aug-26
EMP0873,Priyanka Das,Female,35,HR,HR Executive,L1,Priya Nair,Hyderabad,Telangana,Master's,Permanent,Remote,17-Jul-18,2018,7,8,valid,12.9,"₹ 7,35,000",735000,Valid,"₹ 1,39,650",1,No,,81.8,valid,7,46,41.4,Active,No,,priyankadas.emp0873@examplecorp.in,-8144704628,26-Aug-26
EMP0874,Pallavi Roy,Female,40,IT,Systems Administrator,L1,Arjun Mehta,Hyderabad,Telangana,High School,Permanent,Remote,30-Jan-18,2018,1,8,valid,16.3,"₹ 9,10,000",910000,Valid,"₹ 54,600",4,Yes,06-Aug-25,86.1,valid,7,14,39,Active,No,,pallaviroy.emp0874@examplecorp.in,-7823355187,26-Aug-26
EMP0875,Rishabh Khan,Male,33,Customer Support,Technical Support Specialist,L2,Rohit Bhatia,Ahmedabad,Gujarat,Master's,Permanent,Hybrid,31-Oct-20,2020,10,5,valid,10.1,"₹ 6,10,000",610000,Valid,"₹ 48,800",4,Yes,25-Apr-25,88,valid,24,36,21.5,Active,No,,rishabhkhan.emp0875@examplecorp.in,-7627695022,26-Aug-26
EMP0876,Divya Shah,Female,33,Admin,Facilities Executive,L2,Kavita Joshi,Pune,Maharashtra,Diploma,Permanent,Office,10-Jan-24,2024,1,2,valid,6.6,"₹ 4,75,000",475000,Valid,"₹ 71,250",3,No,02-Jun-25,94.5,valid,1,34,23.3,Resigned,Yes,Performance Separation,divyashah.emp0876@examplecorp.in,-8582516227,26-Aug-26
EMP0877,Riya Rao,Female,31,R&D,Data Scientist,L1,Dr. Meera Krishnan,Coimbatore,Tamil Nadu,Master's,Contract,Hybrid,11-Jun-18,2018,6,8,valid,8.3,"₹ 14,00,000",1400000,Valid,"₹ 2,24,000",5,No,,89.4,valid,2,52,34,Active,No,,riyarao.emp0877@examplecorp.in,-6136871179,26-Aug-26
EMP0878,Ashish Das,Male,34,Finance,Tax Specialist,L1,Vikram Shah,Chennai,Tamil Nadu,Bachelor's,Permanent,Hybrid,17-Oct-18,2018,10,7,valid,8.8,"₹ 10,10,000",1010000,Valid,"₹ 1,31,300",4,Yes,,83.2,valid,14,42,5.6,Resigned,Yes,Better Career Opportunity,ashishdas.emp0878@examplecorp.in,-8585155790,26-Aug-26
EMP0879,Pallavi Gupta,Female,27,Marketing,Marketing Executive,L2,Rahul Iyer,Pune,Maharashtra,Diploma,Permanent,Hybrid,29-Mar-26,2026,3,0,valid,2.2,"₹ 7,85,000",785000,Valid,"₹ 1,41,300",2,No,,86.3,valid,0,62,7.4,Active,No,,pallavigupta.emp0879@examplecorp.in,-9666288834,26-Aug-26
EMP0880,Rajesh Tripathi,Male,26,Sales,Key Account Manager,L4,Neha Kapoor,Kolkata,West Bengal,Diploma,Contract,Hybrid,03-Jul-25,2025,7,1,valid,4.8,"₹ 10,20,000",1020000,Valid,"₹ 1,12,200",4,No,,88.8,valid,12,35,61.1,Active,No,,rajeshtripathi.emp0880@examplecorp.in,-6508235891,26-Aug-26
EMP0881,Karan Varma,Male,37,R&D,Data Scientist,L2,Dr. Meera Krishnan,Ahmedabad,Gujarat,Master's,Contract,Remote,26-Apr-22,2022,4,4,valid,8.9,"₹ 15,00,000",1500000,Valid,"₹ 90,000",4,No,,77.6,valid,5,42,36.5,Active,No,,karanvarma.emp0881@examplecorp.in,-9505790384,26-Aug-26
EMP0882,Ankit Das,Male,31,IT,Software Engineer,L2,Arjun Mehta,Hyderabad,Telangana,Master's,Permanent,Hybrid,07-Feb-24,2024,2,2,valid,7,"₹ 9,50,000",950000,Valid,"₹ 1,14,000",2,No,,81.7,valid,5,28,26.8,Active,No,,ankitdas.emp0882@examplecorp.in,-7835497436,26-Aug-26
EMP0883,Isha Mishra,Female,33,R&D,R&D Manager,L4,Dr. Meera Krishnan,Kolkata,West Bengal,Master's,Contract,Hybrid,13-Mar-25,2025,3,1,valid,12,"₹ 20,15,000",2015000,Valid,"₹ 3,02,250",4,No,,94.9,valid,5,14,34.8,Resigned,Yes,Work-Life Balance,ishamishra.emp0883@examplecorp.in,-8913475473,26-Aug-26
EMP0884,Karan Patel,Male,28,Admin,Administration Manager,L5,Kavita Joshi,Pune,Maharashtra,PhD,Permanent,Office,24-Jan-26,2026,1,0,valid,1,"₹ 15,45,000",1545000,Valid,"₹ 1,08,150",4,No,,84.3,valid,25,49,18.9,Active,No,,karanpatel.emp0884@examplecorp.in,-6491784327,26-Aug-26
EMP0885,Aditya Rao,Male,34,Marketing,Content Strategist,L1,Rahul Iyer,Kolkata,West Bengal,Diploma,Permanent,Remote,14-Jan-19,2019,1,7,valid,10.1,"₹ 8,30,000",830000,Valid,"₹ 1,07,900",3,No,,99.2,valid,0,35,28.7,Active,No,,adityarao.emp0885@examplecorp.in,-9796968323,26-Aug-26
EMP0886,Isha Singh,Female,28,IT,Systems Administrator,L1,Arjun Mehta,Bangalore,Karnataka,Bachelor's,Contract,Remote,30-Aug-21,2021,8,5,valid,5,"₹ 8,90,000",890000,Valid,"₹ 1,24,600",4,No,,95.4,valid,6,48,3.3,Active,No,,ishasingh.emp0886@examplecorp.in,-7733886890,26-Aug-26
EMP0887,Rajesh Kapoor,Male,41,Admin,Administrative Assistant,L2,Kavita Joshi,Kolkata,West Bengal,Diploma,Permanent,Hybrid,04-Feb-19,2019,2,7,valid,18.1,"₹ 3,60,000",360000,Valid,"₹ 61,200",4,Yes,27-Nov-25,83,valid,27,57,15.6,Active,No,,rajeshkapoor.emp0887@examplecorp.in,-9814254131,26-Aug-26
EMP0888,Manish Patel,Male,42,R&D,Product Researcher,L1,Dr. Meera Krishnan,Kolkata,West Bengal,Bachelor's,Permanent,Hybrid,20-Sep-18,2018,9,7,valid,15,"₹ 11,75,000",1175000,Valid,"₹ 70,500",4,Yes,10-Mar-25,97,valid,23,14,30.9,Active,No,,manishpatel.emp0888@examplecorp.in,-7619731508,26-Aug-26
EMP0889,Pranav Chatterjee,Male,28,Customer Support,Customer Success Manager,L1,Rohit Bhatia,Pune,Maharashtra,MBA,Intern,Office,14-Nov-25,2025,11,0,valid,0.9,"₹ 3,30,000",330000,Valid,"₹ 29,700",3,No,,93.3,valid,14,31,52.4,On Notice,No,,pranavchatterjee.emp0889@examplecorp.in,-9337887906,26-Aug-26
EMP0890,Komal Rao,Female,27,Marketing,Content Strategist,L1,Rahul Iyer,Ahmedabad,Gujarat,Diploma,Permanent,Office,15-May-26,2026,5,0,valid,4.1,"₹ 5,15,000",515000,Valid,"₹ 92,700",5,No,,96.3,valid,24,98,43,Active,No,,komalrao.emp0890@examplecorp.in,-6753151400,26-Aug-26
EMP0891,Karan Bose,Male,28,Customer Support,Support Team Lead,L1,Rohit Bhatia,Mumbai,Maharashtra,PhD,Intern,Office,17-Dec-25,2025,12,0,valid,1.2,"₹ 2,95,000",295000,Valid,"₹ 41,300",5,No,,77.2,valid,14,25,42.3,Active,No,,karanbose.emp0891@examplecorp.in,-8786751261,26-Aug-26
EMP0892,Arnav Mishra,Male,30,R&D,Product Researcher,L2,Dr. Meera Krishnan,Hyderabad,Telangana,Diploma,Permanent,Office,14-Feb-23,2023,2,3,valid,7.7,"₹ 8,65,000",865000,Valid,"₹ 60,550",5,Yes,,93.7,valid,12,32,29.9,Resigned,Yes,Relocation,arnavmishra.emp0892@examplecorp.in,-8581492797,26-Aug-26
EMP0893,Priyanka Agarwal,Female,35,Sales,Key Account Manager,L4,Neha Kapoor,Coimbatore,Tamil Nadu,Master's,Permanent,Office,21-May-20,2020,5,6,valid,13.4,"₹ 11,60,000",1160000,Valid,"₹ 1,39,200",4,No,25-Dec-22,90.5,valid,19,79,8.1,Active,No,,priyankaagarwal.emp0893@examplecorp.in,-8119944576,26-Aug-26
EMP0894,Ankit Singh,Male,37,Legal,Legal Executive,L1,Ananya Rao,Noida,Uttar Pradesh,Bachelor's,Contract,Office,28-Apr-19,2019,4,7,valid,15.4,"₹ 6,35,000",635000,Valid,"₹ 1,20,650",2,No,,95.1,valid,13,32,13,Active,No,,ankitsingh.emp0894@examplecorp.in,-9989043698,26-Aug-26
EMP0895,Aditya Desai,Male,37,Customer Support,Customer Success Manager,L4,Rohit Bhatia,Kolkata,West Bengal,High School,Permanent,Office,22-Mar-18,2018,3,8,valid,11.9,"₹ 12,70,000",1270000,Valid,"₹ 1,90,500",5,Yes,22-Aug-21,93.1,valid,25,54,68.9,Active,No,,adityadesai.emp0895@examplecorp.in,-8750730230,26-Aug-26
EMP0896,Akanksha Iyer,Female,39,IT,Software Engineer,L2,Arjun Mehta,Mumbai,Maharashtra,High School,Permanent,Office,27-Apr-18,2018,4,8,valid,17.3,"₹ 8,90,000",890000,Valid,"₹ 1,24,600",3,No,,89.8,valid,29,84,56.5,Active,No,,akankshaiyer.emp0896@examplecorp.in,-7152001390,26-Aug-26
EMP0897,Amit Chatterjee,Male,37,HR,HR Executive,L1,Priya Nair,Kolkata,West Bengal,PhD,Permanent,Hybrid,19-Sep-18,2018,9,7,valid,14.9,"₹ 5,45,000",545000,Valid,"₹ 54,500",3,No,,92.2,valid,5,80,9.3,Active,No,,amitchatterjee.emp0897@examplecorp.in,-9293778539,26-Aug-26
EMP0898,Vaishnavi Gupta,Female,34,Admin,Executive Assistant,L1,Kavita Joshi,Ahmedabad,Gujarat,MBA,Permanent,Hybrid,07-Dec-21,2021,12,4,valid,7.3,"₹ 10,60,000",1060000,Valid,"₹ 1,80,200",2,No,,97.1,valid,24,86,39.1,Resigned,Yes,Better Career Opportunity,vaishnavigupta.emp0898@examplecorp.in,-9845540202,26-Aug-26
EMP0899,Swati Varma,Female,27,Customer Support,Support Team Lead,L3,Rohit Bhatia,Bangalore,Karnataka,PhD,Permanent,Hybrid,03-Jan-25,2025,1,1,valid,3.4,"₹ 9,50,000",950000,Valid,"₹ 1,14,000",3,No,25-Aug-26,92.7,valid,8,52,25.5,Active,No,,swativarma.emp0899@examplecorp.in,-6236423970,26-Aug-26
EMP0900,Saurabh Singh,Male,31,HR,HR Executive,L2,Priya Nair,Delhi,Delhi,Bachelor's,Permanent,Hybrid,11-Jun-23,2023,6,3,valid,4.5,"₹ 5,30,000",530000,Valid,"₹ 90,100",4,Yes,13-Jun-25,85.6,valid,9,32,12.9,Resigned,Yes,Better Career Opportunity,saurabhsingh.emp0900@examplecorp.in,-6723335368,26-Aug-26
EMP0901,Sneha Kumar,Female,34,Operations,Process Excellence Analyst,L2,Sanjay Verma,Bangalore,Karnataka,Bachelor's,Permanent,Office,22-Aug-21,2021,8,5,valid,11.6,"₹ 8,30,000",830000,Valid,"₹ 1,07,900",5,Yes,08-Dec-25,83.6,valid,15,30,31.3,Active,No,,snehakumar.emp0901@examplecorp.in,-8697592227,26-Aug-26
EMP0902,Riya Rao,Female,32,Legal,Corporate Counsel,L4,Ananya Rao,Mumbai,Maharashtra,MBA,Permanent,Office,27-Nov-23,2023,11,2,valid,10.5,"₹ 12,90,000",1290000,Valid,"₹ 1,03,200",4,Yes,01-Apr-25,91.7,valid,14,28,5.6,Resigned,Yes,Personal Reasons,riyarao.emp0902@examplecorp.in,-9124940825,26-Aug-26
EMP0903,Aisha Gupta,Female,36,Marketing,Marketing Manager,L5,Rahul Iyer,Pune,Maharashtra,Diploma,Permanent,Hybrid,31-Oct-18,2018,10,7,valid,8.7,"₹ 13,65,000",1365000,Valid,"₹ 2,59,350",3,No,21-Aug-26,81.4,valid,8,86,9,Active,No,,aishagupta.emp0903@examplecorp.in,-8392394581,26-Aug-26
EMP0904,Radhika Kapoor,Female,33,Sales,Key Account Manager,L4,Neha Kapoor,Mumbai,Maharashtra,MBA,Permanent,Office,17-Dec-22,2022,12,3,valid,10,"₹ 15,30,000",1530000,Valid,"₹ 91,800",4,Yes,,84.2,valid,9,81,59.1,Active,No,,radhikakapoor.emp0904@examplecorp.in,-7326341282,26-Aug-26
EMP0905,Karan Singh,Male,41,Legal,Legal Executive,L1,Ananya Rao,Coimbatore,Tamil Nadu,MBA,Permanent,Hybrid,25-Jan-20,2020,1,6,valid,14.9,"₹ 8,35,000",835000,Valid,"₹ 1,58,650",3,No,,76.7,valid,25,61,13.9,Active,No,,karansingh.emp0905@examplecorp.in,-8420311411,26-Aug-26
EMP0906,Swati Das,Female,31,Admin,Executive Assistant,L2,Kavita Joshi,Delhi,Delhi,PhD,Permanent,Office,07-Jun-24,2024,6,2,valid,9.9,"₹ 9,85,000",985000,Valid,"₹ 1,67,450",5,Yes,11-Jul-26,78.6,valid,5,17,27.1,Active,No,,swatidas.emp0906@examplecorp.in,-6102868967,26-Aug-26
EMP0907,Aditi Varma,Female,39,Finance,Financial Analyst,L2,Vikram Shah,Chennai,Tamil Nadu,Master's,Permanent,Hybrid,10-Aug-20,2020,8,6,valid,11.2,"₹ 10,05,000",1005000,Valid,"₹ 1,70,850",2,No,11-Aug-23,90.1,valid,7,57,29.5,Active,No,,aditivarma.emp0907@examplecorp.in,-9370725420,26-Aug-26
EMP0908,Ankit Rao,Male,32,Sales,Sales Manager,L4,Neha Kapoor,Hyderabad,Telangana,Diploma,Contract,Hybrid,01-Mar-24,2024,3,2,valid,11.1,"₹ 17,30,000",1730000,Valid,"₹ 2,42,200",4,No,,97.3,valid,1,36,57.4,Resigned,Yes,Relocation,ankitrao.emp0908@examplecorp.in,-7943583325,26-Aug-26
EMP0909,Arnav Roy,Male,27,Admin,Executive Assistant,L2,Kavita Joshi,Delhi,Delhi,Master's,Permanent,Hybrid,27-Jul-25,2025,7,1,valid,1.3,"₹ 8,55,000",855000,Valid,"₹ 42,750",3,No,,90.1,valid,0,32,8.5,Active,No,,arnavroy.emp0909@examplecorp.in,-9928309370,26-Aug-26
EMP0910,Aadhya Mishra,Female,38,R&D,Research Engineer,L2,Dr. Meera Krishnan,Noida,Uttar Pradesh,Bachelor's,Contract,Hybrid,16-Nov-21,2021,11,4,valid,10.5,"₹ 7,80,000",780000,Valid,"₹ 1,09,200",4,No,,86.6,valid,12,23,23.9,Active,No,,aadhyamishra.emp0910@examplecorp.in,-7835910648,26-Aug-26
EMP0911,Pallavi Rao,Female,29,Sales,Sales Executive,L2,Neha Kapoor,Kolkata,West Bengal,Bachelor's,Permanent,Remote,17-Feb-24,2024,2,2,valid,5.1,"₹ 5,60,000",560000,Valid,"₹ 39,200",3,No,,99.5,valid,16,28,47,Resigned,Yes,Higher Education,pallavirao.emp0911@examplecorp.in,-7477747348,26-Aug-26
EMP0912,Isha Srinivasan,Female,39,HR,HR Manager,L4,Priya Nair,Bangalore,Karnataka,Diploma,Permanent,Remote,16-Jul-19,2019,7,7,valid,11.5,"₹ 14,05,000",1405000,Valid,"₹ 98,350",2,No,,75.6,valid,19,44,25.7,Active,No,,ishasrinivasan.emp0912@examplecorp.in,-6778055592,26-Aug-26
EMP0913,Kajal Kumar,Female,30,HR,Learning & Development Specialist,L2,Priya Nair,Mumbai,Maharashtra,MBA,Permanent,Office,17-May-24,2024,5,2,valid,3.9,"₹ 5,65,000",565000,Valid,"₹ 84,750",4,Yes,,82.5,valid,6,94,40.4,Active,No,,kajalkumar.emp0913@examplecorp.in,-6545966041,26-Aug-26
EMP0914,Karan Iyer,Male,36,Legal,Contract Specialist,L2,Ananya Rao,Chennai,Tamil Nadu,MBA,Permanent,Remote,14-Jun-22,2022,6,4,valid,9.3,"₹ 9,45,000",945000,Valid,"₹ 56,700",3,No,24-Feb-25,81.1,valid,29,55,5.8,Active,No,,karaniyer.emp0914@examplecorp.in,-9605211040,26-Aug-26
EMP0915,Aman Nair,Male,30,Legal,Contract Specialist,L2,Ananya Rao,Mumbai,Maharashtra,Master's,Contract,Hybrid,04-Sep-25,2025,9,1,valid,4.9,"₹ 9,00,000",900000,Valid,"₹ 90,000",3,No,,77.1,valid,14,21,35.6,Active,No,,amannair.emp0915@examplecorp.in,-9439693836,26-Aug-26
EMP0916,Akash Mishra,Male,34,Legal,Corporate Counsel,L5,Ananya Rao,Bangalore,Karnataka,Bachelor's,Permanent,Office,06-Feb-22,2022,2,4,valid,11.8,"₹ 12,95,000",1295000,Valid,"₹ 1,03,600",3,No,,94.5,valid,12,54,15.2,Active,No,,akashmishra.emp0916@examplecorp.in,-6859807666,26-Aug-26
EMP0917,Suresh Sharma,Male,37,Marketing,Brand Manager,L5,Rahul Iyer,Pune,Maharashtra,MBA,Permanent,Office,10-Nov-18,2018,11,7,valid,11.9,"₹ 12,50,000",1250000,Valid,"₹ 62,500",4,Yes,12-Mar-20,86.5,valid,4,58,32.5,Active,No,,sureshsharma.emp0917@examplecorp.in,-6347939741,26-Aug-26
EMP0918,Akash Varma,Male,33,Finance,Finance Manager,L5,Vikram Shah,Chennai,Tamil Nadu,High School,Permanent,Remote,18-May-22,2022,5,4,valid,7.6,"₹ 13,55,000",1355000,Valid,"₹ 2,03,250",4,Yes,,94.8,valid,3,66,28.8,Active,No,,akashvarma.emp0918@examplecorp.in,-6865687412,26-Aug-26
EMP0919,Akash Roy,Male,29,Marketing,Content Strategist,L1,Rahul Iyer,Ahmedabad,Gujarat,Master's,Permanent,Remote,28-Feb-24,2024,2,2,valid,5.7,"₹ 8,75,000",875000,Valid,"₹ 1,48,750",5,Yes,,95.3,valid,28,95,13.8,Active,No,,akashroy.emp0919@examplecorp.in,-9489418984,26-Aug-26
EMP0920,Aditi Kumar,Female,33,Legal,Compliance Analyst,L1,Ananya Rao,Coimbatore,Tamil Nadu,High School,Permanent,Hybrid,02-Mar-21,2021,3,5,valid,6.5,"₹ 11,40,000",1140000,Valid,"₹ 1,14,000",4,Yes,,99.2,valid,23,26,14.2,Active,No,,aditikumar.emp0920@examplecorp.in,-6732842248,26-Aug-26
EMP0921,Vaishnavi Chandra,Female,37,IT,Software Engineer,L2,Arjun Mehta,Kolkata,West Bengal,MBA,Permanent,Hybrid,24-Jan-20,2020,1,6,valid,11.1,"₹ 7,55,000",755000,Valid,"₹ 60,400",3,No,,100,valid,23,36,31.5,Active,No,,vaishnavichandra.emp0921@examplecorp.in,-7493448629,26-Aug-26
EMP0922,Ankit Varma,Male,35,Customer Support,Customer Support Executive,L1,Rohit Bhatia,Bangalore,Karnataka,Bachelor's,Permanent,Office,12-Oct-22,2022,10,3,valid,7.2,"₹ 3,80,000",380000,Valid,"₹ 49,400",2,No,,95.7,valid,4,23,30.4,Active,No,,ankitvarma.emp0922@examplecorp.in,-7158691404,26-Aug-26
EMP0923,Aadhya Agarwal,Female,34,Marketing,Brand Manager,L4,Rahul Iyer,Hyderabad,Telangana,High School,Contract,Hybrid,28-Jun-20,2020,6,6,valid,6.6,"₹ 8,50,000",850000,Valid,"₹ 1,10,500",3,No,,78.6,valid,6,41,3.5,Active,No,,aadhyaagarwal.emp0923@examplecorp.in,-8156875114,26-Aug-26
EMP0924,Shivam Tripathi,Male,30,HR,Learning & Development Specialist,L2,Priya Nair,Kolkata,West Bengal,PhD,Permanent,Remote,14-Dec-23,2023,12,2,valid,3,"₹ 8,00,000",800000,Valid,"₹ 72,000",4,No,02-Jun-26,86.9,valid,12,79,19,Active,No,,shivamtripathi.emp0924@examplecorp.in,-7872382107,26-Aug-26
EMP0925,Komal Singh,Female,24,Sales,Sales Operations Analyst,L1,Neha Kapoor,Coimbatore,Tamil Nadu,Bachelor's,Permanent,Hybrid,01-Jun-26,2026,6,0,valid,0.2,"₹ 9,90,000",990000,Valid,"₹ 99,000",3,No,,99.3,valid,14,53,17.9,Resigned,Yes,Work-Life Balance,komalsingh.emp0925@examplecorp.in,-8192845604,26-Aug-26
EMP0926,Isha Das,Female,35,Marketing,Marketing Manager,L5,Rahul Iyer,Chennai,Tamil Nadu,MBA,Permanent,Office,03-Apr-20,2020,4,6,valid,13.2,"₹ 18,05,000",1805000,Valid,"₹ 3,42,950",4,Yes,03-Jul-24,96,valid,21,51,32.1,Active,No,,ishadas.emp0926@examplecorp.in,-8883307742,26-Aug-26
EMP0927,Megha Singh,Female,32,Operations,Operations Supervisor,L2,Sanjay Verma,Delhi,Delhi,PhD,Permanent,Hybrid,11-Dec-21,2021,12,4,valid,5.9,"₹ 11,75,000",1175000,Valid,"₹ 1,52,750",3,No,,98.8,valid,6,66,31.3,Active,No,,meghasingh.emp0927@examplecorp.in,-7704485407,26-Aug-26
EMP0928,Deepa Bose,Female,39,Operations,Operations Manager,L5,Sanjay Verma,Delhi,Delhi,Bachelor's,Permanent,Hybrid,09-Nov-18,2018,11,7,valid,16.5,"₹ 19,80,000",1980000,Valid,"₹ 3,56,400",3,No,,91.5,valid,7,81,46.3,Active,No,,deepabose.emp0928@examplecorp.in,-8778503060,26-Aug-26
EMP0929,Swati Shah,Female,31,HR,HR Business Partner,L3,Priya Nair,Noida,Uttar Pradesh,MBA,Permanent,Hybrid,01-Aug-22,2022,8,4,valid,4.1,"₹ 10,90,000",1090000,Valid,"₹ 1,30,800",3,No,04-May-26,80.9,valid,13,19,1.8,Active,No,,swatishah.emp0929@examplecorp.in,-8500521198,26-Aug-26
EMP0930,Ankit Roy,Male,32,Finance,Financial Analyst,L2,Vikram Shah,Chennai,Tamil Nadu,Bachelor's,Permanent,Hybrid,07-Jul-22,2022,7,4,valid,8.8,"₹ 7,10,000",710000,Valid,"₹ 71,000",4,Yes,05-Dec-25,85.1,valid,22,83,15.2,Resigned,Yes,Relocation,ankitroy.emp0930@examplecorp.in,-9914905061,26-Aug-26
EMP0931,Divya Kumar,Female,37,HR,HR Manager,L5,Priya Nair,Mumbai,Maharashtra,Master's,Permanent,Hybrid,10-Jun-21,2021,6,5,valid,11.9,"₹ 17,15,000",1715000,Valid,"₹ 1,02,900",3,No,,97,valid,16,27,25,Active,No,,divyakumar.emp0931@examplecorp.in,-9867486503,26-Aug-26
EMP0932,Shivam Khan,Male,28,IT,Data Analyst,L1,Arjun Mehta,Pune,Maharashtra,High School,Intern,Hybrid,13-Sep-25,2025,9,0,valid,1.1,"₹ 4,15,000",415000,Valid,"₹ 58,100",3,No,,89.6,valid,4,31,63.1,Active,No,,shivamkhan.emp0932@examplecorp.in,-6414744308,26-Aug-26
EMP0933,Arnav Singh,Male,28,HR,HR Business Partner,L3,Priya Nair,Ahmedabad,Gujarat,High School,Permanent,Hybrid,29-May-20,2020,5,6,valid,6.4,"₹ 7,75,000",775000,Valid,"₹ 1,39,500",2,No,07-Aug-22,88.3,valid,24,55,26.2,Active,No,,arnavsingh.emp0933@examplecorp.in,-8253884953,26-Aug-26
EMP0934,Neha Srinivasan,Female,24,Sales,Sales Executive,L1,Neha Kapoor,Noida,Uttar Pradesh,Master's,Permanent,Hybrid,08-Sep-25,2025,9,0,valid,3.1,"₹ 4,65,000",465000,Valid,"₹ 23,250",5,Yes,,84,valid,8,67,38.3,Active,No,,nehasrinivasan.emp0934@examplecorp.in,-6544070459,26-Aug-26
EMP0935,Neha Menon,Female,42,Legal,Legal Executive,L2,Ananya Rao,Mumbai,Maharashtra,Diploma,Permanent,Hybrid,15-Aug-18,2018,8,8,valid,15.7,"₹ 8,25,000",825000,Valid,"₹ 1,23,750",5,Yes,,89.1,valid,29,50,28.2,Active,No,,nehamenon.emp0935@examplecorp.in,-9102135756,26-Aug-26
EMP0936,Shivam Tripathi,Male,28,Admin,Executive Assistant,L1,Kavita Joshi,Hyderabad,Telangana,Master's,Intern,Office,12-Oct-25,2025,10,0,valid,1.1,"₹ 3,15,000",315000,Valid,"₹ 50,400",4,No,,99.7,valid,1,51,42.9,On Notice,No,,shivamtripathi.emp0936@examplecorp.in,-7268653769,26-Aug-26
EMP0937,Priyanka Nair,Female,38,HR,Talent Acquisition Specialist,L2,Priya Nair,Noida,Uttar Pradesh,PhD,Contract,Hybrid,30-Jun-21,2021,6,5,valid,14.9,"₹ 5,85,000",585000,Valid,"₹ 93,600",3,No,,77.2,valid,15,5,38.8,Active,No,,priyankanair.emp0937@examplecorp.in,-6952059243,26-Aug-26
EMP0938,Ankit Srinivasan,Male,32,Customer Support,Customer Support Executive,L2,Rohit Bhatia,Kolkata,West Bengal,Bachelor's,Permanent,Remote,08-Aug-21,2021,8,5,valid,10.4,"₹ 4,45,000",445000,Valid,"₹ 89,000",3,No,,95.4,valid,22,33,13.4,Active,No,,ankitsrinivasan.emp0938@examplecorp.in,-6704767442,26-Aug-26
EMP0939,Neha Patel,Female,31,Finance,Financial Analyst,L2,Vikram Shah,Chennai,Tamil Nadu,Bachelor's,Permanent,Hybrid,28-Jan-21,2021,1,5,valid,7.9,"₹ 7,25,000",725000,Valid,"₹ 43,500",4,Yes,02-Aug-26,84.9,valid,23,59,30.5,Active,No,,nehapatel.emp0939@examplecorp.in,-7602861867,26-Aug-26
EMP0940,Ananya Patel,Female,28,HR,HR Business Partner,L1,Priya Nair,Pune,Maharashtra,Master's,Intern,Office,12-Mar-26,2026,3,0,valid,1.2,"₹ 2,85,000",285000,Valid,"₹ 54,150",5,No,,88.7,valid,18,34,3.5,Active,No,,ananyapatel.emp0940@examplecorp.in,-9280926582,26-Aug-26
EMP0941,Aisha Das,Female,38,Legal,Contract Specialist,L1,Ananya Rao,Ahmedabad,Gujarat,PhD,Permanent,Hybrid,17-Jul-24,2024,7,2,valid,13.1,"₹ 8,05,000",805000,Valid,"₹ 1,04,650",2,No,,82.4,valid,10,49,37.8,Active,No,,aishadas.emp0941@examplecorp.in,-6185183891,26-Aug-26
EMP0942,Akash Reddy,Male,26,Admin,Administration Manager,L1,Kavita Joshi,Hyderabad,Telangana,Master's,Intern,Hybrid,03-Apr-26,2026,4,0,valid,1.4,"₹ 3,10,000",310000,Valid,"₹ 49,600",2,No,,82,valid,16,47,0.5,Active,No,,akashreddy.emp0942@examplecorp.in,-8148891050,26-Aug-26
EMP0943,Siddharth Menon,Male,27,Marketing,Brand Manager,L5,Rahul Iyer,Noida,Uttar Pradesh,Master's,Permanent,Office,16-Jun-25,2025,6,1,valid,4.3,"₹ 13,35,000",1335000,Valid,"₹ 2,26,950",2,No,,78,valid,16,30,21.7,Active,No,,siddharthmenon.emp0943@examplecorp.in,-7173264369,26-Aug-26
EMP0944,Megha Sharma,Female,35,R&D,Research Engineer,L2,Dr. Meera Krishnan,Kolkata,West Bengal,Master's,Contract,Hybrid,17-Dec-24,2024,12,1,valid,11.2,"₹ 10,55,000",1055000,Valid,"₹ 1,58,250",5,No,,92,valid,7,15,16,Active,No,,meghasharma.emp0944@examplecorp.in,-9849188252,26-Aug-26
EMP0945,Swati Srinivasan,Female,39,Legal,Legal Manager,L4,Ananya Rao,Pune,Maharashtra,Bachelor's,Permanent,Hybrid,02-Jan-21,2021,1,5,valid,16.8,"₹ 19,10,000",1910000,Valid,"₹ 1,91,000",1,No,,86.8,valid,3,100,11.3,Resigned,Yes,Personal Reasons,swatisrinivasan.emp0945@examplecorp.in,-6881425283,26-Aug-26
EMP0946,Rishabh Rao,Male,39,Customer Support,Customer Success Manager,L5,Rohit Bhatia,Ahmedabad,Gujarat,Bachelor's,Permanent,Hybrid,06-May-18,2018,5,8,valid,17.1,"₹ 10,70,000",1070000,Valid,"₹ 85,600",4,Yes,13-Sep-24,94.3,valid,1,49,68.9,Active,No,,rishabhrao.emp0946@examplecorp.in,-8784970401,26-Aug-26
EMP0947,Vivek Rao,Male,40,R&D,R&D Manager,L4,Dr. Meera Krishnan,Coimbatore,Tamil Nadu,Bachelor's,Contract,Remote,01-Dec-18,2018,12,7,valid,13.9,"₹ 15,90,000",1590000,Valid,"₹ 1,11,300",3,No,,85.1,valid,7,15,37.4,Active,No,,vivekrao.emp0947@examplecorp.in,-7867484358,26-Aug-26
EMP0948,Nikhil Rao,Male,29,Sales,Key Account Manager,L5,Neha Kapoor,Delhi,Delhi,Diploma,Permanent,Hybrid,08-May-25,2025,5,1,valid,2.2,"₹ 13,85,000",1385000,Valid,"₹ 2,35,450",4,Yes,,88.6,valid,27,30,64.1,Active,No,,nikhilrao.emp0948@examplecorp.in,-9745548128,26-Aug-26
EMP0949,Neha Nair,Female,39,IT,Senior Software Engineer,L3,Arjun Mehta,Delhi,Delhi,MBA,Permanent,Hybrid,06-Jul-22,2022,7,4,valid,12.7,"₹ 11,40,000",1140000,Valid,"₹ 79,800",5,Yes,04-Jan-25,97.3,valid,22,82,30.3,Resigned,Yes,Performance Separation,nehanair.emp0949@examplecorp.in,-8701203492,26-Aug-26
EMP0950,Simran Mishra,Female,30,HR,Learning & Development Specialist,L2,Priya Nair,Hyderabad,Telangana,MBA,Contract,Hybrid,16-Oct-25,2025,10,0,valid,4.2,"₹ 6,15,000",615000,Valid,"₹ 43,050",4,No,,77.3,valid,14,19,35.6,Active,No,,simranmishra.emp0950@examplecorp.in,-7684979106,26-Aug-26
EMP0951,Ananya Jain,Female,31,Admin,Facilities Executive,L2,Kavita Joshi,Kolkata,West Bengal,Diploma,Contract,Hybrid,17-Jul-18,2018,7,8,valid,9.1,"₹ 4,20,000",420000,Valid,"₹ 50,400",5,No,,81.9,valid,2,11,37.1,Active,No,,ananyajain.emp0951@examplecorp.in,-7311774090,26-Aug-26
EMP0952,Gaurav Chatterjee,Male,32,Customer Support,Customer Support Manager,L4,Rohit Bhatia,Pune,Maharashtra,PhD,Permanent,Office,30-Dec-20,2020,12,5,valid,5.4,"₹ 13,65,000",1365000,Valid,"₹ 1,09,200",4,Yes,21-Nov-22,93,valid,15,33,48.5,Active,No,,gauravchatterjee.emp0952@examplecorp.in,-8476449880,26-Aug-26
EMP0953,Saurabh Rao,Male,36,Marketing,Digital Marketing Specialist,L2,Rahul Iyer,Bangalore,Karnataka,High School,Permanent,Hybrid,15-Mar-24,2024,3,2,valid,8.5,"₹ 5,35,000",535000,Valid,"₹ 69,550",3,No,,75.3,valid,2,26,41.8,Active,No,,saurabhrao.emp0953@examplecorp.in,-7584748372,26-Aug-26
EMP0954,Shreya Nair,Female,27,Operations,Supply Chain Analyst,L1,Sanjay Verma,Delhi,Delhi,Master's,Contract,Hybrid,27-Oct-20,2020,10,5,valid,6.3,"₹ 4,80,000",480000,Valid,"₹ 62,400",5,No,,98.1,valid,14,52,67.8,Resigned,Yes,Work-Life Balance,shreyanair.emp0954@examplecorp.in,-7761793787,26-Aug-26
EMP0955,Rajesh Gupta,Male,32,Marketing,Digital Marketing Specialist,L2,Rahul Iyer,Coimbatore,Tamil Nadu,Bachelor's,Permanent,Hybrid,06-Jun-23,2023,6,3,valid,9.8,"₹ 6,40,000",640000,Valid,"₹ 70,400",2,No,15-May-25,89.1,valid,2,22,22.2,Active,No,,rajeshgupta.emp0955@examplecorp.in,-7962180439,26-Aug-26
EMP0956,Ashish Shah,Male,35,Marketing,Brand Manager,L5,Rahul Iyer,Pune,Maharashtra,Bachelor's,Contract,Office,11-Mar-24,2024,3,2,valid,11.3,"₹ 13,05,000",1305000,Valid,"₹ 2,47,950",2,No,,79.5,valid,6,21,36.4,Resigned,Yes,Relocation,ashishshah.emp0956@examplecorp.in,-9916965716,26-Aug-26
EMP0957,Saurabh Das,Male,34,R&D,Data Scientist,L1,Dr. Meera Krishnan,Mumbai,Maharashtra,High School,Contract,Hybrid,23-May-20,2020,5,6,valid,6.6,"₹ 10,80,000",1080000,Valid,"₹ 1,18,800",1,No,,77.8,valid,3,52,43.8,Active,No,,saurabhdas.emp0957@examplecorp.in,-9699032275,26-Aug-26
EMP0958,Divya Menon,Female,34,Admin,Office Administrator,L1,Kavita Joshi,Mumbai,Maharashtra,Diploma,Permanent,Office,10-Dec-24,2024,12,1,valid,6.3,"₹ 5,40,000",540000,Valid,"₹ 27,000",3,No,,82.8,valid,20,16,38.9,Resigned,Yes,Higher Education,divyamenon.emp0958@examplecorp.in,-6601688964,26-Aug-26
EMP0959,Deepa Agarwal,Female,33,Finance,Financial Analyst,L2,Vikram Shah,Hyderabad,Telangana,Master's,Permanent,Hybrid,06-Sep-21,2021,9,5,valid,12.1,"₹ 11,45,000",1145000,Valid,"₹ 2,06,100",3,No,,94.9,valid,0,38,8.6,Active,No,,deepaagarwal.emp0959@examplecorp.in,-8277719117,26-Aug-26
EMP0960,Simran Varma,Female,35,Customer Support,Customer Support Executive,L1,Rohit Bhatia,Ahmedabad,Gujarat,Diploma,Permanent,Hybrid,14-Apr-24,2024,4,2,valid,12.9,"₹ 5,20,000",520000,Valid,"₹ 26,000",4,Yes,,84.3,valid,5,42,6.3,Active,No,,simranvarma.emp0960@examplecorp.in,-7207018120,26-Aug-26
EMP0961,Aditya Shah,Male,45,Finance,Tax Specialist,L1,Vikram Shah,Mumbai,Maharashtra,High School,Permanent,Hybrid,13-May-19,2019,5,7,valid,16.8,"₹ 7,95,000",795000,Valid,"₹ 71,550",2,No,09-Jan-22,92.7,valid,19,87,14,On Notice,No,,adityashah.emp0961@examplecorp.in,-8742110303,26-Aug-26
EMP0962,Ankit Menon,Male,37,Admin,Administrative Assistant,L1,Kavita Joshi,Pune,Maharashtra,MBA,Permanent,Hybrid,29-Aug-22,2022,8,4,valid,9.4,"₹ 5,25,000",525000,Valid,"₹ 36,750",4,Yes,,82.2,valid,14,19,10,Active,No,,ankitmenon.emp0962@examplecorp.in,-6827923742,26-Aug-26
EMP0963,Vivek Agarwal,Male,34,HR,HR Business Partner,L3,Priya Nair,Hyderabad,Telangana,PhD,Contract,Remote,04-Apr-22,2022,4,4,valid,7.5,"₹ 6,60,000",660000,Valid,"₹ 66,000",5,No,,78,valid,8,27,32.7,Active,No,,vivekagarwal.emp0963@examplecorp.in,-9716606705,26-Aug-26
EMP0964,Divya Nair,Female,28,Customer Support,Technical Support Specialist,L1,Rohit Bhatia,Bangalore,Karnataka,MBA,Intern,Remote,25-Mar-26,2026,3,0,valid,0.7,"₹ 2,55,000",255000,Valid,"₹ 22,950",5,No,,99.2,valid,8,6,59.2,Active,No,,divyanair.emp0964@examplecorp.in,-8606158148,26-Aug-26
EMP0965,Aisha Banerjee,Female,28,Legal,Legal Manager,L1,Ananya Rao,Kolkata,West Bengal,Bachelor's,Intern,Hybrid,06-May-26,2026,5,0,valid,0.7,"₹ 3,60,000",360000,Valid,"₹ 21,600",3,No,,99.6,valid,5,8,24.8,On Notice,No,,aishabanerjee.emp0965@examplecorp.in,-9217200095,26-Aug-26
EMP0966,Komal Desai,Female,36,Marketing,Marketing Manager,L5,Rahul Iyer,Coimbatore,Tamil Nadu,PhD,Contract,Office,30-Nov-19,2019,11,6,valid,11.6,"₹ 17,30,000",1730000,Valid,"₹ 86,500",4,No,,89.4,valid,14,38,2.4,Active,No,,komaldesai.emp0966@examplecorp.in,-7489056439,26-Aug-26
EMP0967,Nandini Kumar,Female,25,IT,Senior Software Engineer,L3,Arjun Mehta,Bangalore,Karnataka,Master's,Permanent,Hybrid,24-Oct-25,2025,10,0,valid,0.6,"₹ 17,80,000",1780000,Valid,"₹ 2,84,800",5,No,,89.9,valid,18,81,7.5,Active,No,,nandinikumar.emp0967@examplecorp.in,-6561249247,26-Aug-26
EMP0968,Swati Das,Female,43,Admin,Executive Assistant,L1,Kavita Joshi,Delhi,Delhi,Bachelor's,Permanent,Remote,26-Jul-19,2019,7,7,valid,16,"₹ 6,35,000",635000,Valid,"₹ 88,900",3,No,,82,valid,0,46,15.9,Active,No,,swatidas.emp0968@examplecorp.in,-7654159223,26-Aug-26
EMP0969,Shivam Srinivasan,Male,28,IT,Software Engineer,L1,Arjun Mehta,Chennai,Tamil Nadu,MBA,Intern,Hybrid,15-Aug-25,2025,8,1,valid,1.1,"₹ 3,30,000",330000,Valid,"₹ 16,500",3,No,,86,valid,7,37,15.2,Active,No,,shivamsrinivasan.emp0969@examplecorp.in,-7800812672,26-Aug-26
EMP0970,Tanvi Sharma,Female,41,Sales,Sales Executive,L1,Neha Kapoor,Pune,Maharashtra,Master's,Permanent,Hybrid,16-May-18,2018,5,8,valid,16.1,"₹ 5,95,000",595000,Valid,"₹ 71,400",4,Yes,18-Apr-21,94.8,valid,22,41,4.4,Active,No,,tanvisharma.emp0970@examplecorp.in,-7356384217,26-Aug-26
EMP0971,Suresh Jain,Male,28,R&D,Data Scientist,L1,Dr. Meera Krishnan,Kolkata,West Bengal,Diploma,Contract,Office,13-Oct-21,2021,10,4,valid,6.9,"₹ 10,95,000",1095000,Valid,"₹ 1,31,400",4,No,,92.5,valid,10,37,30,Active,No,,sureshjain.emp0971@examplecorp.in,-6862855447,26-Aug-26
EMP0972,Sneha Shah,Female,36,Marketing,Digital Marketing Specialist,L2,Rahul Iyer,Mumbai,Maharashtra,Bachelor's,Permanent,Remote,21-Nov-23,2023,11,2,valid,9.3,"₹ 8,90,000",890000,Valid,"₹ 44,500",2,No,26-May-25,90.5,valid,13,94,2.5,Resigned,Yes,Work-Life Balance,snehashah.emp0972@examplecorp.in,-6472288915,26-Aug-26
EMP0973,Suresh Banerjee,Male,35,Customer Support,Technical Support Specialist,L1,Rohit Bhatia,Hyderabad,Telangana,High School,Permanent,Remote,26-Sep-18,2018,9,7,valid,8.4,"₹ 6,40,000",640000,Valid,"₹ 89,600",5,Yes,02-Jun-23,83.4,valid,26,78,45.9,Active,No,,sureshbanerjee.emp0973@examplecorp.in,-7986670468,26-Aug-26
EMP0974,Suresh Patel,Male,34,Finance,Financial Analyst,L2,Vikram Shah,Chennai,Tamil Nadu,Diploma,Permanent,Office,21-Jun-23,2023,6,3,valid,9.9,"₹ 9,85,000",985000,Valid,"₹ 1,28,050",2,No,,76.2,valid,27,91,31.5,Active,No,,sureshpatel.emp0974@examplecorp.in,-7766022291,26-Aug-26
EMP0975,Aisha Chatterjee,Female,29,HR,Talent Acquisition Specialist,L1,Priya Nair,Ahmedabad,Gujarat,High School,Contract,Hybrid,29-Oct-21,2021,10,4,valid,7.8,"₹ 5,20,000",520000,Valid,"₹ 93,600",4,No,,82.1,valid,9,18,14.9,Active,No,,aishachatterjee.emp0975@examplecorp.in,-8253812653,26-Aug-26
EMP0976,Pranav Jain,Male,39,Operations,Operations Supervisor,L2,Sanjay Verma,Hyderabad,Telangana,MBA,Permanent,Office,13-May-22,2022,5,4,valid,15.8,"₹ 6,65,000",665000,Valid,"₹ 1,26,350",3,No,,75.9,valid,0,95,11.2,Active,No,,pranavjain.emp0976@examplecorp.in,-9549463930,26-Aug-26
EMP0977,Nandini Kapoor,Female,30,Admin,Administrative Assistant,L1,Kavita Joshi,Mumbai,Maharashtra,MBA,Permanent,Office,13-Mar-20,2020,3,6,valid,8.9,"₹ 3,85,000",385000,Valid,"₹ 42,350",3,No,,95.1,valid,24,41,22.5,Active,No,,nandinikapoor.emp0977@examplecorp.in,-9534392350,26-Aug-26
EMP0978,Shivam Srinivasan,Male,34,Legal,Compliance Analyst,L2,Ananya Rao,Kolkata,West Bengal,Bachelor's,Permanent,Office,09-Nov-20,2020,11,5,valid,6.3,"₹ 11,00,000",1100000,Valid,"₹ 1,10,000",3,No,,91,valid,1,33,4.8,Active,No,,shivamsrinivasan.emp0978@examplecorp.in,-9491002647,26-Aug-26
EMP0979,Karan Nair,Male,30,Operations,Process Excellence Analyst,L1,Sanjay Verma,Chennai,Tamil Nadu,Bachelor's,Permanent,Hybrid,31-Dec-23,2023,12,2,valid,2.7,"₹ 11,50,000",1150000,Valid,"₹ 1,61,000",4,Yes,19-Apr-26,94.3,valid,23,28,52.5,Active,No,,karannair.emp0979@examplecorp.in,-9732800422,26-Aug-26
EMP0980,Sneha Das,Female,40,Legal,Corporate Counsel,L4,Ananya Rao,Hyderabad,Telangana,Bachelor's,Permanent,Remote,29-Aug-21,2021,8,5,valid,16.8,"₹ 17,30,000",1730000,Valid,"₹ 2,24,900",3,No,,87.5,valid,18,51,25.1,Resigned,Yes,Personal Reasons,snehadas.emp0980@examplecorp.in,-7158449863,26-Aug-26
EMP0981,Siddharth Nair,Male,44,R&D,R&D Manager,L4,Dr. Meera Krishnan,Coimbatore,Tamil Nadu,Diploma,Permanent,Hybrid,27-Jun-19,2019,6,7,valid,18.3,"₹ 19,90,000",1990000,Valid,"₹ 3,18,400",3,No,,99.3,valid,28,15,29.2,Active,No,,siddharthnair.emp0981@examplecorp.in,-6459043961,26-Aug-26
EMP0982,Amit Menon,Male,32,Customer Support,Customer Success Manager,L4,Rohit Bhatia,Pune,Maharashtra,MBA,Permanent,Hybrid,02-Oct-23,2023,10,2,valid,4.6,"₹ 9,05,000",905000,Valid,"₹ 1,17,650",4,Yes,17-Apr-26,96.6,valid,9,71,45.1,Active,No,,amitmenon.emp0982@examplecorp.in,-6687914906,26-Aug-26
EMP0983,Pranav Nair,Male,34,IT,Data Analyst,L1,Arjun Mehta,Ahmedabad,Gujarat,Master's,Permanent,Office,08-May-21,2021,5,5,valid,8.1,"₹ 11,15,000",1115000,Valid,"₹ 2,23,000",4,Yes,07-Jun-26,81.8,valid,23,14,36.3,Active,No,,pranavnair.emp0983@examplecorp.in,-9625202265,26-Aug-26
EMP0984,Ankit Iyer,Male,28,Marketing,Content Strategist,L2,Rahul Iyer,Ahmedabad,Gujarat,MBA,Permanent,Hybrid,07-Jan-24,2024,1,2,valid,4.7,"₹ 5,95,000",595000,Valid,"₹ 47,600",5,Yes,05-Feb-26,98.2,valid,5,82,8.4,Active,No,,ankitiyer.emp0984@examplecorp.in,-8469850411,26-Aug-26
EMP0985,Akash Kapoor,Male,40,Operations,Operations Executive,L1,Sanjay Verma,Chennai,Tamil Nadu,High School,Contract,Remote,15-Mar-19,2019,3,7,valid,17,"₹ 6,40,000",640000,Valid,"₹ 70,400",1,No,,82.5,valid,3,55,27.3,Active,No,,akashkapoor.emp0985@examplecorp.in,-7230646030,26-Aug-26
EMP0986,Pallavi Das,Female,30,Legal,Contract Specialist,L2,Ananya Rao,Delhi,Delhi,High School,Permanent,Hybrid,14-Nov-23,2023,11,2,valid,2.5,"₹ 10,10,000",1010000,Valid,"₹ 1,11,100",5,No,20-Sep-25,92.9,valid,18,18,0,Resigned,Yes,Performance Separation,pallavidas.emp0986@examplecorp.in,-9145483078,26-Aug-26
EMP0987,Suresh Kapoor,Male,36,Legal,Compliance Analyst,L1,Ananya Rao,Mumbai,Maharashtra,High School,Permanent,Remote,15-May-24,2024,5,2,valid,9.7,"₹ 10,85,000",1085000,Valid,"₹ 1,51,900",4,No,15-Nov-25,87,valid,5,61,23.8,Active,No,,sureshkapoor.emp0987@examplecorp.in,-6637075648,26-Aug-26
EMP0988,Shreya Desai,Female,40,Sales,Key Account Manager,L4,Neha Kapoor,Chennai,Tamil Nadu,Master's,Permanent,Office,23-Apr-24,2024,4,2,valid,13.5,"₹ 9,00,000",900000,Valid,"₹ 1,44,000",2,No,,85.4,valid,2,49,28.7,Active,No,,shreyadesai.emp0988@examplecorp.in,-7886638793,26-Aug-26
EMP0989,Sneha Bose,Female,35,Finance,Accountant,L1,Vikram Shah,Noida,Uttar Pradesh,Diploma,Contract,Office,23-Sep-22,2022,9,3,valid,12.4,"₹ 5,35,000",535000,Valid,"₹ 85,600",5,No,,88.2,valid,8,37,25.2,Active,No,,snehabose.emp0989@examplecorp.in,-6343575342,26-Aug-26
EMP0990,Amit Srinivasan,Male,33,IT,Software Engineer,L2,Arjun Mehta,Chennai,Tamil Nadu,Master's,Permanent,Hybrid,13-Aug-19,2019,8,7,valid,9,"₹ 12,00,000",1200000,Valid,"₹ 1,08,000",3,No,,76.6,valid,2,92,32.7,Active,No,,amitsrinivasan.emp0990@examplecorp.in,-8577130118,26-Aug-26
EMP0991,Priyanka Agarwal,Female,44,HR,HR Executive,L1,Priya Nair,Kolkata,West Bengal,High School,Contract,Hybrid,28-Oct-19,2019,10,6,valid,18,"₹ 5,70,000",570000,Valid,"₹ 85,500",5,No,,94.8,valid,14,50,18.5,Resigned,Yes,Work-Life Balance,priyankaagarwal.emp0991@examplecorp.in,-7490258965,26-Aug-26
EMP0992,Shivam Das,Male,28,Operations,Operations Executive,L1,Sanjay Verma,Bangalore,Karnataka,Bachelor's,Intern,Office,19-Jan-26,2026,1,0,valid,0.9,"₹ 4,05,000",405000,Valid,"₹ 81,000",4,No,,78.6,valid,4,24,67.9,Active,No,,shivamdas.emp0992@examplecorp.in,-7528185658,26-Aug-26
EMP0993,Radhika Khan,Female,41,Sales,Key Account Manager,L5,Neha Kapoor,Bangalore,Karnataka,Diploma,Permanent,Hybrid,19-Jun-22,2022,6,4,valid,16,"₹ 11,30,000",1130000,Valid,"₹ 1,35,600",4,Yes,12-Apr-26,89.4,valid,6,81,52.3,Active,No,,radhikakhan.emp0993@examplecorp.in,-6803345600,26-Aug-26
EMP0994,Nandini Gupta,Female,34,Operations,Operations Executive,L1,Sanjay Verma,Coimbatore,Tamil Nadu,Diploma,Permanent,Hybrid,15-Aug-22,2022,8,4,valid,9.5,"₹ 5,70,000",570000,Valid,"₹ 96,900",5,Yes,15-Jul-24,86.5,valid,29,24,25.7,Active,No,,nandinigupta.emp0994@examplecorp.in,-8862367350,26-Aug-26
EMP0995,Ananya Roy,Female,33,Legal,Corporate Counsel,L4,Ananya Rao,Mumbai,Maharashtra,Bachelor's,Permanent,Hybrid,05-Feb-22,2022,2,4,valid,8.1,"₹ 15,35,000",1535000,Valid,"₹ 1,07,450",3,No,,84.7,valid,20,12,13.7,Active,No,,ananyaroy.emp0995@examplecorp.in,-9532901287,26-Aug-26
EMP0996,Mohit Gupta,Male,41,IT,Software Engineer,L1,Arjun Mehta,Bangalore,Karnataka,Master's,Contract,Hybrid,20-Oct-18,2018,10,7,valid,18.5,"₹ 9,40,000",940000,Valid,"₹ 1,78,600",4,No,,88.5,valid,3,43,66.4,Resigned,Yes,Compensation,mohitgupta.emp0996@examplecorp.in,-6957152654,26-Aug-26
EMP0997,Aman Desai,Male,29,Sales,Sales Operations Analyst,L2,Neha Kapoor,Noida,Uttar Pradesh,Master's,Permanent,Office,16-Jan-21,2021,1,5,valid,5.5,"₹ 7,65,000",765000,Valid,"₹ 1,37,700",3,No,31-Jan-22,89.8,valid,12,12,11.1,Active,No,,amandesai.emp0997@examplecorp.in,-8927214704,26-Aug-26
EMP0998,Mohit Rao,Male,31,Admin,Facilities Executive,L2,Kavita Joshi,Ahmedabad,Gujarat,Bachelor's,Permanent,Hybrid,24-Oct-21,2021,10,4,valid,5.8,"₹ 3,95,000",395000,Valid,"₹ 31,600",4,No,18-Oct-24,95.2,valid,9,40,22.1,On Notice,No,,mohitrao.emp0998@examplecorp.in,-7871246888,26-Aug-26
EMP0999,Shreya Srinivasan,Female,28,Legal,Compliance Analyst,L2,Ananya Rao,Kolkata,West Bengal,Master's,Permanent,Hybrid,14-Apr-22,2022,4,4,valid,6.3,"₹ 6,25,000",625000,Valid,"₹ 75,000",4,No,,79.8,valid,2,33,36.8,Active,No,,shreyasrinivasan.emp0999@examplecorp.in,-7597311714,26-Aug-26
EMP1000,Manish Varma,Male,28,Sales,Sales Manager,L5,Neha Kapoor,Pune,Maharashtra,MBA,Permanent,Office,03-Mar-25,2025,3,1,valid,4.6,"₹ 15,75,000",1575000,Valid,"₹ 78,750",4,Yes,,97.4,valid,21,65,12.2,Active,No,,manishvarma.emp1000@examplecorp.in,-9538338105,26-Aug-26
